City,Temperature,timestamp
Paris,32.5,2026-03-27 10:59:22.240471
New York,23.3,2026-06-12 10:59:22.240487
New York,28.1,2026-04-16 10:59:22.240493
Paris,19.1,2025-08-09 10:59:22.240497
Sydney,31.6,2026-04-25 10:59:22.240500
Sydney,17.3,2026-05-04 10:59:22.240502
London,31.3,2025-11-18 10:59:22.240505
New York,22.9,2026-03-30 10:59:22.240507
Paris,18.4,2025-07-18 10:59:22.240509
Sydney,19.0,2026-01-11 10:59:22.240512
Tokyo,31.7,2026-03-12 10:59:22.240514
Tokyo,12.0,2026-04-22 10:59:22.240516
London,19.0,2025-11-08 10:59:22.240518
New York,14.5,2026-06-12 10:59:22.240520
Sydney,14.3,2026-04-09 10:59:22.240523
New York,34.1,2025-09-02 10:59:22.240525
Tokyo,24.7,2025-07-16 10:59:22.240527
London,28.0,2025-07-04 10:59:22.240529
Tokyo,20.3,2026-01-27 10:59:22.240531
Paris,28.4,2026-02-16 10:59:22.240533
New York,16.3,2026-03-20 10:59:22.240535
Paris,28.6,2025-12-21 10:59:22.240537
Sydney,22.4,2025-09-16 10:59:22.240539
Paris,23.3,2025-08-19 10:59:22.240541
Paris,10.9,2026-03-08 10:59:22.240543
Paris,27.9,2026-01-22 10:59:22.240545
Sydney,33.2,2025-07-11 10:59:22.240548
Paris,22.6,2026-05-23 10:59:22.240550
London,34.0,2026-04-29 10:59:22.240552
Sydney,19.7,2026-02-19 10:59:22.240554
London,12.6,2025-09-01 10:59:22.240556
London,12.9,2025-10-10 10:59:22.240558
Paris,32.9,2025-09-14 10:59:22.240560
Paris,27.7,2025-09-05 10:59:22.240562
Paris,13.0,2026-02-21 10:59:22.240564
Tokyo,23.8,2026-05-15 10:59:22.240566
Sydney,31.0,2025-10-15 10:59:22.240568
Tokyo,24.6,2025-07-18 10:59:22.240570
Tokyo,13.6,2025-10-31 10:59:22.240572
Sydney,13.4,2025-11-19 10:59:22.240574
New York,13.6,2025-10-15 10:59:22.240577
Sydney,27.0,2025-11-29 10:59:22.240579
Tokyo,29.7,2026-02-04 10:59:22.240581
Sydney,12.5,2026-04-17 10:59:22.240583
London,24.9,2026-03-08 10:59:22.240585
New York,19.4,2026-02-15 10:59:22.240587
London,19.7,2025-11-08 10:59:22.240589
Paris,33.6,2025-08-05 10:59:22.240591
Tokyo,20.4,2025-09-18 10:59:22.240593
Tokyo,25.9,2026-02-22 10:59:22.240595
Sydney,31.7,2026-03-16 10:59:22.240597
Tokyo,15.7,2026-05-13 10:59:22.240599
Sydney,19.0,2026-02-15 10:59:22.240601
Sydney,21.7,2026-03-19 10:59:22.240603
Paris,25.7,2025-08-07 10:59:22.240614
New York,33.3,2025-09-11 10:59:22.240616
Sydney,27.2,2026-06-25 10:59:22.240618
Sydney,20.1,2025-12-25 10:59:22.240620
London,13.0,2025-12-10 10:59:22.240622
New York,23.5,2026-03-16 10:59:22.240624
London,12.3,2026-01-21 10:59:22.240626
London,26.7,2025-11-29 10:59:22.240628
Paris,24.5,2026-02-01 10:59:22.240630
Paris,24.5,2026-05-30 10:59:22.240632
Tokyo,34.1,2025-09-22 10:59:22.240635
London,29.8,2026-04-17 10:59:22.240637
New York,10.5,2025-12-12 10:59:22.240639
Paris,15.6,2025-09-12 10:59:22.240641
London,33.3,2025-12-08 10:59:22.240643
New York,32.8,2025-10-10 10:59:22.240645
Tokyo,30.3,2025-08-30 10:59:22.240647
London,17.4,2026-05-18 10:59:22.240649
Paris,20.3,2025-11-07 10:59:22.240651
Sydney,23.1,2026-05-02 10:59:22.240653
London,17.4,2026-01-02 10:59:22.240655
Paris,17.2,2025-11-12 10:59:22.240657
Tokyo,14.4,2025-09-09 10:59:22.240659
Paris,13.7,2025-09-10 10:59:22.240662
Sydney,17.5,2025-11-09 10:59:22.240664
London,21.1,2025-09-10 10:59:22.240665
Tokyo,27.7,2025-10-23 10:59:22.240667
Paris,16.5,2026-06-26 10:59:22.240669
London,27.5,2026-04-28 10:59:22.240671
Sydney,11.1,2026-01-31 10:59:22.240673
London,10.1,2025-08-30 10:59:22.240675
New York,24.5,2026-04-24 10:59:22.240678
Sydney,23.3,2026-06-11 10:59:22.240680
Tokyo,20.8,2025-10-23 10:59:22.240682
Paris,10.0,2026-05-14 10:59:22.240684
London,13.3,2026-06-26 10:59:22.240686
Sydney,14.5,2026-06-10 10:59:22.240688
London,21.8,2025-10-19 10:59:22.240690
Sydney,32.1,2025-08-20 10:59:22.240692
London,25.6,2026-06-16 10:59:22.240696
London,19.7,2026-06-30 10:59:22.240698
New York,24.7,2026-03-17 10:59:22.240700
New York,19.9,2026-02-03 10:59:22.240702
Sydney,22.7,2025-08-24 10:59:22.240704
Tokyo,16.8,2026-01-28 10:59:22.240706
London,29.5,2025-08-19 10:59:22.240708
Tokyo,14.2,2025-09-13 10:59:22.240710
Paris,22.8,2025-11-08 10:59:22.240712
Tokyo,25.4,2026-01-03 10:59:22.240714
London,23.1,2026-03-13 10:59:22.240716
Paris,15.6,2025-09-15 10:59:22.240718
Paris,21.7,2025-08-24 10:59:22.240720
London,34.8,2026-05-18 10:59:22.240722
Sydney,24.0,2026-06-09 10:59:22.240724
Paris,24.4,2025-11-06 10:59:22.240727
London,25.5,2025-11-14 10:59:22.240729
London,33.6,2026-06-20 10:59:22.240731
London,30.2,2026-03-01 10:59:22.240733
Paris,12.0,2025-11-10 10:59:22.240735
New York,33.5,2026-03-18 10:59:22.240736
Sydney,17.0,2025-10-05 10:59:22.240739
London,11.5,2026-02-12 10:59:22.240741
London,31.0,2026-06-18 10:59:22.240743
Tokyo,27.1,2025-09-30 10:59:22.240744
New York,17.6,2025-07-08 10:59:22.240747
Tokyo,29.0,2026-04-16 10:59:22.240749
London,25.6,2025-11-25 10:59:22.240752
New York,20.8,2026-02-08 10:59:22.240755
Tokyo,15.9,2026-02-08 10:59:22.240757
Tokyo,15.7,2026-06-28 10:59:22.240759
London,33.5,2025-10-20 10:59:22.240761
Tokyo,11.1,2026-01-08 10:59:22.240763
Paris,31.6,2026-04-05 10:59:22.240765
Sydney,19.0,2025-07-17 10:59:22.240767
New York,18.5,2025-09-15 10:59:22.240770
Paris,22.8,2026-01-22 10:59:22.240772
Sydney,33.1,2026-02-01 10:59:22.240774
London,29.0,2025-12-12 10:59:22.240776
Paris,33.9,2026-06-26 10:59:22.240778
Tokyo,14.1,2026-06-07 10:59:22.240780
New York,12.7,2025-10-13 10:59:22.240782
Tokyo,22.9,2026-05-28 10:59:22.240784
New York,27.9,2025-11-23 10:59:22.240786
Paris,13.2,2026-05-01 10:59:22.240788
New York,27.1,2025-07-26 10:59:22.240790
London,29.4,2025-09-25 10:59:22.240792
Paris,24.5,2025-08-27 10:59:22.240794
London,14.2,2025-08-21 10:59:22.240796
New York,34.5,2025-12-19 10:59:22.240798
Tokyo,27.4,2025-11-21 10:59:22.240800
Tokyo,24.7,2025-11-24 10:59:22.240802
London,13.0,2025-12-20 10:59:22.240804
Tokyo,13.4,2026-04-08 10:59:22.240806
London,20.1,2025-12-19 10:59:22.240808
New York,19.2,2026-05-25 10:59:22.240810
Tokyo,11.7,2026-03-08 10:59:22.240812
London,28.9,2026-01-09 10:59:22.240814
Tokyo,13.4,2026-05-31 10:59:22.240816
Paris,13.5,2025-09-11 10:59:22.240818
Sydney,22.7,2026-03-19 10:59:22.240820
Paris,26.8,2025-08-11 10:59:22.240822
Tokyo,32.4,2025-12-02 10:59:22.240824
Sydney,18.6,2025-10-23 10:59:22.240826
London,33.4,2026-06-21 10:59:22.240828
Tokyo,12.9,2026-06-14 10:59:22.240830
London,29.2,2025-07-27 10:59:22.240832
New York,33.1,2026-05-11 10:59:22.240834
New York,28.0,2025-08-08 10:59:22.240836
Tokyo,14.9,2025-10-06 10:59:22.240838
London,28.6,2026-06-11 10:59:22.240840
New York,15.8,2026-03-29 10:59:22.240842
Paris,19.1,2026-06-07 10:59:22.240844
London,19.5,2026-02-05 10:59:22.240846
Sydney,25.9,2025-12-19 10:59:22.240848
Sydney,28.3,2026-03-04 10:59:22.240850
Sydney,11.2,2026-07-01 10:59:22.240852
London,15.9,2026-01-30 10:59:22.240854
Tokyo,23.0,2025-09-13 10:59:22.240856
London,33.7,2026-04-24 10:59:22.240858
Sydney,21.0,2025-09-16 10:59:22.240860
New York,19.7,2025-11-25 10:59:22.240862
New York,11.5,2026-03-15 10:59:22.240864
London,24.7,2026-05-31 10:59:22.240866
London,21.2,2026-06-12 10:59:22.240868
Paris,24.8,2026-01-30 10:59:22.240870
Sydney,14.9,2025-08-01 10:59:22.240872
Paris,20.6,2026-05-22 10:59:22.240874
Paris,17.3,2026-06-15 10:59:22.240876
Tokyo,33.4,2026-05-06 10:59:22.240878
Paris,11.0,2026-03-09 10:59:22.240880
Paris,31.9,2025-08-30 10:59:22.240882
Tokyo,26.0,2026-01-04 10:59:22.240884
New York,14.7,2025-11-09 10:59:22.240886
Sydney,18.4,2026-01-25 10:59:22.240889
London,22.0,2025-08-15 10:59:22.240891
London,25.9,2025-12-12 10:59:22.240893
Tokyo,21.3,2026-01-15 10:59:22.240895
New York,24.0,2026-04-13 10:59:22.240897
Sydney,24.6,2025-10-14 10:59:22.240899
Paris,22.8,2026-02-19 10:59:22.240901
New York,31.8,2026-05-23 10:59:22.240903
London,29.1,2026-02-15 10:59:22.240905
Tokyo,15.3,2026-02-07 10:59:22.240906
Tokyo,21.9,2026-03-08 10:59:22.240908
New York,26.0,2026-03-03 10:59:22.240910
Sydney,25.4,2025-07-26 10:59:22.240912
London,22.1,2026-06-24 10:59:22.240914
Sydney,22.3,2025-08-20 10:59:22.240916
New York,28.7,2025-08-08 10:59:22.240918
London,17.8,2025-10-08 10:59:22.240921
Sydney,28.2,2026-06-28 10:59:22.240923
Paris,27.8,2025-08-30 10:59:22.241025
New York,11.2,2025-10-12 10:59:22.241029
London,29.1,2026-05-04 10:59:22.241031
New York,30.4,2025-11-04 10:59:22.241033
New York,14.9,2026-02-02 10:59:22.241035
London,34.7,2026-02-12 10:59:22.241037
New York,34.5,2025-07-14 10:59:22.241039
Sydney,31.4,2026-01-04 10:59:22.241041
Tokyo,20.0,2026-02-18 10:59:22.241043
New York,27.7,2026-02-06 10:59:22.241045
London,22.7,2025-08-02 10:59:22.241048
Paris,17.3,2026-01-12 10:59:22.241050
Paris,14.7,2026-01-21 10:59:22.241051
New York,21.2,2026-05-04 10:59:22.241053
Paris,13.2,2026-02-07 10:59:22.241055
London,10.2,2025-08-27 10:59:22.241057
Paris,18.1,2025-11-15 10:59:22.241060
Tokyo,17.6,2026-01-24 10:59:22.241062
London,20.5,2026-05-16 10:59:22.241064
Sydney,25.8,2026-05-17 10:59:22.241065
London,10.2,2025-11-14 10:59:22.241067
Tokyo,11.5,2026-02-02 10:59:22.241069
Sydney,17.1,2026-02-23 10:59:22.241071
Paris,30.9,2025-12-22 10:59:22.241073
Sydney,33.3,2025-10-14 10:59:22.241075
London,14.3,2025-12-23 10:59:22.241077
Sydney,26.2,2026-03-10 10:59:22.241079
New York,19.3,2026-01-04 10:59:22.241081
Sydney,30.8,2026-04-17 10:59:22.241083
New York,11.4,2025-09-13 10:59:22.241085
Paris,28.5,2026-03-06 10:59:22.241087
New York,31.9,2026-03-26 10:59:22.241089
London,27.3,2025-08-04 10:59:22.241091
Tokyo,11.7,2025-10-19 10:59:22.241093
Tokyo,33.1,2025-10-29 10:59:22.241095
Tokyo,23.7,2026-06-25 10:59:22.241097
Tokyo,14.7,2026-02-06 10:59:22.241099
New York,27.7,2026-03-08 10:59:22.241101
Tokyo,21.5,2025-08-24 10:59:22.241103
London,18.0,2025-12-05 10:59:22.241105
London,30.4,2025-08-07 10:59:22.241107
Sydney,12.6,2025-08-22 10:59:22.241109
Sydney,12.8,2026-06-06 10:59:22.241111
London,32.8,2026-02-26 10:59:22.241113
New York,34.6,2025-11-28 10:59:22.241115
Sydney,15.3,2025-12-03 10:59:22.241117
London,23.6,2026-04-29 10:59:22.241119
London,20.6,2026-05-20 10:59:22.241121
Paris,22.9,2025-07-04 10:59:22.241123
Tokyo,10.9,2025-11-25 10:59:22.241125
Sydney,29.2,2025-11-17 10:59:22.241127
Sydney,32.0,2026-05-19 10:59:22.241129
London,28.9,2026-01-19 10:59:22.241131
London,19.9,2026-06-07 10:59:22.241133
Paris,20.7,2026-01-04 10:59:22.241135
Sydney,28.9,2026-01-09 10:59:22.241137
Sydney,30.4,2026-05-30 10:59:22.241139
London,34.0,2025-07-19 10:59:22.241141
London,16.6,2025-10-22 10:59:22.241143
Paris,32.1,2025-12-29 10:59:22.241145
New York,19.5,2026-04-21 10:59:22.241147
London,29.4,2026-05-28 10:59:22.241149
Tokyo,14.3,2025-07-27 10:59:22.241151
London,25.8,2026-01-03 10:59:22.241153
London,15.4,2025-08-14 10:59:22.241155
Tokyo,13.9,2025-07-16 10:59:22.241157
Paris,27.3,2025-09-07 10:59:22.241159
Sydney,25.2,2026-04-19 10:59:22.241161
London,13.5,2025-08-23 10:59:22.241163
London,14.9,2025-10-02 10:59:22.241165
Paris,30.3,2025-09-09 10:59:22.241167
Sydney,20.0,2025-12-20 10:59:22.241169
Tokyo,19.7,2026-06-18 10:59:22.241171
Paris,19.0,2025-12-15 10:59:22.241173
New York,23.3,2026-02-17 10:59:22.241175
Tokyo,13.0,2025-11-17 10:59:22.241177
London,32.3,2025-12-08 10:59:22.241180
Paris,18.7,2026-06-05 10:59:22.241182
Tokyo,28.5,2025-12-31 10:59:22.241184
London,26.3,2026-03-17 10:59:22.241186
Sydney,25.0,2025-10-06 10:59:22.241188
New York,30.1,2025-07-28 10:59:22.241190
Sydney,32.7,2026-02-22 10:59:22.241192
Sydney,31.5,2025-12-14 10:59:22.241194
Tokyo,20.8,2026-03-27 10:59:22.241196
New York,21.4,2026-04-21 10:59:22.241198
Sydney,26.0,2026-02-01 10:59:22.241200
Tokyo,22.0,2026-06-14 10:59:22.241202
Tokyo,31.0,2026-05-10 10:59:22.241203
Paris,34.5,2026-04-21 10:59:22.241205
Paris,16.6,2026-06-05 10:59:22.241207
Tokyo,10.1,2025-09-19 10:59:22.241209
Tokyo,20.0,2025-11-05 10:59:22.241211
London,26.4,2025-08-29 10:59:22.241213
Paris,17.5,2025-09-05 10:59:22.241215
London,23.5,2026-02-18 10:59:22.241218
London,11.6,2026-06-03 10:59:22.241220
Paris,28.0,2026-03-06 10:59:22.241222
London,17.6,2025-08-23 10:59:22.241223
Sydney,23.7,2026-03-25 10:59:22.241225
London,31.8,2026-04-19 10:59:22.241227
London,24.1,2026-06-08 10:59:22.241229
London,27.3,2025-11-11 10:59:22.241231
Tokyo,21.4,2026-02-03 10:59:22.241233
London,13.2,2026-03-27 10:59:22.241235
London,12.9,2025-11-06 10:59:22.241237
Sydney,26.7,2025-12-11 10:59:22.241239
New York,22.2,2026-02-25 10:59:22.241241
Sydney,11.2,2025-08-30 10:59:22.241243
New York,28.8,2026-04-27 10:59:22.241245
New York,25.2,2026-02-24 10:59:22.241247
Sydney,13.3,2025-08-14 10:59:22.241251
Tokyo,31.6,2026-06-05 10:59:22.241254
London,31.2,2026-02-10 10:59:22.241256
Paris,19.7,2026-03-18 10:59:22.241258
New York,30.2,2025-11-18 10:59:22.241259
Paris,30.1,2026-01-26 10:59:22.241261
New York,14.0,2025-10-23 10:59:22.241263
London,23.1,2026-07-03 10:59:22.241265
New York,22.8,2026-02-05 10:59:22.241268
Sydney,25.6,2026-05-13 10:59:22.241270
New York,10.6,2025-08-26 10:59:22.241272
London,20.9,2025-07-12 10:59:22.241274
New York,27.8,2025-07-23 10:59:22.241276
New York,11.9,2025-10-01 10:59:22.241278
Paris,17.5,2025-10-28 10:59:22.241280
Tokyo,14.9,2026-02-20 10:59:22.241282
London,14.7,2026-03-22 10:59:22.241284
Sydney,16.3,2026-02-28 10:59:22.241286
London,14.4,2025-12-16 10:59:22.241288
London,30.3,2026-05-23 10:59:22.241290
London,27.0,2025-12-03 10:59:22.241292
Tokyo,16.1,2025-10-26 10:59:22.241294
Tokyo,25.3,2026-01-05 10:59:22.241296
New York,23.1,2025-11-14 10:59:22.241298
London,31.8,2026-05-23 10:59:22.241300
Sydney,29.4,2025-12-16 10:59:22.241302
Tokyo,17.3,2026-06-13 10:59:22.241304
Tokyo,20.5,2025-12-28 10:59:22.241305
New York,31.5,2025-07-10 10:59:22.241308
Paris,24.6,2026-04-14 10:59:22.241310
London,28.5,2026-04-22 10:59:22.241312
Sydney,27.0,2025-09-24 10:59:22.241314
London,26.2,2025-08-06 10:59:22.241316
New York,20.7,2026-03-14 10:59:22.241318
London,13.3,2026-03-17 10:59:22.241320
London,18.0,2025-12-26 10:59:22.241322
Sydney,25.4,2025-10-08 10:59:22.241324
London,16.5,2026-05-04 10:59:22.241326
New York,31.4,2026-03-19 10:59:22.241328
Sydney,31.5,2026-05-25 10:59:22.241330
Tokyo,25.5,2025-10-23 10:59:22.241332
Sydney,22.6,2026-02-27 10:59:22.241334
Tokyo,34.7,2025-12-12 10:59:22.241336
Tokyo,19.8,2026-01-02 10:59:22.241339
London,16.7,2026-05-29 10:59:22.241341
New York,34.4,2026-03-04 10:59:22.241343
New York,16.4,2025-08-10 10:59:22.241345
Sydney,21.1,2026-05-08 10:59:22.241347
Paris,19.5,2026-06-02 10:59:22.241349
Sydney,24.8,2025-09-12 10:59:22.241351
Tokyo,20.5,2025-12-20 10:59:22.241353
Paris,14.5,2026-01-31 10:59:22.241355
Paris,18.3,2026-02-25 10:59:22.241357
Tokyo,13.6,2026-03-23 10:59:22.241359
London,21.9,2026-03-07 10:59:22.241361
Paris,34.7,2026-01-25 10:59:22.241362
Tokyo,10.6,2025-08-13 10:59:22.241364
New York,17.5,2026-01-27 10:59:22.241367
Tokyo,25.1,2025-10-13 10:59:22.241369
Paris,10.2,2025-10-19 10:59:22.241371
New York,16.9,2026-04-18 10:59:22.241373
New York,18.4,2025-09-11 10:59:22.241375
New York,30.7,2025-08-27 10:59:22.241377
Tokyo,13.1,2025-11-29 10:59:22.241379
New York,18.8,2026-03-31 10:59:22.241381
London,24.8,2025-09-12 10:59:22.241383
Paris,34.6,2025-12-05 10:59:22.241385
Tokyo,19.8,2025-10-12 10:59:22.241387
London,16.1,2025-10-13 10:59:22.241389
London,21.0,2025-11-19 10:59:22.241391
London,28.1,2025-11-17 10:59:22.241393
Paris,22.8,2026-02-08 10:59:22.241395
Tokyo,30.8,2026-04-07 10:59:22.241397
London,34.7,2025-09-12 10:59:22.241399
Sydney,21.4,2025-09-15 10:59:22.241401
London,30.5,2026-07-03 10:59:22.241403
London,16.4,2026-05-16 10:59:22.241405
Paris,26.0,2025-07-27 10:59:22.241407
Sydney,11.0,2025-09-17 10:59:22.241409
London,14.6,2026-03-14 10:59:22.241411
Tokyo,18.7,2026-04-22 10:59:22.241413
Sydney,24.6,2025-10-02 10:59:22.241415
Sydney,18.9,2026-02-22 10:59:22.241417
London,25.3,2025-10-18 10:59:22.241419
Sydney,17.8,2026-04-30 10:59:22.241421
Paris,13.9,2026-01-11 10:59:22.241423
New York,31.6,2026-05-01 10:59:22.241425
New York,24.4,2026-06-22 10:59:22.241427
Sydney,34.7,2026-05-22 10:59:22.241429
New York,12.8,2025-10-26 10:59:22.241431
Paris,21.8,2026-03-21 10:59:22.241433
London,33.4,2025-08-13 10:59:22.241435
New York,14.6,2026-04-19 10:59:22.241437
Paris,34.9,2026-03-01 10:59:22.241453
Paris,13.9,2025-10-13 10:59:22.241456
Paris,25.0,2026-01-05 10:59:22.241459
London,14.4,2025-08-13 10:59:22.241461
Sydney,33.3,2026-02-27 10:59:22.241463
New York,12.3,2025-11-23 10:59:22.241465
New York,33.8,2026-02-27 10:59:22.241467
Paris,16.1,2025-12-19 10:59:22.241469
London,27.3,2025-11-10 10:59:22.241471
Tokyo,32.3,2025-12-23 10:59:22.241473
Tokyo,12.4,2025-12-06 10:59:22.241475
Tokyo,25.5,2025-12-29 10:59:22.241477
Tokyo,16.8,2025-09-23 10:59:22.241479
Paris,23.4,2025-11-12 10:59:22.241481
Paris,14.3,2026-05-05 10:59:22.241483
London,21.2,2026-02-27 10:59:22.241485
Paris,23.0,2025-12-24 10:59:22.241487
New York,26.0,2026-06-24 10:59:22.241489
Paris,34.3,2025-10-04 10:59:22.241491
Sydney,25.5,2025-10-12 10:59:22.241493
New York,24.5,2026-02-26 10:59:22.241495
Tokyo,14.5,2026-06-14 10:59:22.241497
Paris,14.8,2026-02-02 10:59:22.241499
New York,15.5,2026-05-24 10:59:22.241501
Sydney,10.5,2025-12-06 10:59:22.241503
London,12.8,2025-10-09 10:59:22.241505
Paris,31.4,2025-10-23 10:59:22.241507
New York,16.9,2026-04-10 10:59:22.241509
London,12.8,2025-10-28 10:59:22.241511
London,16.9,2026-01-19 10:59:22.241513
Paris,26.3,2026-06-02 10:59:22.241515
Tokyo,22.7,2025-07-14 10:59:22.241517
Paris,18.9,2025-08-18 10:59:22.241519
Tokyo,28.4,2026-04-04 10:59:22.241521
London,15.1,2025-09-12 10:59:22.241523
New York,25.0,2026-06-04 10:59:22.241525
London,10.2,2025-12-25 10:59:22.241527
London,28.3,2026-05-17 10:59:22.241529
Tokyo,31.3,2025-09-30 10:59:22.241531
London,17.9,2026-01-28 10:59:22.241533
Sydney,26.7,2026-02-20 10:59:22.241535
London,21.8,2025-08-03 10:59:22.241537
Sydney,30.8,2026-05-20 10:59:22.241539
Tokyo,29.0,2025-07-03 10:59:22.241541
London,33.8,2025-07-05 10:59:22.241543
Paris,27.2,2026-03-09 10:59:22.241545
London,33.5,2025-07-29 10:59:22.241547
Tokyo,25.8,2026-04-21 10:59:22.241549
Tokyo,17.4,2025-10-29 10:59:22.241551
Paris,16.8,2025-09-21 10:59:22.241553
New York,24.3,2026-06-30 10:59:22.241555
Tokyo,22.3,2026-07-02 10:59:22.241557
Sydney,13.0,2025-09-17 10:59:22.241559
Paris,31.1,2026-01-30 10:59:22.241561
Paris,32.9,2026-03-18 10:59:22.241563
Sydney,20.6,2026-02-16 10:59:22.241565
Paris,29.4,2026-05-10 10:59:22.241567
New York,15.8,2025-12-10 10:59:22.241569
Paris,29.4,2026-02-16 10:59:22.241571
Paris,16.4,2025-07-28 10:59:22.241573
London,19.0,2025-09-05 10:59:22.241575
Sydney,12.2,2025-09-02 10:59:22.241577
Paris,34.8,2026-03-25 10:59:22.241579
Paris,22.7,2026-02-02 10:59:22.241581
London,18.5,2026-02-17 10:59:22.241583
London,27.7,2026-01-07 10:59:22.241585
Tokyo,13.7,2026-06-01 10:59:22.241587
London,30.6,2025-12-14 10:59:22.241589
London,20.9,2026-04-30 10:59:22.241591
Paris,21.1,2025-08-28 10:59:22.241593
Paris,16.3,2025-12-21 10:59:22.241595
Tokyo,15.9,2025-07-03 10:59:22.241597
New York,23.2,2025-07-21 10:59:22.241599
London,32.4,2026-05-13 10:59:22.241601
New York,32.6,2026-02-19 10:59:22.241603
New York,24.6,2025-12-03 10:59:22.241605
Sydney,33.4,2026-05-14 10:59:22.241607
Tokyo,26.9,2026-02-14 10:59:22.241609
Paris,18.3,2026-05-28 10:59:22.241611
London,29.0,2026-05-01 10:59:22.241613
Paris,20.0,2026-06-23 10:59:22.241615
Tokyo,31.9,2025-07-25 10:59:22.241617
London,24.4,2026-05-03 10:59:22.241619
Paris,22.3,2026-03-21 10:59:22.241621
Sydney,28.8,2026-03-21 10:59:22.241623
Tokyo,26.5,2025-10-11 10:59:22.241625
Paris,21.6,2025-09-17 10:59:22.241627
Paris,14.5,2025-08-27 10:59:22.241629
London,14.6,2025-10-25 10:59:22.241631
London,13.1,2025-09-06 10:59:22.241633
London,21.6,2025-12-25 10:59:22.241635
London,30.1,2026-06-19 10:59:22.241636
Sydney,25.8,2026-03-16 10:59:22.241639
Paris,22.8,2025-08-19 10:59:22.241641
New York,18.0,2026-04-18 10:59:22.241643
Sydney,26.5,2025-09-23 10:59:22.241645
Paris,19.8,2025-09-19 10:59:22.241647
Tokyo,25.3,2025-09-24 10:59:22.241648
Paris,28.6,2025-09-12 10:59:22.241651
Paris,15.7,2025-10-06 10:59:22.241653
Sydney,33.6,2025-07-09 10:59:22.241655
New York,14.3,2025-07-25 10:59:22.241657
Paris,35.0,2025-08-08 10:59:22.241659
New York,34.4,2026-02-27 10:59:22.241661
London,23.1,2026-02-19 10:59:22.241663
New York,24.9,2026-06-22 10:59:22.241665
New York,14.4,2026-06-15 10:59:22.241667
Paris,10.2,2026-01-20 10:59:22.241669
Paris,11.2,2025-08-23 10:59:22.241671
Tokyo,32.1,2026-01-25 10:59:22.241673
Sydney,34.2,2025-09-06 10:59:22.241675
Sydney,17.4,2026-07-02 10:59:22.241677
London,29.3,2025-11-07 10:59:22.241679
London,22.7,2026-04-14 10:59:22.241681
Tokyo,10.3,2026-02-24 10:59:22.241683
Sydney,27.7,2026-03-13 10:59:22.241685
Sydney,30.3,2025-12-15 10:59:22.241687
London,22.5,2026-06-04 10:59:22.241689
Tokyo,17.9,2025-12-29 10:59:22.241691
Sydney,26.0,2026-02-03 10:59:22.241693
Paris,12.1,2025-07-09 10:59:22.241695
Sydney,29.2,2025-09-05 10:59:22.241697
Sydney,11.8,2026-01-16 10:59:22.241699
New York,31.2,2026-05-13 10:59:22.241700
Sydney,17.6,2025-07-06 10:59:22.241702
London,32.8,2026-03-19 10:59:22.241704
Sydney,27.1,2026-02-06 10:59:22.241706
Sydney,17.4,2026-06-29 10:59:22.241708
Paris,34.6,2025-07-09 10:59:22.241710
London,16.8,2026-06-21 10:59:22.241712
Tokyo,19.2,2025-10-28 10:59:22.241714
London,30.6,2026-06-06 10:59:22.241716
New York,18.5,2025-11-19 10:59:22.241718
Paris,18.7,2026-04-29 10:59:22.241720
Tokyo,22.2,2026-04-07 10:59:22.241722
London,21.2,2026-05-09 10:59:22.241724
Tokyo,12.1,2025-07-11 10:59:22.241726
Sydney,34.1,2025-09-02 10:59:22.241728
London,30.3,2025-08-02 10:59:22.241730
London,21.3,2026-01-18 10:59:22.241732
London,28.6,2026-05-10 10:59:22.241734
Paris,12.5,2026-06-16 10:59:22.241736
New York,17.9,2026-01-06 10:59:22.241738
Tokyo,10.8,2025-10-31 10:59:22.241740
Tokyo,34.3,2025-10-13 10:59:22.241742
Sydney,31.3,2025-12-25 10:59:22.241744
New York,13.1,2025-08-01 10:59:22.241746
London,22.2,2025-10-31 10:59:22.241748
London,20.7,2025-07-28 10:59:22.241750
Sydney,34.6,2025-09-14 10:59:22.241752
Paris,30.0,2025-08-24 10:59:22.241754
Tokyo,18.0,2025-08-17 10:59:22.241756
London,22.6,2026-01-20 10:59:22.241758
Tokyo,11.1,2025-11-16 10:59:22.241760
Tokyo,16.5,2025-08-19 10:59:22.241762
Paris,32.8,2025-08-28 10:59:22.241764
Paris,26.5,2026-02-13 10:59:22.241766
Sydney,18.7,2025-10-11 10:59:22.241768
Tokyo,21.7,2026-01-11 10:59:22.241770
London,26.1,2026-04-26 10:59:22.241772
Tokyo,16.3,2026-04-25 10:59:22.241774
Tokyo,29.3,2025-11-09 10:59:22.241776
Sydney,31.5,2026-04-05 10:59:22.241778
London,27.1,2025-10-29 10:59:22.241780
Sydney,30.4,2026-01-30 10:59:22.241782
New York,10.4,2026-04-12 10:59:22.241784
Paris,22.5,2026-02-24 10:59:22.241786
New York,34.7,2026-01-13 10:59:22.241788
Paris,25.2,2026-01-22 10:59:22.241790
Tokyo,31.4,2025-10-12 10:59:22.241792
Paris,31.1,2026-02-09 10:59:22.241794
Sydney,21.9,2026-05-17 10:59:22.241796
Tokyo,22.2,2026-05-18 10:59:22.241798
Paris,30.2,2026-05-21 10:59:22.241800
Tokyo,19.9,2025-09-19 10:59:22.241802
London,26.5,2025-08-06 10:59:22.241804
Sydney,12.0,2026-02-02 10:59:22.241806
Paris,30.0,2026-05-24 10:59:22.241808
London,31.8,2026-06-25 10:59:22.241810
London,24.4,2026-03-01 10:59:22.241812
London,16.5,2025-09-14 10:59:22.241814
Sydney,19.8,2026-02-12 10:59:22.241816
Tokyo,17.4,2026-01-01 10:59:22.241818
London,12.6,2025-10-28 10:59:22.241820
London,21.1,2025-07-23 10:59:22.241822
New York,21.3,2025-11-04 10:59:22.241824
Sydney,19.5,2025-10-21 10:59:22.241826
Tokyo,27.1,2025-07-21 10:59:22.241828
New York,20.9,2026-05-12 10:59:22.241830
Paris,17.3,2025-11-17 10:59:22.241832
New York,10.8,2025-12-21 10:59:22.241834
New York,29.4,2026-01-02 10:59:22.241836
Tokyo,32.5,2025-07-04 10:59:22.241838
New York,11.8,2026-04-07 10:59:22.241840
Sydney,34.2,2026-05-13 10:59:22.241842
London,21.8,2025-09-03 10:59:22.241844
Paris,18.4,2025-07-30 10:59:22.241846
Tokyo,11.6,2025-08-25 10:59:22.241848
London,24.9,2025-12-23 10:59:22.241850
London,11.7,2025-12-31 10:59:22.241852
Tokyo,30.1,2025-11-21 10:59:22.241854
Tokyo,30.6,2026-03-29 10:59:22.241856
London,20.7,2025-09-28 10:59:22.241858
New York,24.3,2025-08-04 10:59:22.241860
Sydney,31.1,2025-12-12 10:59:22.241862
London,11.2,2026-05-14 10:59:22.241879
Paris,28.2,2025-11-11 10:59:22.241881
New York,32.1,2025-10-16 10:59:22.241883
New York,26.1,2026-04-06 10:59:22.241885
London,32.9,2025-09-19 10:59:22.241887
London,20.7,2026-02-23 10:59:22.241889
London,25.6,2026-02-18 10:59:22.241892
Tokyo,33.9,2025-08-16 10:59:22.241893
Sydney,18.2,2025-11-22 10:59:22.241895
Tokyo,14.4,2025-10-28 10:59:22.241897
Sydney,16.3,2025-11-12 10:59:22.241899
Tokyo,20.1,2026-02-04 10:59:22.241902
London,17.1,2026-07-03 10:59:22.241903
Tokyo,19.5,2026-06-10 10:59:22.241906
Paris,13.8,2025-11-06 10:59:22.241908
Sydney,27.9,2025-12-01 10:59:22.241909
Paris,26.2,2025-11-02 10:59:22.241911
Sydney,34.8,2025-07-18 10:59:22.241914
Paris,19.4,2025-11-03 10:59:22.241916
London,16.5,2025-11-26 10:59:22.241918
New York,23.6,2025-10-16 10:59:22.241920
Sydney,31.6,2026-04-13 10:59:22.241922
Paris,18.0,2025-07-14 10:59:22.241924
Tokyo,24.8,2025-12-10 10:59:22.241926
Sydney,18.3,2026-05-21 10:59:22.241928
Paris,21.0,2025-10-13 10:59:22.241930
Sydney,31.8,2026-02-07 10:59:22.241932
New York,19.7,2026-01-16 10:59:22.241934
Sydney,11.5,2026-05-26 10:59:22.241936
Paris,17.9,2026-02-07 10:59:22.241938
New York,25.4,2026-06-23 10:59:22.241940
New York,30.1,2025-09-05 10:59:22.241942
Sydney,32.5,2025-07-16 10:59:22.241944
Paris,19.0,2026-06-18 10:59:22.241946
London,23.0,2025-10-05 10:59:22.241948
London,28.3,2026-01-16 10:59:22.241950
New York,12.8,2025-07-21 10:59:22.241951
Sydney,12.1,2025-08-07 10:59:22.241954
New York,17.7,2025-12-06 10:59:22.241956
Paris,19.3,2025-12-13 10:59:22.241958
Paris,31.5,2026-04-28 10:59:22.241960
London,25.5,2025-09-20 10:59:22.241962
Sydney,22.4,2026-01-03 10:59:22.241964
Sydney,17.7,2026-05-18 10:59:22.241965
Sydney,22.2,2025-08-26 10:59:22.241967
Sydney,32.9,2025-12-04 10:59:22.241969
New York,31.6,2026-01-02 10:59:22.241971
Sydney,25.8,2025-08-28 10:59:22.241973
Tokyo,22.8,2026-02-21 10:59:22.241975
New York,18.9,2025-12-27 10:59:22.241977
London,25.1,2025-07-11 10:59:22.241979
Sydney,12.1,2025-11-24 10:59:22.241981
London,24.8,2026-03-06 10:59:22.241983
Paris,28.1,2025-11-18 10:59:22.241985
Sydney,33.7,2026-02-02 10:59:22.241987
Tokyo,29.7,2025-07-08 10:59:22.241989
Tokyo,12.7,2025-09-01 10:59:22.241991
London,22.5,2025-11-28 10:59:22.241993
Tokyo,18.1,2026-06-07 10:59:22.241995
Paris,16.8,2026-02-01 10:59:22.241997
Sydney,34.9,2025-08-13 10:59:22.241999
New York,22.2,2026-06-02 10:59:22.242001
Sydney,28.1,2025-10-17 10:59:22.242003
New York,10.4,2025-10-03 10:59:22.242005
Sydney,20.6,2025-07-28 10:59:22.242007
New York,16.7,2026-03-19 10:59:22.242009
Tokyo,33.5,2026-02-25 10:59:22.242011
Paris,14.7,2026-05-23 10:59:22.242013
London,32.9,2026-04-17 10:59:22.242015
New York,14.6,2026-05-19 10:59:22.242017
New York,16.2,2026-02-17 10:59:22.242019
Tokyo,26.3,2026-03-21 10:59:22.242021
Paris,27.7,2025-08-25 10:59:22.242023
Sydney,31.1,2026-05-04 10:59:22.242025
London,20.0,2025-08-14 10:59:22.242027
Tokyo,11.6,2025-11-07 10:59:22.242029
London,20.8,2026-03-09 10:59:22.242031
Tokyo,26.9,2025-10-25 10:59:22.242033
Paris,14.3,2025-10-21 10:59:22.242035
Tokyo,32.4,2026-04-04 10:59:22.242037
Paris,28.1,2025-10-03 10:59:22.242038
New York,30.0,2025-09-26 10:59:22.242040
London,11.9,2025-11-12 10:59:22.242042
Sydney,22.1,2026-02-13 10:59:22.242045
London,30.7,2026-05-04 10:59:22.242046
Sydney,15.1,2025-11-27 10:59:22.242048
New York,22.0,2025-07-13 10:59:22.242051
Tokyo,10.6,2026-01-26 10:59:22.242052
London,25.7,2026-02-13 10:59:22.242055
London,33.6,2026-05-22 10:59:22.242056
Paris,27.2,2026-04-20 10:59:22.242058
Paris,25.6,2025-10-11 10:59:22.242060
Paris,15.4,2026-02-23 10:59:22.242062
New York,31.8,2025-09-01 10:59:22.242064
New York,22.7,2025-11-08 10:59:22.242066
Sydney,21.8,2026-02-25 10:59:22.242068
Tokyo,25.5,2025-08-03 10:59:22.242070
New York,34.6,2026-03-21 10:59:22.242072
Sydney,24.3,2025-10-09 10:59:22.242074
New York,12.8,2025-10-08 10:59:22.242076
Paris,11.4,2025-10-04 10:59:22.242078
Sydney,15.5,2025-12-02 10:59:22.242080
Sydney,16.6,2026-05-10 10:59:22.242082
Paris,32.7,2026-02-27 10:59:22.242084
Paris,14.4,2026-02-13 10:59:22.242086
Paris,16.7,2026-06-12 10:59:22.242088
Tokyo,12.3,2026-03-24 10:59:22.242090
Tokyo,15.7,2026-01-23 10:59:22.242092
Paris,21.3,2025-12-05 10:59:22.242094
Tokyo,29.9,2026-01-04 10:59:22.242096
London,23.8,2026-07-01 10:59:22.242098
Sydney,18.9,2026-03-23 10:59:22.242100
Tokyo,28.4,2025-11-20 10:59:22.242102
Paris,32.4,2026-03-07 10:59:22.242104
Paris,22.8,2026-02-12 10:59:22.242106
Sydney,27.8,2026-02-12 10:59:22.242108
New York,14.2,2025-07-26 10:59:22.242110
London,32.9,2025-09-10 10:59:22.242112
London,15.2,2025-11-27 10:59:22.242114
New York,28.7,2026-05-04 10:59:22.242116
Tokyo,22.9,2025-09-13 10:59:22.242118
Paris,28.1,2025-08-11 10:59:22.242120
New York,12.6,2026-04-15 10:59:22.242122
Tokyo,13.1,2025-07-10 10:59:22.242124
New York,34.6,2025-07-25 10:59:22.242126
Paris,19.8,2025-12-25 10:59:22.242128
New York,26.3,2026-04-27 10:59:22.242130
Paris,33.6,2026-05-07 10:59:22.242132
Tokyo,29.7,2026-02-16 10:59:22.242134
Sydney,17.4,2026-01-15 10:59:22.242136
Sydney,13.5,2026-04-08 10:59:22.242138
New York,21.1,2025-07-11 10:59:22.242140
Tokyo,22.9,2025-08-28 10:59:22.242142
Paris,24.2,2025-11-27 10:59:22.242144
New York,33.4,2026-02-03 10:59:22.242146
Paris,19.6,2026-02-06 10:59:22.242148
London,25.8,2026-03-24 10:59:22.242150
Tokyo,34.5,2026-06-07 10:59:22.242152
Paris,12.4,2025-09-21 10:59:22.242154
Tokyo,14.9,2026-04-11 10:59:22.242156
Paris,24.0,2025-09-08 10:59:22.242158
Tokyo,13.8,2025-07-29 10:59:22.242160
Sydney,34.8,2025-10-11 10:59:22.242162
London,13.8,2025-08-30 10:59:22.242164
London,33.7,2026-05-02 10:59:22.242166
London,21.1,2026-02-27 10:59:22.242168
London,25.8,2026-02-27 10:59:22.242171
Tokyo,28.7,2025-07-25 10:59:22.242172
Tokyo,14.6,2026-06-10 10:59:22.242175
New York,24.1,2026-04-02 10:59:22.242176
Tokyo,28.4,2026-07-03 10:59:22.242178
New York,16.3,2026-05-10 10:59:22.242180
Paris,23.2,2026-02-28 10:59:22.242182
Tokyo,17.0,2026-04-01 10:59:22.242184
Paris,34.0,2026-03-27 10:59:22.242186
London,21.6,2025-09-03 10:59:22.242188
London,23.9,2025-07-06 10:59:22.242190
Paris,16.6,2025-09-07 10:59:22.242192
London,20.1,2026-06-30 10:59:22.242194
New York,17.2,2025-10-02 10:59:22.242196
New York,28.6,2026-06-18 10:59:22.242198
Tokyo,29.3,2026-05-27 10:59:22.242200
Paris,23.0,2026-06-28 10:59:22.242202
London,10.6,2025-10-25 10:59:22.242205
London,26.3,2025-09-21 10:59:22.242206
Tokyo,16.7,2026-02-17 10:59:22.242208
Paris,20.6,2026-01-08 10:59:22.242210
Paris,13.1,2025-10-30 10:59:22.242212
London,24.8,2025-12-09 10:59:22.242214
Sydney,25.6,2026-04-13 10:59:22.242216
New York,16.5,2025-10-01 10:59:22.242218
New York,27.0,2025-10-11 10:59:22.242220
Paris,33.2,2026-03-14 10:59:22.242223
Paris,28.2,2025-10-21 10:59:22.242224
London,30.2,2026-04-01 10:59:22.242226
Paris,22.7,2025-12-05 10:59:22.242228
London,27.0,2025-09-23 10:59:22.242230
London,18.7,2025-07-13 10:59:22.242232
Paris,24.1,2025-11-14 10:59:22.242234
Sydney,13.1,2026-06-17 10:59:22.242236
New York,15.3,2026-01-12 10:59:22.242238
Paris,31.7,2026-04-17 10:59:22.242240
Sydney,12.0,2025-12-18 10:59:22.242242
New York,27.8,2026-01-01 10:59:22.242244
Tokyo,15.1,2026-05-21 10:59:22.242246
Sydney,33.2,2025-11-19 10:59:22.242248
London,13.2,2025-12-19 10:59:22.242250
New York,24.5,2025-09-05 10:59:22.242252
Tokyo,11.2,2025-11-01 10:59:22.242254
Sydney,24.2,2025-12-24 10:59:22.242256
Sydney,28.6,2026-01-01 10:59:22.242258
Sydney,10.0,2025-11-16 10:59:22.242260
Tokyo,18.4,2025-07-30 10:59:22.242262
Tokyo,29.8,2025-10-22 10:59:22.242264
Paris,25.1,2026-01-28 10:59:22.242266
Sydney,34.4,2025-07-10 10:59:22.242268
Tokyo,22.4,2026-02-28 10:59:22.242270
Tokyo,19.7,2025-07-09 10:59:22.242272
Paris,28.6,2026-03-26 10:59:22.242274
Sydney,34.1,2026-07-01 10:59:22.242276
Paris,28.5,2026-02-16 10:59:22.242278
Paris,22.2,2025-09-17 10:59:22.242280
London,19.6,2026-01-27 10:59:22.242282
New York,18.8,2026-06-07 10:59:22.242284
Sydney,11.1,2026-03-29 10:59:22.242286
London,25.6,2026-02-09 10:59:22.242296
Paris,10.1,2025-08-04 10:59:22.242299
New York,20.9,2025-08-14 10:59:22.242301
Paris,33.2,2026-04-01 10:59:22.242303
New York,23.7,2025-10-01 10:59:22.242305
Sydney,20.6,2025-08-27 10:59:22.242307
New York,33.2,2025-10-21 10:59:22.242309
New York,11.0,2025-10-03 10:59:22.242311
London,27.7,2026-01-05 10:59:22.242313
New York,10.2,2026-04-18 10:59:22.242315
Sydney,21.8,2026-01-28 10:59:22.242317
Tokyo,23.9,2026-05-05 10:59:22.242319
Tokyo,27.4,2026-04-24 10:59:22.242321
Sydney,34.8,2025-11-17 10:59:22.242323
Sydney,19.3,2025-07-21 10:59:22.242325
Sydney,31.5,2026-02-17 10:59:22.242327
Tokyo,21.9,2026-05-21 10:59:22.242329
New York,28.4,2026-01-19 10:59:22.242331
London,30.2,2026-02-08 10:59:22.242333
London,26.4,2025-07-04 10:59:22.242336
London,23.9,2025-07-05 10:59:22.242338
London,26.1,2026-05-14 10:59:22.242340
Tokyo,33.8,2025-08-21 10:59:22.242341
Paris,29.1,2026-04-22 10:59:22.242343
Paris,18.8,2026-01-21 10:59:22.242345
London,17.6,2025-11-01 10:59:22.242348
Tokyo,17.1,2025-10-31 10:59:22.242350
Tokyo,29.5,2026-04-01 10:59:22.242352
Sydney,28.7,2026-04-04 10:59:22.242354
Sydney,28.0,2026-06-15 10:59:22.242356
Sydney,30.7,2026-05-02 10:59:22.242358
London,32.9,2025-09-26 10:59:22.242360
London,16.2,2026-01-08 10:59:22.242362
London,32.0,2025-11-12 10:59:22.242364
Paris,32.2,2026-06-21 10:59:22.242365
London,25.7,2025-10-07 10:59:22.242367
New York,19.7,2025-07-20 10:59:22.242369
New York,19.2,2026-05-18 10:59:22.242371
Paris,31.4,2025-10-13 10:59:22.242373
Sydney,12.8,2025-09-03 10:59:22.242375
Tokyo,27.3,2026-04-03 10:59:22.242377
New York,24.9,2025-11-04 10:59:22.242379
Sydney,19.3,2025-10-25 10:59:22.242381
Tokyo,17.2,2026-07-03 10:59:22.242384
Sydney,20.0,2026-03-06 10:59:22.242386
London,34.4,2026-04-30 10:59:22.242387
New York,13.4,2025-12-12 10:59:22.242389
London,25.3,2026-05-23 10:59:22.242391
London,33.6,2026-01-28 10:59:22.242393
Sydney,11.8,2026-01-02 10:59:22.242395
Paris,17.5,2025-07-10 10:59:22.242397
London,19.6,2025-10-16 10:59:22.242399
London,28.4,2026-03-18 10:59:22.242401
Paris,34.2,2026-02-08 10:59:22.242403
Sydney,23.8,2025-09-25 10:59:22.242406
Tokyo,16.7,2025-11-30 10:59:22.242408
Sydney,24.7,2026-02-18 10:59:22.242410
Sydney,21.3,2025-11-29 10:59:22.242412
Paris,23.0,2025-08-28 10:59:22.242414
London,28.2,2026-03-11 10:59:22.242416
New York,16.9,2025-07-16 10:59:22.242418
Paris,16.3,2026-01-12 10:59:22.242419
New York,18.3,2026-04-05 10:59:22.242422
Sydney,34.3,2025-11-27 10:59:22.242424
New York,21.0,2025-08-19 10:59:22.242426
Sydney,14.2,2026-03-06 10:59:22.242428
Sydney,23.9,2025-10-22 10:59:22.242430
Sydney,13.9,2026-01-28 10:59:22.242432
Paris,10.4,2026-01-14 10:59:22.242433
London,10.5,2026-02-05 10:59:22.242435
Tokyo,11.1,2025-07-20 10:59:22.242437
Tokyo,22.1,2026-05-20 10:59:22.242439
Sydney,15.1,2025-08-11 10:59:22.242441
Paris,10.8,2025-10-06 10:59:22.242443
Tokyo,16.8,2026-01-03 10:59:22.242445
New York,17.0,2026-02-05 10:59:22.242447
Paris,12.0,2025-12-30 10:59:22.242449
London,17.2,2026-06-17 10:59:22.242451
London,19.2,2026-06-12 10:59:22.242453
Sydney,23.4,2025-09-09 10:59:22.242455
Paris,20.2,2025-10-24 10:59:22.242457
London,20.5,2025-11-29 10:59:22.242459
Sydney,22.1,2025-11-27 10:59:22.242461
London,18.6,2025-12-12 10:59:22.242463
Tokyo,34.8,2026-02-20 10:59:22.242465
Sydney,30.9,2025-12-27 10:59:22.242467
Paris,15.3,2026-06-13 10:59:22.242469
Tokyo,16.4,2026-01-09 10:59:22.242471
Paris,18.1,2026-01-12 10:59:22.242473
London,32.8,2026-02-11 10:59:22.242475
London,16.8,2026-02-09 10:59:22.242476
London,29.7,2026-02-17 10:59:22.242478
Paris,20.5,2025-12-20 10:59:22.242481
Paris,27.2,2026-03-12 10:59:22.242483
Paris,14.9,2026-05-05 10:59:22.242485
New York,20.4,2025-08-06 10:59:22.242487
New York,34.4,2026-06-02 10:59:22.242489
Sydney,31.5,2025-08-12 10:59:22.242491
Sydney,23.9,2025-12-04 10:59:22.242493
Sydney,25.1,2025-12-29 10:59:22.242495
Sydney,21.9,2026-06-21 10:59:22.242497
Tokyo,26.5,2025-12-03 10:59:22.242499
New York,24.1,2025-09-16 10:59:22.242500
London,25.2,2026-03-14 10:59:22.242503
Tokyo,28.9,2026-05-06 10:59:22.242505
Paris,13.2,2025-11-06 10:59:22.242506
Paris,28.3,2026-02-12 10:59:22.242508
New York,32.4,2026-03-02 10:59:22.242510
Tokyo,12.3,2025-07-22 10:59:22.242513
Paris,32.4,2026-04-15 10:59:22.242515
Sydney,30.0,2025-11-23 10:59:22.242517
New York,26.4,2025-07-11 10:59:22.242519
Paris,26.4,2026-05-17 10:59:22.242521
Sydney,13.1,2026-05-25 10:59:22.242523
London,13.1,2025-07-11 10:59:22.242525
Paris,14.0,2025-09-09 10:59:22.242527
New York,32.0,2026-03-10 10:59:22.242529
Tokyo,15.6,2025-07-16 10:59:22.242531
New York,30.2,2026-02-13 10:59:22.242533
Tokyo,17.5,2025-07-27 10:59:22.242535
New York,15.7,2026-02-01 10:59:22.242537
Tokyo,22.7,2025-08-17 10:59:22.242539
Sydney,26.4,2026-06-21 10:59:22.242540
Paris,15.6,2026-01-15 10:59:22.242542
Tokyo,24.4,2026-01-29 10:59:22.242544
Paris,33.6,2025-12-08 10:59:22.242546
Tokyo,31.9,2026-04-06 10:59:22.242548
New York,11.0,2025-07-15 10:59:22.242550
Paris,13.0,2026-02-05 10:59:22.242552
Sydney,16.3,2026-01-28 10:59:22.242554
Tokyo,34.9,2026-05-16 10:59:22.242557
Sydney,34.8,2026-01-06 10:59:22.242559
London,20.6,2025-08-14 10:59:22.242561
Sydney,15.9,2025-11-23 10:59:22.242563
Tokyo,27.0,2026-02-25 10:59:22.242565
New York,16.8,2026-01-09 10:59:22.242566
London,32.5,2026-04-08 10:59:22.242568
Paris,34.4,2026-06-09 10:59:22.242570
London,13.9,2025-12-03 10:59:22.242572
Sydney,33.5,2026-05-21 10:59:22.242574
Sydney,17.2,2025-12-24 10:59:22.242576
Tokyo,18.0,2026-04-09 10:59:22.242578
London,31.0,2025-11-22 10:59:22.242580
Paris,14.6,2025-12-02 10:59:22.242582
New York,18.9,2025-10-27 10:59:22.242584
Paris,17.6,2026-01-29 10:59:22.242586
Sydney,19.6,2026-01-19 10:59:22.242588
New York,21.3,2026-01-15 10:59:22.242590
Sydney,29.0,2025-09-16 10:59:22.242592
Tokyo,16.4,2025-08-13 10:59:22.242594
Paris,32.5,2026-04-02 10:59:22.242596
New York,30.3,2025-10-23 10:59:22.242598
Paris,28.4,2025-09-20 10:59:22.242600
London,18.2,2026-02-10 10:59:22.242602
Paris,12.8,2025-11-18 10:59:22.242604
Sydney,14.8,2025-10-04 10:59:22.242606
Paris,11.6,2026-05-28 10:59:22.242608
Paris,32.9,2026-01-01 10:59:22.242610
New York,26.9,2025-12-21 10:59:22.242612
New York,12.1,2025-09-22 10:59:22.242614
London,24.4,2025-10-21 10:59:22.242616
Tokyo,18.4,2025-09-15 10:59:22.242618
Sydney,33.2,2026-01-11 10:59:22.242620
Paris,22.9,2026-02-25 10:59:22.242622
Sydney,33.4,2025-07-31 10:59:22.242623
Tokyo,29.8,2025-09-02 10:59:22.242626
Paris,19.6,2025-09-16 10:59:22.242627
London,24.8,2026-04-12 10:59:22.242629
London,11.9,2025-11-23 10:59:22.242632
Sydney,30.0,2025-07-25 10:59:22.242634
Sydney,10.8,2025-10-14 10:59:22.242636
Tokyo,27.3,2026-01-19 10:59:22.242637
Sydney,14.0,2025-09-10 10:59:22.242640
Paris,14.6,2026-03-20 10:59:22.242642
Sydney,22.9,2026-04-02 10:59:22.242644
New York,10.5,2026-02-25 10:59:22.242645
Sydney,24.0,2025-07-25 10:59:22.242647
Paris,11.7,2026-02-23 10:59:22.242649
Sydney,10.1,2025-08-01 10:59:22.242651
New York,19.1,2025-08-18 10:59:22.242653
London,34.6,2025-12-23 10:59:22.242656
Paris,20.7,2026-06-15 10:59:22.242658
Paris,27.9,2026-02-28 10:59:22.242660
London,24.1,2025-08-19 10:59:22.242662
Paris,28.4,2025-12-12 10:59:22.242664
Paris,17.2,2026-06-20 10:59:22.242666
Tokyo,14.3,2025-11-30 10:59:22.242668
Tokyo,27.5,2025-11-14 10:59:22.242669
Tokyo,21.4,2026-06-22 10:59:22.242671
London,25.2,2026-01-09 10:59:22.242673
Tokyo,30.0,2025-12-03 10:59:22.242675
Tokyo,20.2,2025-08-07 10:59:22.242677
Tokyo,28.7,2025-10-01 10:59:22.242679
London,29.4,2026-06-03 10:59:22.242681
Paris,13.9,2025-09-04 10:59:22.242683
Paris,17.8,2025-09-03 10:59:22.242685
Sydney,12.3,2026-04-03 10:59:22.242687
Sydney,19.5,2026-03-05 10:59:22.242689
Paris,21.4,2025-12-13 10:59:22.242691
London,16.3,2025-12-19 10:59:22.242693
Sydney,26.4,2026-05-08 10:59:22.242695
New York,21.1,2026-01-09 10:59:22.242697
Paris,33.2,2025-12-07 10:59:22.242699
Paris,26.0,2025-10-02 10:59:22.242701
Paris,14.3,2026-05-21 10:59:22.242703
Paris,19.6,2026-06-21 10:59:22.242714
New York,26.2,2026-02-28 10:59:22.242717
Paris,23.4,2025-07-17 10:59:22.242719
New York,25.0,2025-12-07 10:59:22.242721
Sydney,19.6,2026-03-31 10:59:22.242723
Paris,27.1,2025-11-21 10:59:22.242725
London,11.2,2025-08-29 10:59:22.242727
Paris,28.6,2025-08-08 10:59:22.242729
Tokyo,16.3,2026-03-09 10:59:22.242731
New York,11.1,2025-11-04 10:59:22.242733
Paris,18.0,2025-12-06 10:59:22.242735
Sydney,22.4,2026-03-07 10:59:22.242737
Tokyo,13.2,2026-06-03 10:59:22.242739
Tokyo,10.3,2026-05-10 10:59:22.242741
Paris,17.8,2026-01-09 10:59:22.242743
Paris,30.8,2025-09-09 10:59:22.242745
London,27.2,2026-05-04 10:59:22.242747
Tokyo,27.6,2026-04-04 10:59:22.242749
London,26.7,2026-07-01 10:59:22.242751
Sydney,26.1,2026-06-26 10:59:22.242753
London,32.0,2025-11-16 10:59:22.242755
Tokyo,14.1,2026-02-14 10:59:22.242757
London,24.5,2025-08-29 10:59:22.242759
Tokyo,18.3,2026-05-13 10:59:22.242761
Sydney,12.7,2025-10-15 10:59:22.242763
Tokyo,13.3,2026-01-18 10:59:22.242765
Paris,20.8,2025-10-23 10:59:22.242767
London,17.6,2026-01-11 10:59:22.242769
Sydney,22.1,2025-10-29 10:59:22.242771
Sydney,25.2,2026-01-18 10:59:22.242773
Paris,27.6,2026-01-21 10:59:22.242775
Tokyo,18.1,2025-07-20 10:59:22.242777
Sydney,29.6,2026-04-17 10:59:22.242779
Sydney,23.3,2025-08-25 10:59:22.242781
New York,34.8,2025-08-08 10:59:22.242783
Sydney,11.9,2026-05-13 10:59:22.242785
Sydney,26.4,2026-02-28 10:59:22.242787
Sydney,23.2,2025-10-14 10:59:22.242789
New York,18.2,2026-03-26 10:59:22.242791
Sydney,15.5,2025-08-16 10:59:22.242793
New York,26.1,2026-03-17 10:59:22.242795
New York,29.1,2026-02-05 10:59:22.242797
Paris,30.0,2026-05-24 10:59:22.242799
Tokyo,12.5,2026-04-03 10:59:22.242801
New York,26.3,2025-09-16 10:59:22.242803
Tokyo,20.5,2025-11-26 10:59:22.242805
Tokyo,11.2,2026-03-23 10:59:22.242807
Sydney,13.0,2025-07-30 10:59:22.242809
Tokyo,12.3,2026-06-08 10:59:22.242811
Sydney,13.2,2026-06-01 10:59:22.242813
Sydney,22.3,2025-07-22 10:59:22.242815
Paris,26.7,2026-01-10 10:59:22.242817
Tokyo,28.0,2025-10-22 10:59:22.242819
Paris,33.9,2025-08-22 10:59:22.242821
Tokyo,33.7,2025-09-04 10:59:22.242823
Paris,28.1,2026-06-16 10:59:22.242825
New York,32.2,2026-02-25 10:59:22.242827
Sydney,10.7,2025-07-06 10:59:22.242829
New York,19.3,2026-02-16 10:59:22.242831
Sydney,17.2,2025-11-09 10:59:22.242833
Tokyo,19.3,2025-12-06 10:59:22.242835
London,33.9,2025-09-27 10:59:22.242837
London,14.4,2025-11-15 10:59:22.242839
Paris,13.6,2026-05-11 10:59:22.242841
Tokyo,14.2,2026-06-15 10:59:22.242843
Tokyo,12.8,2026-02-03 10:59:22.242845
Tokyo,14.4,2026-05-16 10:59:22.242846
New York,27.6,2026-01-26 10:59:22.242848
Tokyo,13.0,2026-05-12 10:59:22.242850
Sydney,10.4,2026-04-24 10:59:22.242852
London,16.8,2025-10-08 10:59:22.242854
Paris,15.9,2026-02-13 10:59:22.242856
Paris,33.6,2025-09-29 10:59:22.242858
Sydney,25.4,2026-04-07 10:59:22.242860
Tokyo,17.4,2026-02-28 10:59:22.242862
Tokyo,19.0,2026-05-18 10:59:22.242864
New York,14.1,2025-07-22 10:59:22.242866
Paris,23.8,2026-06-12 10:59:22.242868
Sydney,21.7,2025-09-03 10:59:22.242870
Paris,18.5,2026-01-02 10:59:22.242872
Paris,25.2,2025-11-10 10:59:22.242874
Paris,17.2,2025-08-25 10:59:22.242876
London,18.6,2026-04-12 10:59:22.242878
Paris,20.3,2025-08-16 10:59:22.242880
Tokyo,12.9,2025-12-29 10:59:22.242882
Tokyo,33.8,2025-10-05 10:59:22.242884
Tokyo,11.9,2025-11-07 10:59:22.242886
London,29.7,2026-02-05 10:59:22.242888
Tokyo,30.8,2025-08-25 10:59:22.242890
Sydney,26.2,2026-01-19 10:59:22.242892
New York,29.2,2025-12-22 10:59:22.242894
Tokyo,16.2,2025-09-12 10:59:22.242896
Paris,11.2,2026-05-08 10:59:22.242898
New York,26.0,2026-05-11 10:59:22.242900
Sydney,15.0,2026-01-15 10:59:22.242903
Sydney,24.8,2026-05-10 10:59:22.242905
London,25.4,2025-07-14 10:59:22.242907
Sydney,14.6,2026-03-15 10:59:22.242909
Tokyo,34.6,2026-05-22 10:59:22.242911
London,18.4,2025-11-14 10:59:22.242913
Tokyo,19.0,2025-10-03 10:59:22.242915
Sydney,28.0,2025-10-11 10:59:22.242917
Sydney,29.7,2025-12-20 10:59:22.242919
New York,29.6,2026-02-16 10:59:22.242921
New York,20.3,2025-09-13 10:59:22.242923
New York,27.0,2026-01-31 10:59:22.242925
Sydney,30.0,2026-03-31 10:59:22.242927
Tokyo,10.9,2026-06-23 10:59:22.242929
Sydney,10.8,2025-12-06 10:59:22.242931
Sydney,31.0,2025-09-02 10:59:22.242933
Sydney,11.6,2025-12-29 10:59:22.242935
Paris,34.5,2026-04-02 10:59:22.242937
New York,15.4,2026-06-22 10:59:22.242939
London,10.2,2025-10-06 10:59:22.242941
Tokyo,25.8,2025-08-19 10:59:22.242943
London,17.9,2026-06-07 10:59:22.242945
London,13.9,2025-09-11 10:59:22.242947
Sydney,29.0,2026-04-07 10:59:22.242949
Tokyo,33.4,2025-10-11 10:59:22.242951
New York,33.5,2026-03-20 10:59:22.242953
Tokyo,15.9,2026-02-27 10:59:22.242955
New York,25.8,2025-07-22 10:59:22.242957
Sydney,12.2,2026-01-18 10:59:22.242959
Paris,28.0,2025-10-08 10:59:22.242961
Tokyo,22.5,2025-10-16 10:59:22.242963
Paris,11.8,2026-07-03 10:59:22.242965
New York,10.2,2025-07-18 10:59:22.242967
Paris,16.5,2025-11-23 10:59:22.242969
New York,15.8,2026-06-30 10:59:22.242971
New York,26.2,2025-11-30 10:59:22.242974
Sydney,27.4,2026-06-05 10:59:22.242976
Paris,23.2,2026-05-02 10:59:22.242977
Sydney,14.5,2026-01-23 10:59:22.242979
Paris,28.1,2025-10-30 10:59:22.242981
London,25.1,2025-09-06 10:59:22.242983
Tokyo,18.4,2025-07-22 10:59:22.242985
Paris,33.5,2025-12-06 10:59:22.242987
Paris,17.3,2025-11-17 10:59:22.242989
Paris,14.9,2026-06-27 10:59:22.242991
New York,24.0,2025-08-19 10:59:22.242993
Sydney,15.3,2025-10-28 10:59:22.242995
Sydney,18.6,2026-04-04 10:59:22.242997
New York,17.3,2025-08-02 10:59:22.242999
London,25.1,2026-01-05 10:59:22.243001
Sydney,34.5,2026-03-08 10:59:22.243003
Paris,29.4,2026-04-05 10:59:22.243005
Paris,23.4,2025-08-31 10:59:22.243007
Sydney,33.8,2025-10-26 10:59:22.243009
New York,14.0,2026-02-15 10:59:22.243011
Sydney,34.8,2025-11-12 10:59:22.243013
Tokyo,26.2,2025-12-05 10:59:22.243015
Paris,22.9,2025-12-04 10:59:22.243017
Paris,27.2,2025-08-26 10:59:22.243019
Tokyo,16.4,2026-01-13 10:59:22.243021
Tokyo,24.7,2025-10-01 10:59:22.243023
London,19.7,2025-08-29 10:59:22.243025
Paris,18.2,2025-09-26 10:59:22.243027
New York,14.7,2026-04-16 10:59:22.243029
Tokyo,22.4,2025-09-13 10:59:22.243031
Paris,11.0,2025-07-20 10:59:22.243033
London,30.5,2026-03-28 10:59:22.243035
New York,25.9,2026-01-19 10:59:22.243037
Sydney,12.7,2025-12-07 10:59:22.243039
Tokyo,18.2,2026-01-12 10:59:22.243041
Sydney,20.4,2026-06-07 10:59:22.243043
New York,23.3,2025-09-23 10:59:22.243044
New York,13.6,2026-02-18 10:59:22.243047
Sydney,32.0,2025-12-20 10:59:22.243049
Paris,30.3,2025-12-10 10:59:22.243050
New York,21.0,2026-02-28 10:59:22.243052
New York,19.2,2025-08-02 10:59:22.243054
London,26.8,2026-05-09 10:59:22.243056
Tokyo,20.7,2026-03-18 10:59:22.243059
New York,13.1,2025-10-11 10:59:22.243061
Paris,34.5,2025-08-27 10:59:22.243063
New York,33.5,2025-10-19 10:59:22.243065
Sydney,31.1,2026-01-09 10:59:22.243067
Sydney,14.8,2026-01-06 10:59:22.243069
Tokyo,24.7,2025-08-14 10:59:22.243071
New York,18.1,2026-04-05 10:59:22.243073
London,13.2,2025-12-19 10:59:22.243075
Sydney,21.1,2025-11-18 10:59:22.243076
Tokyo,23.9,2025-11-06 10:59:22.243078
Sydney,24.0,2026-05-29 10:59:22.243080
New York,13.7,2026-01-02 10:59:22.243082
New York,27.8,2025-07-06 10:59:22.243084
New York,20.8,2025-07-21 10:59:22.243086
Sydney,25.3,2025-07-15 10:59:22.243088
New York,23.6,2026-01-10 10:59:22.243090
Tokyo,24.2,2026-04-07 10:59:22.243092
London,33.6,2025-07-11 10:59:22.243094
Sydney,32.5,2025-09-05 10:59:22.243096
London,19.3,2026-06-07 10:59:22.243098
Sydney,13.2,2026-01-22 10:59:22.243100
New York,15.7,2026-01-07 10:59:22.243102
Sydney,21.2,2025-07-05 10:59:22.243104
New York,23.3,2026-01-04 10:59:22.243106
Sydney,14.5,2026-03-23 10:59:22.243108
Sydney,29.9,2025-09-28 10:59:22.243110
New York,30.3,2026-02-22 10:59:22.243112
London,26.0,2026-03-26 10:59:22.243114
Paris,20.6,2025-11-01 10:59:22.243116
Sydney,25.0,2025-12-12 10:59:22.243118
London,32.3,2025-10-09 10:59:22.243120
Paris,33.4,2026-04-19 10:59:22.243130
Sydney,16.1,2025-11-13 10:59:22.243133
Paris,23.6,2026-05-31 10:59:22.243135
London,31.1,2025-07-26 10:59:22.243137
London,30.8,2025-09-08 10:59:22.243139
Tokyo,18.5,2025-12-11 10:59:22.243141
Paris,28.8,2025-08-27 10:59:22.243143
Sydney,24.6,2026-03-01 10:59:22.243145
New York,17.6,2025-11-29 10:59:22.243147
Paris,18.5,2025-10-08 10:59:22.243149
Paris,25.2,2025-12-15 10:59:22.243151
New York,22.7,2026-05-26 10:59:22.243153
New York,16.7,2026-02-12 10:59:22.243155
New York,32.9,2026-02-02 10:59:22.243157
Sydney,34.4,2026-02-06 10:59:22.243159
Sydney,15.7,2026-02-08 10:59:22.243161
Sydney,16.9,2026-02-05 10:59:22.243163
New York,15.0,2026-03-25 10:59:22.243165
London,18.0,2026-05-04 10:59:22.243167
New York,12.0,2026-04-23 10:59:22.243169
New York,16.4,2025-08-13 10:59:22.243171
Sydney,31.4,2026-03-27 10:59:22.243173
London,20.0,2026-05-25 10:59:22.243175
London,30.4,2026-06-03 10:59:22.243177
London,33.0,2026-02-27 10:59:22.243179
Sydney,34.9,2026-04-18 10:59:22.243181
London,24.3,2025-09-01 10:59:22.243183
Sydney,17.3,2026-02-19 10:59:22.243185
New York,13.4,2026-04-22 10:59:22.243187
Tokyo,29.0,2026-03-21 10:59:22.243189
Tokyo,28.7,2026-02-14 10:59:22.243191
New York,16.5,2026-03-21 10:59:22.243193
Sydney,14.4,2025-07-25 10:59:22.243195
Sydney,12.0,2026-07-01 10:59:22.243197
Sydney,18.5,2025-11-04 10:59:22.243199
Sydney,16.9,2026-04-28 10:59:22.243201
Sydney,24.9,2025-11-20 10:59:22.243203
Paris,22.6,2025-09-07 10:59:22.243205
London,34.7,2025-09-02 10:59:22.243207
New York,15.3,2026-06-06 10:59:22.243209
New York,33.9,2026-02-26 10:59:22.243211
New York,14.8,2025-11-06 10:59:22.243213
Sydney,15.2,2026-03-05 10:59:22.243215
Paris,27.7,2025-07-30 10:59:22.243217
Sydney,33.5,2025-07-26 10:59:22.243219
Paris,28.9,2026-02-06 10:59:22.243221
Sydney,23.5,2025-08-28 10:59:22.243223
New York,15.7,2026-06-26 10:59:22.243225
Tokyo,29.6,2025-07-13 10:59:22.243227
Sydney,25.5,2026-01-28 10:59:22.243229
London,26.3,2026-06-28 10:59:22.243231
Tokyo,15.4,2026-01-22 10:59:22.243233
Paris,10.1,2026-04-15 10:59:22.243235
New York,14.2,2026-02-24 10:59:22.243237
London,23.2,2026-01-12 10:59:22.243239
New York,21.5,2026-03-03 10:59:22.243241
London,10.4,2026-06-21 10:59:22.243243
Sydney,10.7,2026-04-05 10:59:22.243245
Tokyo,24.8,2025-12-18 10:59:22.243247
Sydney,19.7,2025-08-10 10:59:22.243249
New York,32.7,2026-06-23 10:59:22.243251
Paris,28.0,2025-12-25 10:59:22.243253
New York,21.8,2026-03-13 10:59:22.243255
Paris,29.0,2026-03-18 10:59:22.243257
London,19.9,2026-03-04 10:59:22.243259
Paris,27.7,2026-02-02 10:59:22.243261
Paris,10.2,2025-07-26 10:59:22.243263
New York,11.2,2025-12-16 10:59:22.243265
New York,29.7,2026-05-05 10:59:22.243267
Tokyo,18.2,2025-08-05 10:59:22.243269
London,16.4,2025-09-27 10:59:22.243271
Sydney,19.4,2025-08-19 10:59:22.243273
Sydney,17.7,2025-11-13 10:59:22.243275
Sydney,25.0,2026-01-02 10:59:22.243277
Tokyo,31.5,2025-11-03 10:59:22.243279
New York,34.7,2026-05-15 10:59:22.243281
Tokyo,34.3,2025-12-18 10:59:22.243283
Tokyo,26.2,2025-07-16 10:59:22.243285
Sydney,21.8,2026-06-21 10:59:22.243287
Tokyo,22.8,2026-01-12 10:59:22.243289
Sydney,21.7,2025-08-31 10:59:22.243291
London,34.1,2026-04-06 10:59:22.243293
Sydney,29.6,2025-07-30 10:59:22.243294
New York,22.7,2026-03-03 10:59:22.243297
Paris,24.5,2026-01-01 10:59:22.243299
Paris,14.7,2026-06-19 10:59:22.243300
New York,24.8,2025-08-27 10:59:22.243302
New York,22.7,2025-09-28 10:59:22.243305
Sydney,31.6,2026-03-20 10:59:22.243306
Tokyo,10.5,2026-05-28 10:59:22.243308
Tokyo,23.3,2026-02-19 10:59:22.243310
Paris,15.9,2026-02-12 10:59:22.243312
London,16.2,2026-02-05 10:59:22.243314
New York,19.8,2026-04-18 10:59:22.243316
New York,17.7,2026-03-15 10:59:22.243319
Sydney,11.1,2025-10-30 10:59:22.243321
Paris,16.8,2026-05-03 10:59:22.243323
Sydney,15.0,2025-12-18 10:59:22.243324
London,32.0,2026-04-10 10:59:22.243326
Sydney,18.8,2025-10-13 10:59:22.243328
Sydney,10.9,2025-09-18 10:59:22.243330
Sydney,18.8,2026-01-12 10:59:22.243332
London,14.5,2026-05-25 10:59:22.243334
New York,14.6,2026-02-07 10:59:22.243336
Tokyo,19.6,2026-02-17 10:59:22.243338
Paris,21.4,2025-11-17 10:59:22.243340
London,27.1,2025-09-20 10:59:22.243342
Sydney,29.1,2025-10-26 10:59:22.243344
Sydney,15.0,2025-12-05 10:59:22.243346
New York,26.5,2026-06-28 10:59:22.243348
Sydney,33.7,2025-09-26 10:59:22.243350
London,19.4,2026-02-19 10:59:22.243352
London,21.7,2026-01-17 10:59:22.243354
Sydney,34.5,2025-10-05 10:59:22.243356
London,28.1,2025-07-30 10:59:22.243358
London,33.7,2025-09-07 10:59:22.243360
Sydney,16.9,2026-07-01 10:59:22.243362
Sydney,25.9,2026-04-03 10:59:22.243364
Tokyo,25.8,2026-03-12 10:59:22.243366
London,21.8,2025-10-03 10:59:22.243368
Tokyo,15.4,2025-07-19 10:59:22.243370
New York,13.7,2025-08-18 10:59:22.243372
New York,19.8,2025-09-06 10:59:22.243374
Paris,29.6,2025-11-02 10:59:22.243376
London,11.1,2026-04-04 10:59:22.243378
Tokyo,33.7,2025-07-28 10:59:22.243381
London,11.0,2026-03-24 10:59:22.243383
London,33.4,2025-09-27 10:59:22.243384
Sydney,10.9,2026-04-05 10:59:22.243386
New York,24.0,2026-04-26 10:59:22.243388
New York,13.0,2026-02-17 10:59:22.243390
Tokyo,33.8,2025-10-05 10:59:22.243392
Tokyo,31.7,2026-05-12 10:59:22.243394
London,12.7,2025-12-18 10:59:22.243396
Paris,26.8,2025-10-30 10:59:22.243398
New York,30.4,2026-03-26 10:59:22.243400
New York,15.5,2025-07-05 10:59:22.243402
London,31.9,2026-04-27 10:59:22.243404
Sydney,16.2,2025-08-22 10:59:22.243406
New York,20.1,2026-04-26 10:59:22.243408
Sydney,14.9,2026-04-28 10:59:22.243411
London,25.1,2026-06-15 10:59:22.243412
London,22.7,2025-12-02 10:59:22.243414
London,17.8,2025-12-15 10:59:22.243416
New York,15.4,2026-01-18 10:59:22.243418
Tokyo,10.6,2026-05-25 10:59:22.243420
Sydney,15.8,2025-09-25 10:59:22.243422
Tokyo,24.9,2025-11-19 10:59:22.243424
Tokyo,27.7,2026-06-10 10:59:22.243426
Tokyo,15.9,2026-01-10 10:59:22.243428
Tokyo,23.1,2026-04-20 10:59:22.243430
Tokyo,19.6,2025-11-17 10:59:22.243432
Paris,22.3,2026-03-10 10:59:22.243434
London,10.1,2026-03-05 10:59:22.243436
London,33.2,2026-04-17 10:59:22.243438
Sydney,16.8,2026-01-07 10:59:22.243440
Tokyo,34.5,2025-10-18 10:59:22.243442
Tokyo,27.2,2026-04-05 10:59:22.243444
London,25.4,2025-07-20 10:59:22.243446
Tokyo,12.6,2026-01-19 10:59:22.243448
Sydney,14.4,2026-01-16 10:59:22.243450
New York,11.8,2025-07-10 10:59:22.243452
Tokyo,14.6,2026-02-02 10:59:22.243454
New York,29.3,2026-03-06 10:59:22.243456
Sydney,11.0,2026-03-05 10:59:22.243458
Tokyo,34.5,2025-07-25 10:59:22.243460
New York,22.4,2025-10-29 10:59:22.243462
London,23.5,2026-01-30 10:59:22.243464
Tokyo,28.6,2025-09-07 10:59:22.243466
New York,27.3,2026-02-03 10:59:22.243468
Paris,13.1,2026-01-20 10:59:22.243470
New York,30.1,2025-10-13 10:59:22.243472
London,18.4,2025-12-30 10:59:22.243474
New York,19.2,2025-10-11 10:59:22.243476
Paris,19.2,2026-06-29 10:59:22.243478
Paris,10.3,2025-10-26 10:59:22.243480
London,22.7,2025-12-24 10:59:22.243482
New York,20.6,2026-02-03 10:59:22.243484
Tokyo,30.5,2025-09-08 10:59:22.243486
London,17.8,2025-08-15 10:59:22.243488
New York,16.2,2026-06-22 10:59:22.243490
London,32.1,2025-10-01 10:59:22.243492
New York,13.5,2026-06-30 10:59:22.243494
Tokyo,13.0,2026-06-18 10:59:22.243496
Paris,18.6,2025-11-15 10:59:22.243498
New York,12.0,2025-12-08 10:59:22.243500
New York,25.0,2026-04-26 10:59:22.243502
Sydney,19.2,2026-05-28 10:59:22.243504
Tokyo,32.0,2025-09-27 10:59:22.243506
London,11.3,2025-12-21 10:59:22.243508
Tokyo,29.9,2026-02-06 10:59:22.243510
Tokyo,34.4,2025-08-24 10:59:22.243512
Paris,30.8,2025-10-26 10:59:22.243514
Tokyo,21.5,2026-06-13 10:59:22.243516
Paris,29.6,2025-10-29 10:59:22.243518
Paris,10.6,2026-04-26 10:59:22.243520
Paris,20.4,2026-05-28 10:59:22.243522
London,31.0,2025-09-11 10:59:22.243524
New York,12.8,2026-06-04 10:59:22.243526
London,15.1,2025-08-15 10:59:22.243528
Tokyo,33.5,2026-01-11 10:59:22.243530
Paris,17.6,2025-07-15 10:59:22.243532
Sydney,34.9,2025-10-22 10:59:22.243534
Sydney,29.9,2025-08-20 10:59:22.243536
Paris,10.7,2026-05-09 10:59:22.243547
Sydney,33.4,2025-11-11 10:59:22.243550
New York,21.7,2026-01-19 10:59:22.243552
New York,30.1,2025-12-26 10:59:22.243554
Sydney,13.3,2025-12-19 10:59:22.243556
Paris,17.9,2025-08-12 10:59:22.243558
Sydney,15.2,2026-01-14 10:59:22.243560
Sydney,12.5,2026-05-14 10:59:22.243562
Sydney,25.5,2025-08-01 10:59:22.243564
Tokyo,34.6,2026-02-15 10:59:22.243566
Tokyo,23.6,2025-07-29 10:59:22.243568
New York,12.5,2026-06-27 10:59:22.243570
New York,32.1,2025-09-08 10:59:22.243572
Sydney,33.3,2025-09-12 10:59:22.243574
London,20.7,2025-11-24 10:59:22.243576
Tokyo,26.2,2026-01-04 10:59:22.243578
Sydney,12.7,2026-03-31 10:59:22.243580
New York,24.3,2026-04-16 10:59:22.243582
Paris,14.8,2025-12-17 10:59:22.243584
Tokyo,12.7,2026-02-09 10:59:22.243586
New York,22.6,2025-12-13 10:59:22.243588
Paris,14.4,2025-10-25 10:59:22.243590
Paris,33.9,2026-04-12 10:59:22.243592
London,33.5,2025-08-30 10:59:22.243594
Tokyo,16.0,2026-01-27 10:59:22.243596
London,31.0,2026-06-02 10:59:22.243598
New York,13.2,2026-03-26 10:59:22.243600
New York,19.6,2025-10-19 10:59:22.243602
Sydney,33.2,2025-09-11 10:59:22.243604
Sydney,10.7,2025-12-06 10:59:22.243606
Tokyo,29.3,2025-09-29 10:59:22.243608
Paris,10.3,2026-02-27 10:59:22.243610
Sydney,32.4,2026-01-19 10:59:22.243612
Sydney,18.0,2026-04-15 10:59:22.243614
Paris,13.9,2025-10-21 10:59:22.243616
Tokyo,17.6,2026-04-23 10:59:22.243618
Sydney,29.4,2026-05-14 10:59:22.243620
London,25.3,2026-05-23 10:59:22.243622
New York,30.0,2026-03-30 10:59:22.243624
Tokyo,22.2,2025-08-15 10:59:22.243626
Sydney,18.3,2026-06-26 10:59:22.243628
Tokyo,17.9,2025-12-06 10:59:22.243630
New York,18.4,2025-11-19 10:59:22.243632
Paris,17.4,2026-05-11 10:59:22.243634
London,29.3,2026-06-06 10:59:22.243636
Tokyo,11.4,2025-08-11 10:59:22.243638
New York,21.6,2025-07-11 10:59:22.243640
Sydney,27.5,2026-04-05 10:59:22.243642
Paris,16.2,2026-01-27 10:59:22.243644
Paris,17.2,2025-10-13 10:59:22.243646
Sydney,25.4,2025-12-05 10:59:22.243648
London,23.3,2025-07-17 10:59:22.243650
Paris,32.8,2025-12-11 10:59:22.243652
Tokyo,28.8,2026-05-02 10:59:22.243653
New York,29.2,2026-04-23 10:59:22.243655
New York,31.3,2026-05-29 10:59:22.243657
London,31.0,2025-09-06 10:59:22.243659
New York,18.7,2026-02-03 10:59:22.243661
Sydney,31.3,2026-03-23 10:59:22.243663
Sydney,22.1,2025-07-18 10:59:22.243665
Paris,15.8,2025-11-09 10:59:22.243667
London,24.7,2025-09-16 10:59:22.243670
Paris,33.6,2025-09-19 10:59:22.243672
London,33.1,2025-10-10 10:59:22.243674
Paris,28.5,2026-02-22 10:59:22.243676
Sydney,11.1,2026-05-12 10:59:22.243678
Tokyo,11.0,2026-03-27 10:59:22.243680
New York,13.6,2026-01-30 10:59:22.243682
Paris,33.1,2026-03-25 10:59:22.243684
Paris,14.3,2026-01-01 10:59:22.243686
Sydney,11.8,2025-09-11 10:59:22.243688
London,27.5,2026-06-08 10:59:22.243690
Sydney,16.1,2025-09-21 10:59:22.243692
London,11.6,2026-02-16 10:59:22.243694
London,14.6,2025-09-08 10:59:22.243695
Sydney,15.4,2026-05-23 10:59:22.243697
Tokyo,12.0,2026-05-20 10:59:22.243700
Paris,30.8,2025-07-14 10:59:22.243702
Sydney,29.0,2026-02-16 10:59:22.243704
New York,21.6,2026-02-11 10:59:22.243706
New York,12.5,2026-05-23 10:59:22.243708
New York,27.1,2025-09-16 10:59:22.243710
Paris,16.4,2025-12-07 10:59:22.243712
Sydney,17.0,2025-12-25 10:59:22.243714
Paris,17.3,2025-07-08 10:59:22.243715
Tokyo,28.3,2025-10-03 10:59:22.243717
Tokyo,27.9,2025-10-08 10:59:22.243719
London,25.3,2026-02-28 10:59:22.243721
New York,12.1,2025-12-26 10:59:22.243723
New York,33.6,2025-12-03 10:59:22.243725
New York,14.9,2025-07-22 10:59:22.243727
London,10.6,2026-01-27 10:59:22.243729
London,18.5,2026-03-21 10:59:22.243731
London,27.8,2026-01-03 10:59:22.243733
Paris,17.7,2025-11-27 10:59:22.243735
Paris,21.2,2025-08-03 10:59:22.243737
New York,31.9,2026-03-07 10:59:22.243739
Tokyo,21.3,2025-11-13 10:59:22.243741
Tokyo,18.2,2026-04-19 10:59:22.243743
Paris,25.5,2026-04-01 10:59:22.243745
New York,11.2,2025-08-10 10:59:22.243747
Paris,20.9,2026-04-19 10:59:22.243749
Tokyo,33.8,2026-06-05 10:59:22.243751
London,21.7,2026-04-29 10:59:22.243753
New York,17.7,2026-03-29 10:59:22.243755
Tokyo,17.6,2025-08-31 10:59:22.243757
Sydney,15.8,2026-03-11 10:59:22.243759
Paris,27.4,2025-10-04 10:59:22.243761
New York,16.0,2026-01-05 10:59:22.243763
Tokyo,23.2,2026-03-28 10:59:22.243765
Sydney,15.4,2026-06-20 10:59:22.243767
New York,34.1,2026-01-08 10:59:22.243769
New York,16.2,2025-11-24 10:59:22.243771
New York,30.4,2026-01-17 10:59:22.243773
London,11.2,2026-04-27 10:59:22.243775
Sydney,32.9,2026-04-28 10:59:22.243777
Paris,15.2,2026-01-14 10:59:22.243779
Tokyo,15.6,2025-08-11 10:59:22.243781
Paris,13.6,2025-08-27 10:59:22.243783
New York,34.2,2025-10-06 10:59:22.243785
Paris,32.8,2025-12-21 10:59:22.243787
Sydney,13.3,2025-09-19 10:59:22.243789
Sydney,33.8,2026-02-18 10:59:22.243791
Tokyo,28.3,2026-04-03 10:59:22.243793
Tokyo,21.4,2025-09-11 10:59:22.243795
Paris,25.2,2025-12-06 10:59:22.243797
London,19.6,2026-05-29 10:59:22.243799
Sydney,11.8,2025-10-18 10:59:22.243801
London,11.3,2025-09-20 10:59:22.243803
New York,29.0,2026-01-26 10:59:22.243805
Tokyo,18.8,2025-10-07 10:59:22.243807
Paris,13.8,2025-08-21 10:59:22.243809
Sydney,13.4,2026-02-06 10:59:22.243811
Tokyo,12.6,2025-07-13 10:59:22.243813
New York,19.1,2026-06-19 10:59:22.243814
Paris,14.8,2026-05-18 10:59:22.243816
Sydney,11.9,2025-07-10 10:59:22.243818
Paris,34.2,2026-01-13 10:59:22.243820
Paris,25.2,2025-10-30 10:59:22.243822
Paris,13.2,2026-02-05 10:59:22.243824
Paris,32.7,2026-01-18 10:59:22.243826
Paris,20.2,2025-07-04 10:59:22.243828
New York,12.5,2026-03-12 10:59:22.243830
New York,17.4,2026-02-02 10:59:22.243832
New York,13.0,2025-10-11 10:59:22.243834
Tokyo,21.9,2026-02-21 10:59:22.243836
Tokyo,19.8,2026-02-08 10:59:22.243838
Paris,29.6,2025-08-18 10:59:22.243840
Paris,31.2,2026-04-30 10:59:22.243842
New York,19.1,2025-09-04 10:59:22.243844
Tokyo,12.2,2026-05-22 10:59:22.243846
Tokyo,34.3,2025-10-17 10:59:22.243848
Sydney,23.5,2025-07-20 10:59:22.243850
Paris,26.1,2026-05-28 10:59:22.243852
New York,19.0,2026-02-25 10:59:22.243854
Tokyo,31.6,2025-11-23 10:59:22.243855
London,15.6,2025-10-25 10:59:22.243857
London,13.8,2026-06-25 10:59:22.243859
London,15.9,2026-04-09 10:59:22.243861
Sydney,34.5,2025-08-30 10:59:22.243863
Tokyo,23.7,2026-06-19 10:59:22.243865
Paris,20.0,2025-07-08 10:59:22.243867
Tokyo,20.7,2026-02-06 10:59:22.243869
New York,10.2,2025-08-15 10:59:22.243871
Sydney,34.7,2026-03-06 10:59:22.243873
New York,11.6,2026-06-15 10:59:22.243875
Sydney,21.3,2025-12-30 10:59:22.243877
London,21.3,2025-10-01 10:59:22.243879
New York,22.0,2026-05-26 10:59:22.243881
London,32.9,2025-10-25 10:59:22.243883
London,10.9,2025-10-02 10:59:22.243885
New York,33.4,2025-09-23 10:59:22.243887
Sydney,28.0,2026-02-12 10:59:22.243889
London,25.4,2025-08-18 10:59:22.243891
New York,16.4,2025-07-11 10:59:22.243893
Sydney,27.7,2025-08-07 10:59:22.243895
New York,26.0,2026-01-09 10:59:22.243897
New York,13.6,2026-06-28 10:59:22.243899
London,21.3,2025-10-02 10:59:22.243901
New York,12.5,2026-05-05 10:59:22.243903
London,11.3,2025-08-03 10:59:22.243905
Sydney,33.7,2025-08-20 10:59:22.243907
Sydney,22.0,2026-02-08 10:59:22.243909
Sydney,10.2,2025-11-02 10:59:22.243911
Tokyo,27.1,2025-10-17 10:59:22.243913
London,10.8,2026-04-09 10:59:22.243915
London,16.1,2025-09-24 10:59:22.243917
London,17.5,2026-05-19 10:59:22.243919
London,22.7,2025-12-28 10:59:22.243921
Tokyo,27.6,2026-02-19 10:59:22.243923
New York,16.9,2025-07-19 10:59:22.243925
Sydney,33.9,2026-06-05 10:59:22.243927
Paris,21.8,2025-09-03 10:59:22.243929
New York,20.7,2025-09-09 10:59:22.243931
Tokyo,28.1,2025-11-15 10:59:22.243933
Paris,22.6,2026-02-24 10:59:22.243935
Tokyo,15.2,2025-07-21 10:59:22.243937
Tokyo,18.3,2026-05-23 10:59:22.243939
London,20.1,2025-12-03 10:59:22.243941
Tokyo,20.0,2025-09-20 10:59:22.243943
London,29.3,2026-06-04 10:59:22.243945
New York,20.0,2026-05-31 10:59:22.243947
London,14.5,2025-10-25 10:59:22.243949
Paris,16.9,2025-08-01 10:59:22.243951
Sydney,30.8,2026-05-25 10:59:22.243961
Paris,16.7,2026-03-09 10:59:22.243963
New York,14.3,2026-05-05 10:59:22.243965
Tokyo,26.0,2026-01-05 10:59:22.243967
New York,16.4,2026-03-25 10:59:22.243969
Sydney,34.5,2026-05-03 10:59:22.243971
Tokyo,26.5,2026-04-30 10:59:22.243973
Paris,27.8,2025-11-16 10:59:22.243975
Tokyo,32.7,2025-12-07 10:59:22.243977
Sydney,29.6,2026-04-21 10:59:22.243979
New York,24.7,2026-04-06 10:59:22.243981
Tokyo,34.1,2025-07-29 10:59:22.243983
New York,15.2,2025-08-04 10:59:22.243985
New York,17.6,2025-09-17 10:59:22.243987
Tokyo,24.7,2025-09-07 10:59:22.243989
New York,34.0,2025-07-22 10:59:22.243992
New York,34.5,2026-06-01 10:59:22.243994
Paris,28.1,2025-11-23 10:59:22.243996
London,29.7,2026-06-28 10:59:22.243997
Tokyo,15.8,2026-06-21 10:59:22.243999
Tokyo,22.4,2026-06-17 10:59:22.244001
Tokyo,30.9,2025-09-18 10:59:22.244004
Tokyo,31.4,2026-03-10 10:59:22.244005
New York,24.9,2026-02-15 10:59:22.244007
Tokyo,17.1,2025-12-31 10:59:22.244009
Sydney,12.5,2025-10-10 10:59:22.244011
London,15.7,2025-10-14 10:59:22.244013
New York,18.6,2025-11-11 10:59:22.244016
Sydney,32.3,2025-07-24 10:59:22.244018
Paris,13.9,2025-12-08 10:59:22.244020
Paris,32.8,2026-03-01 10:59:22.244022
New York,33.6,2026-03-08 10:59:22.244024
London,24.5,2026-04-10 10:59:22.244026
Paris,10.1,2026-06-19 10:59:22.244028
New York,33.0,2026-02-07 10:59:22.244029
Tokyo,23.3,2025-10-22 10:59:22.244031
New York,32.0,2026-06-01 10:59:22.244033
Tokyo,21.1,2025-11-27 10:59:22.244035
New York,33.9,2025-07-15 10:59:22.244037
New York,34.6,2026-03-17 10:59:22.244039
Tokyo,11.2,2025-08-25 10:59:22.244041
London,18.3,2025-12-05 10:59:22.244043
London,22.0,2026-03-12 10:59:22.244045
Sydney,10.9,2026-01-25 10:59:22.244047
New York,32.4,2025-09-02 10:59:22.244049
New York,13.8,2025-10-16 10:59:22.244051
London,27.9,2026-01-30 10:59:22.244053
London,12.5,2025-10-28 10:59:22.244055
Sydney,20.5,2025-12-03 10:59:22.244057
Sydney,13.0,2026-03-10 10:59:22.244059
Sydney,31.1,2025-08-24 10:59:22.244061
Tokyo,24.9,2025-11-27 10:59:22.244063
Sydney,17.1,2025-09-27 10:59:22.244065
Sydney,20.4,2025-12-31 10:59:22.244067
Paris,30.0,2025-11-27 10:59:22.244069
Sydney,20.3,2025-10-30 10:59:22.244071
Tokyo,15.8,2025-09-07 10:59:22.244073
London,28.5,2025-10-23 10:59:22.244075
Tokyo,29.1,2025-08-26 10:59:22.244077
Paris,16.8,2026-03-04 10:59:22.244079
Tokyo,11.8,2026-05-12 10:59:22.244081
New York,33.9,2026-07-03 10:59:22.244083
London,21.4,2026-02-18 10:59:22.244085
London,28.9,2026-05-29 10:59:22.244087
New York,11.1,2026-03-21 10:59:22.244089
London,17.8,2025-10-11 10:59:22.244091
Sydney,15.0,2025-09-06 10:59:22.244093
Sydney,16.2,2026-03-27 10:59:22.244095
London,15.1,2026-06-12 10:59:22.244097
New York,28.8,2025-12-25 10:59:22.244099
New York,15.9,2025-12-01 10:59:22.244101
Paris,13.9,2025-07-05 10:59:22.244103
Sydney,31.3,2026-06-25 10:59:22.244105
Tokyo,29.7,2025-10-31 10:59:22.244107
London,29.7,2026-06-18 10:59:22.244109
Paris,28.0,2025-07-04 10:59:22.244110
New York,11.5,2026-05-11 10:59:22.244113
Sydney,26.7,2026-05-28 10:59:22.244115
New York,20.8,2025-12-01 10:59:22.244117
New York,10.1,2026-03-11 10:59:22.244118
Paris,13.2,2025-10-11 10:59:22.244120
New York,22.0,2025-08-17 10:59:22.244123
London,16.5,2025-08-11 10:59:22.244125
Tokyo,32.5,2025-10-23 10:59:22.244127
London,10.5,2025-08-11 10:59:22.244129
Tokyo,28.1,2026-01-06 10:59:22.244131
London,32.5,2026-01-02 10:59:22.244132
London,33.0,2025-12-26 10:59:22.244134
New York,28.1,2026-02-02 10:59:22.244136
New York,34.5,2026-01-18 10:59:22.244138
Sydney,30.8,2025-08-10 10:59:22.244140
Paris,33.8,2025-08-01 10:59:22.244142
New York,23.0,2026-03-22 10:59:22.244145
London,30.4,2025-12-05 10:59:22.244146
Paris,25.6,2025-11-18 10:59:22.244148
Sydney,15.7,2025-12-06 10:59:22.244150
Sydney,32.8,2025-08-27 10:59:22.244152
Tokyo,18.4,2025-08-18 10:59:22.244154
Paris,29.1,2026-04-16 10:59:22.244156
Paris,31.8,2025-07-05 10:59:22.244158
Paris,31.8,2026-04-16 10:59:22.244160
New York,25.6,2026-06-12 10:59:22.244162
Paris,18.2,2026-01-10 10:59:22.244164
London,29.8,2026-04-02 10:59:22.244166
London,20.5,2025-12-10 10:59:22.244168
New York,31.9,2026-01-15 10:59:22.244170
Tokyo,31.9,2026-06-01 10:59:22.244172
Sydney,14.9,2025-12-11 10:59:22.244174
Tokyo,20.9,2026-07-01 10:59:22.244176
New York,24.7,2025-08-01 10:59:22.244178
London,28.8,2026-04-02 10:59:22.244180
Sydney,13.9,2025-11-13 10:59:22.244182
New York,29.5,2025-11-18 10:59:22.244184
London,14.8,2026-05-06 10:59:22.244186
New York,18.6,2025-07-31 10:59:22.244188
London,16.9,2026-05-30 10:59:22.244190
New York,11.1,2026-04-27 10:59:22.244192
New York,24.5,2026-02-15 10:59:22.244194
Sydney,20.5,2026-05-02 10:59:22.244196
New York,19.5,2026-01-31 10:59:22.244198
Sydney,11.5,2026-03-15 10:59:22.244200
Paris,19.0,2026-04-04 10:59:22.244202
New York,15.5,2025-09-20 10:59:22.244204
Sydney,15.7,2025-11-16 10:59:22.244206
London,23.4,2025-09-29 10:59:22.244208
Paris,10.9,2026-05-15 10:59:22.244210
Sydney,15.5,2026-04-01 10:59:22.244212
New York,29.3,2025-07-29 10:59:22.244214
London,10.0,2025-08-26 10:59:22.244216
Sydney,16.6,2025-10-10 10:59:22.244218
London,33.6,2026-02-18 10:59:22.244220
Sydney,11.3,2025-11-03 10:59:22.244222
Sydney,26.6,2025-11-27 10:59:22.244224
Tokyo,19.2,2025-08-03 10:59:22.244225
Tokyo,25.4,2026-06-24 10:59:22.244227
Paris,29.6,2025-12-09 10:59:22.244229
New York,24.1,2025-08-09 10:59:22.244231
New York,14.6,2026-03-08 10:59:22.244233
New York,32.9,2026-05-08 10:59:22.244235
Paris,23.4,2026-02-06 10:59:22.244237
Sydney,18.9,2025-11-22 10:59:22.244239
Paris,27.3,2025-07-07 10:59:22.244241
Sydney,29.9,2025-09-08 10:59:22.244243
Tokyo,17.3,2025-08-13 10:59:22.244245
Tokyo,16.9,2026-04-03 10:59:22.244247
London,16.4,2026-04-24 10:59:22.244249
Sydney,20.8,2025-11-30 10:59:22.244251
London,29.8,2026-03-26 10:59:22.244253
Paris,28.6,2025-07-23 10:59:22.244255
New York,13.8,2025-11-24 10:59:22.244257
Sydney,32.9,2025-12-10 10:59:22.244259
London,21.1,2026-05-10 10:59:22.244261
London,17.5,2026-01-12 10:59:22.244263
London,15.8,2026-04-01 10:59:22.244265
New York,19.1,2026-05-29 10:59:22.244267
Tokyo,10.4,2025-10-15 10:59:22.244269
Paris,23.0,2026-03-28 10:59:22.244271
Tokyo,23.2,2026-02-26 10:59:22.244273
Sydney,26.4,2025-09-09 10:59:22.244275
Paris,26.8,2025-09-26 10:59:22.244277
Tokyo,17.7,2026-06-05 10:59:22.244279
London,29.4,2026-01-01 10:59:22.244281
Tokyo,18.9,2025-11-23 10:59:22.244283
Tokyo,22.6,2025-11-23 10:59:22.244285
Paris,14.3,2025-09-01 10:59:22.244287
New York,25.1,2025-09-22 10:59:22.244289
Paris,21.6,2025-10-28 10:59:22.244291
London,15.5,2025-09-19 10:59:22.244293
New York,27.7,2025-10-30 10:59:22.244295
Paris,31.1,2026-02-11 10:59:22.244297
New York,14.1,2026-03-19 10:59:22.244299
Sydney,22.6,2025-12-06 10:59:22.244301
Sydney,30.7,2025-10-21 10:59:22.244303
London,30.2,2026-03-13 10:59:22.244305
London,22.7,2026-02-21 10:59:22.244307
Tokyo,20.7,2026-03-03 10:59:22.244308
London,19.7,2025-10-31 10:59:22.244310
New York,26.2,2025-09-13 10:59:22.244312
Tokyo,22.3,2025-09-10 10:59:22.244314
New York,22.5,2025-12-04 10:59:22.244316
Paris,27.4,2025-12-26 10:59:22.244318
Tokyo,15.0,2025-09-03 10:59:22.244320
Tokyo,23.2,2025-07-26 10:59:22.244322
Paris,34.8,2026-05-27 10:59:22.244324
Sydney,18.7,2026-04-15 10:59:22.244326
Paris,20.6,2026-06-01 10:59:22.244328
Sydney,17.0,2026-03-25 10:59:22.244330
Sydney,33.8,2025-09-27 10:59:22.244332
Tokyo,22.1,2025-10-05 10:59:22.244334
Paris,28.3,2026-06-30 10:59:22.244336
New York,30.6,2026-03-07 10:59:22.244338
Sydney,14.6,2026-06-03 10:59:22.244340
Sydney,34.0,2025-09-14 10:59:22.244342
London,14.3,2025-11-07 10:59:22.244344
Sydney,27.1,2025-07-30 10:59:22.244346
London,11.4,2026-04-09 10:59:22.244348
Sydney,20.5,2025-07-13 10:59:22.244350
Sydney,18.0,2026-01-05 10:59:22.244352
New York,29.8,2026-04-28 10:59:22.244354
Paris,34.2,2026-03-24 10:59:22.244356
Paris,11.2,2026-01-09 10:59:22.244358
Tokyo,31.1,2025-09-11 10:59:22.244360
New York,34.1,2025-12-15 10:59:22.244362
Tokyo,19.2,2025-10-21 10:59:22.244364
London,17.7,2026-06-30 10:59:22.244378
Tokyo,14.8,2025-08-13 10:59:22.244380
London,31.3,2025-11-27 10:59:22.244382
Paris,25.3,2026-05-21 10:59:22.244384
Sydney,14.6,2025-11-14 10:59:22.244386
London,23.1,2026-05-27 10:59:22.244388
London,30.6,2026-01-13 10:59:22.244390
Sydney,31.5,2026-06-20 10:59:22.244392
Sydney,28.1,2025-08-06 10:59:22.244394
Sydney,26.4,2026-04-10 10:59:22.244396
London,14.5,2026-03-31 10:59:22.244398
London,23.0,2025-07-28 10:59:22.244400
London,22.4,2025-11-30 10:59:22.244402
Paris,34.3,2025-07-21 10:59:22.244404
London,12.9,2025-10-14 10:59:22.244406
Paris,11.0,2026-02-18 10:59:22.244408
New York,30.8,2025-12-05 10:59:22.244410
Sydney,11.1,2025-12-07 10:59:22.244412
Sydney,26.9,2026-03-24 10:59:22.244414
Sydney,23.7,2025-12-20 10:59:22.244416
Sydney,28.3,2025-08-09 10:59:22.244418
Paris,30.1,2026-02-07 10:59:22.244420
Paris,33.2,2025-11-19 10:59:22.244422
New York,23.0,2026-03-06 10:59:22.244423
New York,24.7,2026-01-23 10:59:22.244426
Paris,25.1,2026-05-15 10:59:22.244428
London,34.2,2026-05-27 10:59:22.244430
Tokyo,32.4,2025-07-31 10:59:22.244432
New York,24.6,2026-06-13 10:59:22.244434
Tokyo,31.4,2025-10-06 10:59:22.244435
London,26.1,2025-12-13 10:59:22.244438
New York,14.8,2026-06-25 10:59:22.244440
Tokyo,25.5,2025-10-16 10:59:22.244442
New York,17.0,2025-11-16 10:59:22.244444
Sydney,11.1,2026-02-16 10:59:22.244446
Tokyo,33.7,2026-03-19 10:59:22.244448
London,20.5,2025-09-24 10:59:22.244450
Tokyo,26.1,2026-05-20 10:59:22.244452
London,15.4,2026-01-11 10:59:22.244454
London,29.5,2025-09-22 10:59:22.244456
Sydney,28.4,2025-10-24 10:59:22.244458
Tokyo,33.4,2025-11-12 10:59:22.244460
London,32.6,2025-12-12 10:59:22.244462
London,28.6,2025-08-28 10:59:22.244464
Paris,28.9,2025-09-12 10:59:22.244466
London,17.6,2025-11-21 10:59:22.244468
New York,17.9,2025-12-11 10:59:22.244469
Paris,33.8,2026-01-11 10:59:22.244471
Paris,32.5,2026-01-18 10:59:22.244473
Tokyo,29.5,2025-12-04 10:59:22.244475
Tokyo,29.3,2026-01-15 10:59:22.244477
Paris,30.9,2026-02-05 10:59:22.244479
Sydney,20.9,2025-09-16 10:59:22.244482
Paris,32.7,2026-01-01 10:59:22.244484
Paris,33.3,2026-05-09 10:59:22.244486
Sydney,24.3,2026-01-12 10:59:22.244487
New York,12.6,2025-11-10 10:59:22.244489
Sydney,11.4,2026-06-21 10:59:22.244491
Tokyo,25.2,2025-12-17 10:59:22.244493
Paris,22.6,2026-06-20 10:59:22.244495
New York,10.1,2025-12-25 10:59:22.244497
Paris,25.6,2025-09-04 10:59:22.244499
New York,29.9,2026-02-20 10:59:22.244501
Sydney,10.2,2025-10-01 10:59:22.244503
Sydney,17.8,2025-10-24 10:59:22.244505
Tokyo,24.2,2025-12-04 10:59:22.244507
New York,15.9,2026-03-29 10:59:22.244509
New York,25.0,2026-02-27 10:59:22.244511
Sydney,31.9,2025-11-05 10:59:22.244513
Paris,19.3,2026-02-09 10:59:22.244515
London,15.7,2026-04-11 10:59:22.244517
New York,34.9,2026-06-16 10:59:22.244519
Sydney,23.1,2026-04-17 10:59:22.244521
Tokyo,34.8,2025-11-07 10:59:22.244523
Paris,27.2,2026-02-17 10:59:22.244525
New York,11.2,2026-06-12 10:59:22.244527
London,11.6,2026-04-05 10:59:22.244529
Tokyo,21.8,2026-03-02 10:59:22.244531
Sydney,20.8,2026-01-08 10:59:22.244533
New York,22.9,2026-01-24 10:59:22.244535
Sydney,23.9,2025-09-14 10:59:22.244537
Sydney,19.8,2025-07-07 10:59:22.244539
Tokyo,11.8,2026-01-30 10:59:22.244541
Paris,28.7,2026-06-30 10:59:22.244543
New York,16.3,2025-09-04 10:59:22.244545
Tokyo,30.5,2025-08-31 10:59:22.244547
London,27.5,2025-12-19 10:59:22.244549
New York,16.5,2025-08-16 10:59:22.244551
London,18.6,2025-10-15 10:59:22.244553
London,14.5,2025-11-01 10:59:22.244555
Sydney,31.2,2026-01-23 10:59:22.244557
Tokyo,30.1,2026-02-19 10:59:22.244559
London,23.8,2025-08-30 10:59:22.244561
Paris,28.8,2026-06-13 10:59:22.244563
London,12.6,2026-06-23 10:59:22.244565
London,22.1,2026-05-16 10:59:22.244567
Tokyo,34.2,2026-05-02 10:59:22.244569
London,17.8,2025-07-15 10:59:22.244571
Paris,15.5,2025-11-08 10:59:22.244573
London,33.9,2025-09-18 10:59:22.244575
Paris,11.5,2025-09-24 10:59:22.244577
New York,21.6,2025-08-21 10:59:22.244579
New York,34.5,2025-11-18 10:59:22.244581
Tokyo,12.3,2025-11-24 10:59:22.244583
New York,17.9,2026-04-10 10:59:22.244584
New York,33.8,2026-06-27 10:59:22.244586
London,21.2,2025-08-07 10:59:22.244588
Sydney,23.9,2025-07-13 10:59:22.244590
Sydney,29.8,2025-10-14 10:59:22.244592
Sydney,26.8,2026-03-19 10:59:22.244595
Tokyo,34.4,2026-02-23 10:59:22.244596
London,11.3,2025-12-14 10:59:22.244598
Paris,34.4,2025-08-24 10:59:22.244600
New York,12.2,2026-03-29 10:59:22.244602
Sydney,24.1,2025-10-19 10:59:22.244604
Sydney,22.9,2026-03-19 10:59:22.244606
Tokyo,26.1,2025-07-11 10:59:22.244608
London,18.7,2025-07-18 10:59:22.244610
Tokyo,34.5,2025-12-02 10:59:22.244612
Sydney,14.3,2025-12-22 10:59:22.244614
Sydney,29.1,2026-01-06 10:59:22.244616
New York,33.6,2026-06-20 10:59:22.244618
Paris,25.6,2026-03-05 10:59:22.244620
Tokyo,27.2,2025-11-30 10:59:22.244622
Tokyo,11.5,2025-08-09 10:59:22.244624
Paris,31.0,2026-02-20 10:59:22.244626
Tokyo,26.7,2025-12-01 10:59:22.244628
London,25.4,2026-04-24 10:59:22.244630
Sydney,17.9,2025-09-22 10:59:22.244632
Tokyo,21.8,2026-05-14 10:59:22.244634
New York,10.9,2025-09-24 10:59:22.244636
New York,21.2,2026-01-10 10:59:22.244638
London,27.0,2025-07-25 10:59:22.244640
Tokyo,13.6,2026-01-02 10:59:22.244642
Paris,31.2,2025-12-30 10:59:22.244644
Tokyo,25.9,2025-09-12 10:59:22.244646
Paris,33.3,2026-05-06 10:59:22.244648
Sydney,17.8,2025-09-16 10:59:22.244650
Paris,23.2,2025-09-23 10:59:22.244652
Paris,30.2,2026-05-27 10:59:22.244654
London,22.1,2026-06-07 10:59:22.244656
New York,15.7,2025-07-29 10:59:22.244658
Paris,34.6,2025-12-07 10:59:22.244660
Paris,34.2,2025-10-20 10:59:22.244662
London,20.7,2026-05-09 10:59:22.244664
Paris,29.9,2026-01-05 10:59:22.244666
Paris,19.4,2025-12-11 10:59:22.244668
London,18.9,2026-03-05 10:59:22.244670
London,33.0,2025-11-25 10:59:22.244672
New York,33.6,2025-10-11 10:59:22.244674
Sydney,30.4,2025-12-02 10:59:22.244676
Tokyo,22.8,2026-05-30 10:59:22.244678
Paris,16.2,2025-11-28 10:59:22.244680
London,11.9,2026-04-04 10:59:22.244682
New York,19.2,2026-03-19 10:59:22.244683
New York,17.4,2026-02-24 10:59:22.244685
Paris,16.1,2026-06-12 10:59:22.244687
Paris,17.9,2025-10-26 10:59:22.244689
London,13.2,2026-06-07 10:59:22.244691
Sydney,26.1,2026-05-24 10:59:22.244693
New York,30.1,2025-08-16 10:59:22.244695
London,14.7,2026-06-19 10:59:22.244697
New York,34.5,2025-11-03 10:59:22.244699
Paris,18.4,2025-08-16 10:59:22.244701
Tokyo,24.5,2026-06-22 10:59:22.244703
Tokyo,13.5,2026-06-21 10:59:22.244706
Paris,12.5,2025-12-14 10:59:22.244707
Sydney,13.7,2026-06-10 10:59:22.244709
Tokyo,34.3,2025-10-08 10:59:22.244711
New York,11.6,2026-04-22 10:59:22.244713
Sydney,16.0,2025-07-28 10:59:22.244715
New York,22.5,2026-05-25 10:59:22.244717
London,35.0,2026-03-15 10:59:22.244720
Tokyo,14.8,2026-02-12 10:59:22.244722
Tokyo,20.0,2025-10-21 10:59:22.244723
London,31.3,2026-03-04 10:59:22.244725
New York,26.9,2026-05-14 10:59:22.244727
Tokyo,17.1,2026-03-18 10:59:22.244729
New York,26.5,2025-10-25 10:59:22.244731
Tokyo,18.9,2026-05-08 10:59:22.244733
Sydney,34.8,2026-04-03 10:59:22.244735
London,17.3,2025-07-07 10:59:22.244737
Paris,24.2,2025-09-21 10:59:22.244739
London,19.0,2025-12-04 10:59:22.244741
Tokyo,13.5,2025-11-18 10:59:22.244743
New York,23.6,2026-04-25 10:59:22.244745
Tokyo,34.3,2025-08-10 10:59:22.244747
Paris,15.4,2026-03-24 10:59:22.244749
Sydney,13.3,2026-04-11 10:59:22.244751
Tokyo,27.1,2026-02-24 10:59:22.244753
Tokyo,14.4,2026-01-08 10:59:22.244755
London,13.8,2025-12-25 10:59:22.244757
Sydney,24.5,2026-03-23 10:59:22.244759
New York,13.9,2025-08-23 10:59:22.244761
New York,28.1,2025-12-26 10:59:22.244763
London,26.1,2025-10-11 10:59:22.244765
New York,26.1,2025-09-05 10:59:22.244767
London,25.3,2026-05-01 10:59:22.244769
Sydney,27.2,2025-07-27 10:59:22.244771
Sydney,28.3,2026-03-12 10:59:22.244773
Tokyo,16.8,2025-08-18 10:59:22.244775
Tokyo,33.0,2025-12-21 10:59:22.244777
London,10.2,2026-03-12 10:59:22.244779
Paris,12.9,2025-10-10 10:59:22.244781
New York,28.4,2026-03-23 10:59:22.244790
Tokyo,21.5,2026-03-16 10:59:22.244793
Paris,33.2,2026-06-04 10:59:22.244795
Paris,28.1,2025-11-17 10:59:22.244797
New York,27.3,2025-10-25 10:59:22.244798
London,18.6,2026-03-26 10:59:22.244801
London,28.3,2025-11-11 10:59:22.244803
Tokyo,17.4,2026-03-04 10:59:22.244804
Tokyo,27.2,2025-10-04 10:59:22.244806
Paris,23.5,2026-01-04 10:59:22.244809
Sydney,17.4,2025-09-13 10:59:22.244811
Tokyo,15.2,2026-05-10 10:59:22.244813
London,14.1,2025-11-17 10:59:22.244814
New York,27.0,2025-12-04 10:59:22.244816
Tokyo,15.2,2025-09-09 10:59:22.244818
Tokyo,10.9,2025-12-14 10:59:22.244820
Tokyo,12.8,2026-01-28 10:59:22.244822
London,28.1,2025-09-23 10:59:22.244824
London,30.8,2026-02-07 10:59:22.244826
Tokyo,22.3,2026-02-15 10:59:22.244828
Sydney,29.7,2026-06-30 10:59:22.244830
Paris,32.1,2025-10-05 10:59:22.244832
Sydney,10.6,2026-01-28 10:59:22.244834
London,31.4,2026-04-02 10:59:22.244836
New York,19.6,2026-06-06 10:59:22.244838
London,29.1,2026-06-20 10:59:22.244840
Sydney,26.1,2025-07-08 10:59:22.244842
Tokyo,20.3,2026-05-06 10:59:22.244844
New York,33.2,2025-11-22 10:59:22.244846
Sydney,21.7,2026-05-11 10:59:22.244848
New York,10.7,2026-03-19 10:59:22.244850
London,33.0,2026-06-26 10:59:22.244852
Paris,11.3,2025-11-10 10:59:22.244854
Sydney,20.0,2026-01-20 10:59:22.244856
Tokyo,26.6,2025-10-01 10:59:22.244858
Tokyo,14.1,2025-12-29 10:59:22.244860
Sydney,19.8,2025-07-18 10:59:22.244862
Paris,23.6,2025-09-27 10:59:22.244864
Tokyo,10.9,2026-02-22 10:59:22.244866
New York,22.8,2025-07-23 10:59:22.244868
London,12.7,2026-02-09 10:59:22.244870
Sydney,31.1,2025-08-25 10:59:22.244872
New York,23.2,2025-12-23 10:59:22.244874
Sydney,29.4,2026-06-24 10:59:22.244876
Paris,32.6,2026-03-26 10:59:22.244878
Paris,27.9,2025-11-13 10:59:22.244880
Paris,32.4,2026-04-30 10:59:22.244882
Tokyo,23.1,2025-08-20 10:59:22.244884
New York,13.0,2026-03-23 10:59:22.244886
Paris,28.2,2026-02-17 10:59:22.244888
Tokyo,24.7,2026-01-23 10:59:22.244890
London,30.5,2026-01-22 10:59:22.244892
Sydney,31.7,2025-07-06 10:59:22.244894
Sydney,27.7,2025-07-07 10:59:22.244896
London,30.9,2025-08-02 10:59:22.244898
New York,27.8,2026-02-09 10:59:22.244900
New York,24.6,2026-04-27 10:59:22.244902
New York,26.7,2026-06-16 10:59:22.244904
New York,34.3,2025-08-22 10:59:22.244906
Tokyo,11.2,2025-10-07 10:59:22.244908
London,20.6,2025-08-07 10:59:22.244910
Paris,34.7,2026-06-05 10:59:22.244912
Tokyo,34.3,2025-09-25 10:59:22.244914
Tokyo,24.2,2026-05-06 10:59:22.244916
London,11.3,2026-04-18 10:59:22.244918
Sydney,32.0,2025-07-17 10:59:22.244920
New York,24.8,2026-05-18 10:59:22.244922
Tokyo,25.2,2026-05-27 10:59:22.244924
Paris,19.1,2026-04-30 10:59:22.244926
New York,14.4,2025-10-01 10:59:22.244928
Tokyo,25.4,2025-08-15 10:59:22.244930
Tokyo,24.0,2026-03-14 10:59:22.244932
London,12.8,2026-04-05 10:59:22.244934
Tokyo,17.8,2026-03-27 10:59:22.244936
Sydney,14.2,2025-09-05 10:59:22.244938
Tokyo,16.9,2025-12-24 10:59:22.244940
Paris,31.3,2026-01-07 10:59:22.244942
Paris,21.4,2025-11-28 10:59:22.244944
Paris,17.3,2025-12-16 10:59:22.244946
Tokyo,12.0,2025-08-11 10:59:22.244948
New York,19.2,2026-04-10 10:59:22.244950
Tokyo,15.9,2026-04-08 10:59:22.244952
Tokyo,18.9,2025-08-17 10:59:22.244953
London,11.8,2025-12-22 10:59:22.244955
Paris,29.8,2026-05-14 10:59:22.244957
Tokyo,29.7,2025-08-02 10:59:22.244959
London,18.8,2025-10-22 10:59:22.244961
Sydney,34.0,2026-01-03 10:59:22.244963
Paris,25.2,2026-07-02 10:59:22.244965
Sydney,22.9,2025-10-20 10:59:22.244967
Sydney,27.6,2026-05-06 10:59:22.244969
Paris,22.9,2026-02-19 10:59:22.244971
Tokyo,12.1,2025-11-12 10:59:22.244973
Tokyo,24.0,2025-10-10 10:59:22.244975
Sydney,17.0,2026-03-12 10:59:22.244977
Paris,25.3,2025-12-09 10:59:22.244979
London,14.4,2025-12-21 10:59:22.244981
Sydney,16.5,2025-12-16 10:59:22.244983
Tokyo,10.2,2026-01-29 10:59:22.244985
London,21.0,2025-11-29 10:59:22.244987
London,14.5,2026-03-21 10:59:22.244989
Paris,21.8,2025-10-31 10:59:22.244991
Paris,18.2,2025-08-06 10:59:22.244993
Paris,20.9,2026-03-14 10:59:22.244995
Sydney,34.4,2026-06-01 10:59:22.244997
London,17.0,2026-06-22 10:59:22.244999
Tokyo,24.7,2025-09-26 10:59:22.245001
London,19.3,2025-07-17 10:59:22.245003
Sydney,13.4,2026-06-20 10:59:22.245005
Tokyo,29.6,2026-06-20 10:59:22.245007
Paris,18.8,2026-03-18 10:59:22.245009
Tokyo,27.6,2025-12-18 10:59:22.245011
Tokyo,10.7,2025-10-19 10:59:22.245013
Tokyo,29.5,2025-07-21 10:59:22.245015
Sydney,17.0,2025-08-25 10:59:22.245017
Paris,11.7,2026-01-17 10:59:22.245019
Paris,15.4,2026-07-03 10:59:22.245021
Paris,20.3,2025-12-13 10:59:22.245023
Sydney,21.6,2026-05-09 10:59:22.245025
Sydney,20.4,2026-06-14 10:59:22.245027
Sydney,26.6,2025-07-17 10:59:22.245029
Paris,27.1,2026-05-28 10:59:22.245031
Tokyo,31.7,2025-07-25 10:59:22.245033
London,23.4,2026-01-09 10:59:22.245035
London,33.5,2025-11-13 10:59:22.245037
London,18.0,2025-12-04 10:59:22.245039
Sydney,30.3,2025-12-19 10:59:22.245041
New York,21.1,2026-04-05 10:59:22.245042
Paris,19.1,2025-07-04 10:59:22.245045
Tokyo,16.5,2025-11-17 10:59:22.245047
Paris,29.5,2026-05-03 10:59:22.245048
Sydney,22.8,2026-04-03 10:59:22.245050
London,30.9,2025-12-18 10:59:22.245052
London,10.3,2025-07-26 10:59:22.245054
New York,16.9,2025-10-20 10:59:22.245056
London,12.1,2026-05-22 10:59:22.245058
New York,25.5,2026-04-02 10:59:22.245060
Paris,13.4,2025-10-16 10:59:22.245062
London,23.4,2025-11-24 10:59:22.245064
London,29.7,2026-03-19 10:59:22.245066
Sydney,31.2,2025-07-25 10:59:22.245068
London,24.7,2025-10-07 10:59:22.245070
London,15.6,2026-02-15 10:59:22.245072
Tokyo,19.8,2026-01-03 10:59:22.245074
New York,33.0,2025-10-26 10:59:22.245076
Tokyo,28.5,2025-08-16 10:59:22.245078
London,14.8,2025-08-07 10:59:22.245080
Tokyo,11.1,2025-08-15 10:59:22.245082
Tokyo,34.6,2026-01-14 10:59:22.245084
London,25.1,2025-12-18 10:59:22.245086
New York,32.5,2025-09-22 10:59:22.245088
Paris,10.2,2026-03-02 10:59:22.245090
Sydney,20.2,2026-05-29 10:59:22.245092
New York,29.2,2026-06-01 10:59:22.245094
Paris,19.3,2025-10-15 10:59:22.245096
London,15.0,2025-08-05 10:59:22.245098
Paris,26.3,2025-07-26 10:59:22.245100
Sydney,25.8,2025-08-06 10:59:22.245102
London,27.0,2025-09-14 10:59:22.245104
Sydney,26.2,2025-12-28 10:59:22.245106
Sydney,31.8,2026-03-14 10:59:22.245108
New York,26.1,2026-07-02 10:59:22.245110
New York,14.1,2025-11-26 10:59:22.245112
Paris,31.1,2025-12-07 10:59:22.245114
Sydney,19.1,2025-08-15 10:59:22.245116
London,18.5,2025-11-27 10:59:22.245118
New York,33.8,2026-02-18 10:59:22.245120
Paris,24.4,2026-06-01 10:59:22.245122
New York,20.5,2025-09-27 10:59:22.245124
London,19.7,2025-09-08 10:59:22.245126
Sydney,20.2,2026-05-21 10:59:22.245128
Tokyo,16.2,2025-12-18 10:59:22.245130
New York,21.8,2025-07-20 10:59:22.245132
Paris,33.7,2025-08-15 10:59:22.245134
Tokyo,27.2,2026-04-01 10:59:22.245136
Tokyo,30.3,2026-06-17 10:59:22.245138
London,32.8,2025-12-19 10:59:22.245140
London,24.4,2026-06-18 10:59:22.245142
London,13.7,2025-07-25 10:59:22.245144
Sydney,12.8,2025-11-12 10:59:22.245146
London,19.5,2026-03-09 10:59:22.245148
London,31.6,2026-06-16 10:59:22.245150
Tokyo,19.5,2025-11-26 10:59:22.245151
London,26.6,2026-03-17 10:59:22.245153
New York,32.2,2026-05-01 10:59:22.245155
New York,33.2,2026-05-09 10:59:22.245157
Tokyo,18.3,2026-06-12 10:59:22.245159
Sydney,26.4,2026-01-03 10:59:22.245161
London,11.5,2026-03-27 10:59:22.245163
Tokyo,33.8,2026-05-31 10:59:22.245165
Paris,18.6,2025-08-13 10:59:22.245167
Tokyo,23.0,2025-10-20 10:59:22.245169
Tokyo,23.7,2025-10-28 10:59:22.245171
Tokyo,26.5,2025-10-01 10:59:22.245173
Sydney,12.7,2025-08-19 10:59:22.245175
New York,19.1,2026-04-01 10:59:22.245177
Paris,28.2,2026-05-26 10:59:22.245179
London,34.9,2026-01-26 10:59:22.245181
New York,20.8,2025-10-19 10:59:22.245183
Paris,34.3,2026-03-08 10:59:22.245185
London,13.0,2025-10-07 10:59:22.245187
Sydney,18.9,2025-10-30 10:59:22.245189
Paris,13.1,2025-11-26 10:59:22.245191
Sydney,32.3,2026-04-10 10:59:22.245193
Paris,32.2,2025-07-13 10:59:22.245195
Paris,15.5,2026-01-16 10:59:22.245205
Tokyo,16.1,2026-01-08 10:59:22.245208
New York,19.8,2026-02-21 10:59:22.245210
New York,15.7,2025-10-25 10:59:22.245212
Paris,33.2,2025-08-13 10:59:22.245214
Tokyo,19.4,2026-01-22 10:59:22.245216
New York,28.1,2026-03-07 10:59:22.245218
Tokyo,26.3,2025-11-14 10:59:22.245220
New York,17.8,2026-06-18 10:59:22.245222
Tokyo,21.0,2026-03-16 10:59:22.245224
Sydney,21.5,2025-12-10 10:59:22.245226
Tokyo,29.2,2026-04-16 10:59:22.245228
Tokyo,16.0,2026-06-11 10:59:22.245230
Paris,10.6,2025-09-28 10:59:22.245231
London,27.0,2026-01-04 10:59:22.245233
Tokyo,19.0,2026-03-02 10:59:22.245235
Paris,33.6,2026-01-06 10:59:22.245237
London,10.6,2026-05-02 10:59:22.245239
Sydney,30.8,2025-07-08 10:59:22.245241
New York,14.5,2026-04-10 10:59:22.245243
Paris,31.9,2025-12-01 10:59:22.245245
Sydney,22.8,2025-10-04 10:59:22.245247
London,12.4,2026-04-02 10:59:22.245249
London,28.2,2026-05-30 10:59:22.245251
Paris,26.1,2025-11-22 10:59:22.245253
New York,12.3,2026-04-09 10:59:22.245255
London,15.6,2025-09-25 10:59:22.245257
London,14.9,2025-08-18 10:59:22.245259
Tokyo,26.3,2025-12-17 10:59:22.245261
London,11.1,2025-08-08 10:59:22.245263
Sydney,16.8,2026-04-10 10:59:22.245265
Sydney,10.3,2026-03-08 10:59:22.245267
Paris,34.7,2025-08-26 10:59:22.245269
Sydney,23.7,2025-11-24 10:59:22.245271
New York,24.0,2026-05-15 10:59:22.245273
Sydney,15.5,2026-01-27 10:59:22.245275
London,19.6,2025-11-04 10:59:22.245277
Paris,24.1,2026-04-28 10:59:22.245279
London,30.2,2026-05-21 10:59:22.245280
Paris,15.2,2025-08-24 10:59:22.245282
New York,34.4,2026-03-17 10:59:22.245285
Paris,22.7,2026-05-28 10:59:22.245286
London,21.6,2025-12-13 10:59:22.245288
Tokyo,24.7,2026-02-18 10:59:22.245290
New York,34.4,2026-06-10 10:59:22.245292
New York,19.6,2026-03-01 10:59:22.245294
London,21.8,2025-11-04 10:59:22.245296
London,27.8,2025-12-17 10:59:22.245298
Tokyo,32.9,2025-08-05 10:59:22.245300
Sydney,17.0,2025-12-16 10:59:22.245302
London,29.4,2025-11-21 10:59:22.245304
Sydney,16.5,2025-10-22 10:59:22.245306
London,10.4,2026-02-18 10:59:22.245308
Sydney,17.1,2025-10-26 10:59:22.245310
Paris,12.9,2025-11-23 10:59:22.245312
London,19.5,2025-12-05 10:59:22.245314
Sydney,15.8,2025-07-13 10:59:22.245316
Paris,29.4,2026-03-10 10:59:22.245318
London,24.3,2025-08-03 10:59:22.245320
London,28.2,2025-12-28 10:59:22.245322
Sydney,21.1,2025-09-06 10:59:22.245324
London,30.3,2026-04-15 10:59:22.245326
Paris,26.3,2026-04-24 10:59:22.245327
London,11.3,2025-09-18 10:59:22.245329
Paris,19.5,2026-05-15 10:59:22.245332
Sydney,32.7,2025-08-18 10:59:22.245333
Sydney,31.6,2025-10-30 10:59:22.245335
London,30.2,2026-06-29 10:59:22.245337
New York,22.0,2026-06-26 10:59:22.245339
London,22.3,2026-06-03 10:59:22.245341
Paris,16.1,2026-05-17 10:59:22.245343
Tokyo,30.5,2025-09-12 10:59:22.245345
Sydney,24.0,2026-01-20 10:59:22.245347
Tokyo,12.5,2026-01-31 10:59:22.245349
Tokyo,19.4,2026-03-28 10:59:22.245351
Paris,11.8,2025-08-16 10:59:22.245353
Tokyo,15.0,2025-11-18 10:59:22.245355
London,12.2,2025-11-05 10:59:22.245357
Tokyo,30.4,2025-08-26 10:59:22.245359
London,14.9,2026-04-09 10:59:22.245362
Paris,15.9,2026-05-01 10:59:22.245364
New York,32.4,2026-03-09 10:59:22.245366
Tokyo,32.4,2025-09-24 10:59:22.245368
Sydney,22.1,2025-10-16 10:59:22.245370
Tokyo,28.7,2026-03-08 10:59:22.245372
Paris,30.9,2026-03-31 10:59:22.245374
Paris,10.2,2026-04-09 10:59:22.245376
Paris,30.2,2026-04-26 10:59:22.245378
Sydney,30.6,2025-08-16 10:59:22.245380
London,26.0,2025-11-07 10:59:22.245382
London,14.8,2025-08-12 10:59:22.245383
Paris,34.6,2026-05-09 10:59:22.245385
Paris,31.8,2025-10-30 10:59:22.245388
Sydney,11.0,2025-09-28 10:59:22.245390
Sydney,32.2,2025-10-29 10:59:22.245391
Paris,28.0,2026-06-18 10:59:22.245393
London,22.1,2026-01-18 10:59:22.245395
New York,34.0,2026-05-17 10:59:22.245397
Tokyo,14.8,2025-11-24 10:59:22.245399
Sydney,18.9,2025-07-30 10:59:22.245401
Paris,32.6,2026-07-01 10:59:22.245403
Sydney,27.3,2026-06-10 10:59:22.245405
New York,20.5,2025-07-20 10:59:22.245407
Tokyo,18.8,2026-05-18 10:59:22.245409
Paris,26.0,2026-04-17 10:59:22.245411
Sydney,32.2,2026-05-14 10:59:22.245413
New York,12.9,2026-05-17 10:59:22.245415
Tokyo,24.8,2026-06-03 10:59:22.245417
Sydney,13.1,2026-02-07 10:59:22.245419
New York,10.2,2026-06-20 10:59:22.245421
Paris,21.7,2025-07-03 10:59:22.245423
Paris,13.1,2025-08-25 10:59:22.245425
Paris,24.3,2026-03-14 10:59:22.245427
Tokyo,14.5,2026-01-23 10:59:22.245429
London,32.1,2025-09-11 10:59:22.245431
New York,21.1,2025-10-07 10:59:22.245433
London,14.5,2025-09-15 10:59:22.245435
New York,34.0,2026-05-09 10:59:22.245437
London,20.5,2026-03-31 10:59:22.245439
London,15.2,2026-01-26 10:59:22.245441
London,22.6,2026-02-16 10:59:22.245443
New York,13.7,2025-08-13 10:59:22.245445
London,28.5,2026-02-11 10:59:22.245447
New York,20.1,2026-05-28 10:59:22.245449
Paris,10.2,2025-11-22 10:59:22.245451
Paris,17.4,2025-07-29 10:59:22.245453
Paris,22.8,2026-03-05 10:59:22.245455
London,11.0,2026-05-02 10:59:22.245457
London,32.0,2025-12-24 10:59:22.245459
London,23.6,2025-12-11 10:59:22.245461
Sydney,25.9,2026-04-28 10:59:22.245463
London,20.4,2025-10-19 10:59:22.245465
Tokyo,23.7,2026-01-04 10:59:22.245467
New York,20.6,2026-06-16 10:59:22.245469
Tokyo,29.7,2026-06-18 10:59:22.245471
Tokyo,23.9,2025-11-15 10:59:22.245473
Sydney,21.6,2026-01-29 10:59:22.245475
Sydney,18.0,2026-02-22 10:59:22.245477
Tokyo,15.3,2025-10-23 10:59:22.245479
New York,13.4,2026-05-03 10:59:22.245481
Paris,32.6,2026-03-27 10:59:22.245483
New York,10.1,2025-08-04 10:59:22.245485
Sydney,24.1,2025-07-20 10:59:22.245487
Tokyo,25.5,2026-06-26 10:59:22.245489
Paris,20.6,2026-01-22 10:59:22.245491
New York,25.5,2025-12-19 10:59:22.245493
Paris,19.1,2026-06-27 10:59:22.245495
Sydney,28.6,2026-01-28 10:59:22.245497
Sydney,34.6,2026-05-16 10:59:22.245499
Sydney,30.3,2025-10-18 10:59:22.245501
Paris,18.6,2026-04-25 10:59:22.245503
Paris,10.1,2026-01-26 10:59:22.245505
Tokyo,33.4,2025-07-14 10:59:22.245507
Sydney,32.4,2025-12-16 10:59:22.245509
New York,32.9,2026-01-08 10:59:22.245510
New York,12.0,2026-02-21 10:59:22.245512
New York,28.2,2025-11-17 10:59:22.245514
New York,11.3,2025-12-11 10:59:22.245516
London,26.4,2025-08-05 10:59:22.245518
Sydney,13.8,2025-12-29 10:59:22.245520
Tokyo,11.0,2026-01-25 10:59:22.245522
London,20.3,2025-11-20 10:59:22.245524
London,25.2,2025-09-14 10:59:22.245526
New York,34.6,2025-10-28 10:59:22.245528
Tokyo,15.6,2026-02-23 10:59:22.245530
New York,26.7,2026-07-01 10:59:22.245532
Sydney,30.3,2026-04-16 10:59:22.245534
Sydney,34.6,2026-05-25 10:59:22.245536
Tokyo,26.2,2025-08-26 10:59:22.245538
Sydney,16.5,2026-06-18 10:59:22.245540
Tokyo,17.7,2025-12-17 10:59:22.245542
Paris,15.8,2026-06-19 10:59:22.245544
Tokyo,19.0,2026-01-10 10:59:22.245546
New York,31.4,2026-05-02 10:59:22.245548
Paris,31.7,2026-01-08 10:59:22.245550
Sydney,29.5,2026-07-02 10:59:22.245552
Sydney,19.1,2025-08-16 10:59:22.245554
New York,13.9,2026-04-27 10:59:22.245556
New York,21.2,2026-06-18 10:59:22.245558
Paris,10.2,2026-02-15 10:59:22.245560
Sydney,24.5,2025-09-06 10:59:22.245561
Sydney,33.8,2025-07-03 10:59:22.245564
Sydney,23.6,2025-09-23 10:59:22.245566
New York,29.4,2025-07-20 10:59:22.245568
Sydney,10.2,2026-02-04 10:59:22.245570
Tokyo,19.7,2025-07-18 10:59:22.245572
London,16.6,2026-03-23 10:59:22.245574
Tokyo,13.4,2025-09-19 10:59:22.245576
London,33.8,2026-01-18 10:59:22.245578
London,26.2,2025-08-05 10:59:22.245580
New York,22.6,2025-11-10 10:59:22.245582
New York,18.4,2025-08-11 10:59:22.245584
London,26.5,2026-06-16 10:59:22.245586
Sydney,13.4,2025-08-13 10:59:22.245588
Sydney,23.4,2025-11-27 10:59:22.245590
Tokyo,21.7,2025-11-11 10:59:22.245592
Sydney,19.6,2025-09-07 10:59:22.245593
New York,12.6,2026-01-24 10:59:22.245595
New York,17.2,2026-01-27 10:59:22.245597
Paris,33.0,2026-04-11 10:59:22.245599
London,29.4,2025-08-29 10:59:22.245601
Paris,11.8,2025-07-03 10:59:22.245603
Tokyo,25.5,2025-12-31 10:59:22.245605
Paris,26.4,2026-01-21 10:59:22.245607
New York,18.3,2025-12-31 10:59:22.245617
London,13.2,2025-09-29 10:59:22.245619
London,25.3,2026-04-05 10:59:22.245621
New York,19.1,2025-12-22 10:59:22.245623
Paris,15.7,2025-09-04 10:59:22.245626
Sydney,11.3,2025-07-26 10:59:22.245628
Tokyo,31.0,2026-03-25 10:59:22.245630
Paris,10.1,2025-12-27 10:59:22.245632
New York,27.5,2025-11-04 10:59:22.245634
New York,17.6,2026-06-10 10:59:22.245636
Tokyo,20.9,2026-05-27 10:59:22.245638
London,27.3,2026-05-02 10:59:22.245640
London,18.4,2025-07-19 10:59:22.245642
New York,12.4,2025-09-25 10:59:22.245644
Sydney,26.7,2026-03-05 10:59:22.245646
New York,33.1,2026-01-20 10:59:22.245648
Tokyo,17.0,2026-02-14 10:59:22.245650
Sydney,10.9,2025-09-16 10:59:22.245652
Sydney,20.6,2025-08-07 10:59:22.245654
Sydney,15.2,2025-09-20 10:59:22.245656
Tokyo,13.5,2026-02-20 10:59:22.245658
Sydney,12.9,2026-04-21 10:59:22.245660
Tokyo,32.0,2025-11-18 10:59:22.245662
Paris,25.9,2025-12-25 10:59:22.245663
New York,14.5,2025-10-06 10:59:22.245665
Sydney,26.3,2026-04-25 10:59:22.245667
Sydney,17.9,2026-05-10 10:59:22.245669
Sydney,13.5,2025-11-14 10:59:22.245671
New York,20.9,2026-05-27 10:59:22.245673
Tokyo,14.8,2026-05-09 10:59:22.245675
Sydney,11.5,2025-12-10 10:59:22.245677
London,23.9,2025-12-30 10:59:22.245679
London,25.1,2026-01-17 10:59:22.245681
Sydney,24.0,2026-01-12 10:59:22.245683
Sydney,22.5,2026-06-24 10:59:22.245685
London,31.2,2025-07-28 10:59:22.245687
New York,29.1,2025-12-11 10:59:22.245689
New York,33.0,2025-09-14 10:59:22.245691
Tokyo,17.3,2026-04-30 10:59:22.245693
Paris,24.3,2026-06-21 10:59:22.245695
London,27.7,2026-05-20 10:59:22.245697
London,24.4,2026-06-11 10:59:22.245699
Paris,29.4,2026-05-05 10:59:22.245700
London,18.6,2026-02-06 10:59:22.245702
Sydney,32.7,2025-11-21 10:59:22.245704
London,16.9,2025-12-05 10:59:22.245706
New York,10.4,2026-06-12 10:59:22.245708
Tokyo,32.1,2026-06-17 10:59:22.245710
Paris,17.7,2026-01-14 10:59:22.245712
London,12.9,2026-02-07 10:59:22.245714
Tokyo,34.5,2026-05-19 10:59:22.245716
Sydney,22.1,2026-06-27 10:59:22.245718
London,30.0,2025-08-16 10:59:22.245720
Paris,10.3,2025-11-18 10:59:22.245722
New York,21.6,2025-11-02 10:59:22.245724
Tokyo,24.2,2025-11-02 10:59:22.245726
Tokyo,10.7,2025-12-04 10:59:22.245728
New York,32.7,2025-07-24 10:59:22.245730
London,19.1,2026-01-19 10:59:22.245732
London,26.3,2025-09-24 10:59:22.245734
London,20.6,2025-07-06 10:59:22.245736
Tokyo,19.3,2026-03-30 10:59:22.245738
London,11.8,2025-09-03 10:59:22.245740
Sydney,32.6,2025-10-25 10:59:22.245742
New York,14.3,2025-09-20 10:59:22.245744
New York,11.4,2025-07-23 10:59:22.245746
London,24.0,2026-04-24 10:59:22.245748
New York,11.1,2025-11-10 10:59:22.245750
London,27.8,2026-01-30 10:59:22.245752
Sydney,17.3,2026-05-22 10:59:22.245754
Sydney,20.3,2026-06-22 10:59:22.245756
New York,32.0,2026-06-04 10:59:22.245758
Sydney,19.9,2026-05-07 10:59:22.245760
New York,21.3,2026-06-10 10:59:22.245762
London,15.9,2026-05-15 10:59:22.245764
New York,25.6,2025-08-04 10:59:22.245766
London,15.7,2025-08-27 10:59:22.245768
London,13.6,2025-08-31 10:59:22.245770
Sydney,32.7,2025-07-19 10:59:22.245772
London,26.3,2025-08-04 10:59:22.245774
Paris,14.9,2026-06-29 10:59:22.245776
Tokyo,13.0,2026-06-28 10:59:22.245778
Paris,14.3,2025-11-16 10:59:22.245780
London,20.0,2026-04-04 10:59:22.245782
New York,25.2,2025-11-16 10:59:22.245784
Tokyo,22.1,2025-12-10 10:59:22.245786
New York,29.3,2026-04-13 10:59:22.245788
Paris,20.5,2025-11-21 10:59:22.245790
Paris,33.2,2025-11-19 10:59:22.245792
London,32.5,2026-04-08 10:59:22.245794
New York,22.4,2026-04-04 10:59:22.245796
Sydney,28.6,2026-05-04 10:59:22.245798
London,32.7,2026-06-15 10:59:22.245800
Tokyo,19.2,2026-01-28 10:59:22.245802
Paris,27.8,2025-10-05 10:59:22.245804
Sydney,25.7,2026-06-12 10:59:22.245806
Tokyo,20.5,2025-10-20 10:59:22.245808
Sydney,33.6,2025-11-10 10:59:22.245810
London,33.0,2026-05-02 10:59:22.245812
Sydney,28.4,2025-07-26 10:59:22.245814
Sydney,32.3,2026-03-04 10:59:22.245816
London,29.2,2026-04-25 10:59:22.245818
Sydney,12.8,2026-02-03 10:59:22.245820
Sydney,11.8,2026-05-05 10:59:22.245821
Sydney,30.4,2025-08-13 10:59:22.245823
London,15.6,2025-10-11 10:59:22.245825
Sydney,16.5,2025-07-15 10:59:22.245827
Paris,14.8,2025-08-21 10:59:22.245829
London,34.9,2025-08-25 10:59:22.245832
Paris,27.4,2025-08-25 10:59:22.245834
Tokyo,12.0,2026-05-04 10:59:22.245836
London,11.9,2026-04-11 10:59:22.245837
New York,18.8,2025-10-07 10:59:22.245839
Paris,19.5,2025-08-19 10:59:22.245841
New York,22.5,2026-02-15 10:59:22.245843
Paris,22.8,2025-07-07 10:59:22.245845
New York,14.6,2026-05-30 10:59:22.245848
Sydney,19.4,2025-09-12 10:59:22.245850
London,27.2,2026-06-07 10:59:22.245851
New York,20.7,2025-12-27 10:59:22.245853
London,10.1,2026-04-26 10:59:22.245855
Sydney,25.2,2026-03-19 10:59:22.245857
Tokyo,13.3,2025-10-01 10:59:22.245859
Tokyo,30.7,2026-06-01 10:59:22.245861
Sydney,13.8,2025-09-09 10:59:22.245863
New York,10.6,2026-01-30 10:59:22.245865
Sydney,26.8,2026-04-13 10:59:22.245867
Tokyo,10.5,2025-11-19 10:59:22.245869
Paris,29.6,2026-04-29 10:59:22.245871
London,21.7,2026-03-20 10:59:22.245873
New York,11.2,2026-03-23 10:59:22.245875
New York,29.1,2026-03-11 10:59:22.245877
London,22.5,2026-02-05 10:59:22.245879
Sydney,17.2,2025-12-12 10:59:22.245881
Tokyo,25.9,2026-03-07 10:59:22.245883
Tokyo,11.2,2025-09-24 10:59:22.245885
New York,11.5,2026-03-18 10:59:22.245887
New York,34.0,2025-07-18 10:59:22.245889
Tokyo,15.8,2025-09-22 10:59:22.245891
New York,29.0,2025-12-17 10:59:22.245893
Tokyo,24.4,2026-05-07 10:59:22.245895
Tokyo,19.3,2025-12-01 10:59:22.245897
London,31.3,2026-04-29 10:59:22.245899
Paris,27.3,2025-08-26 10:59:22.245901
London,16.0,2025-08-02 10:59:22.245903
Sydney,19.3,2026-02-08 10:59:22.245905
New York,12.6,2026-02-20 10:59:22.245907
Paris,18.3,2026-02-07 10:59:22.245909
London,23.7,2025-12-13 10:59:22.245911
Paris,18.9,2026-03-08 10:59:22.245913
Paris,16.5,2026-03-06 10:59:22.245915
Sydney,18.2,2025-08-07 10:59:22.245917
Tokyo,26.6,2025-11-13 10:59:22.245919
Tokyo,25.9,2025-12-21 10:59:22.245921
New York,14.7,2025-07-20 10:59:22.245923
Paris,29.8,2025-08-30 10:59:22.245925
Tokyo,33.6,2026-01-24 10:59:22.245927
Tokyo,20.0,2026-04-03 10:59:22.245929
New York,19.6,2026-05-24 10:59:22.245931
London,16.8,2025-11-04 10:59:22.245933
New York,10.6,2026-02-02 10:59:22.245935
London,34.1,2026-06-01 10:59:22.245937
Paris,30.6,2026-03-02 10:59:22.245939
Tokyo,31.9,2025-08-24 10:59:22.245941
Sydney,11.4,2026-05-09 10:59:22.245943
London,19.6,2026-01-13 10:59:22.245945
Tokyo,19.1,2025-10-30 10:59:22.245947
Paris,24.6,2025-09-28 10:59:22.245949
New York,26.4,2025-10-09 10:59:22.245951
London,24.5,2025-07-20 10:59:22.245953
Tokyo,14.3,2026-03-07 10:59:22.245955
Paris,32.7,2025-12-02 10:59:22.245957
Tokyo,11.5,2026-01-27 10:59:22.245959
London,34.5,2025-08-31 10:59:22.245961
London,25.3,2025-07-09 10:59:22.245963
Paris,23.9,2025-11-06 10:59:22.245965
Tokyo,29.2,2026-01-24 10:59:22.245967
Sydney,33.3,2026-01-18 10:59:22.245969
Tokyo,22.0,2025-08-29 10:59:22.245972
London,12.8,2026-06-08 10:59:22.245973
Sydney,10.8,2025-11-16 10:59:22.245975
Sydney,20.4,2025-08-31 10:59:22.245977
London,19.2,2026-01-04 10:59:22.245979
London,23.5,2025-10-02 10:59:22.245981
London,14.7,2025-08-27 10:59:22.245983
Tokyo,12.6,2025-09-21 10:59:22.245985
New York,18.5,2025-11-23 10:59:22.245987
Sydney,11.9,2025-11-10 10:59:22.245989
New York,11.5,2026-05-19 10:59:22.245991
London,34.1,2025-08-06 10:59:22.245993
New York,14.6,2026-01-07 10:59:22.245995
Paris,18.1,2025-12-12 10:59:22.245997
Paris,25.6,2026-01-11 10:59:22.245999
New York,15.8,2025-10-19 10:59:22.246001
London,34.9,2026-04-11 10:59:22.246003
Tokyo,22.4,2025-12-05 10:59:22.246005
Sydney,13.3,2026-04-12 10:59:22.246007
Paris,28.0,2026-05-27 10:59:22.246009
London,27.2,2026-04-10 10:59:22.246011
Tokyo,22.1,2025-12-25 10:59:22.246013
Tokyo,19.3,2026-06-26 10:59:22.246015
Tokyo,26.0,2026-01-09 10:59:22.246017
New York,10.2,2025-11-28 10:59:22.246019
London,13.1,2026-02-26 10:59:22.246021
Paris,23.6,2025-08-03 10:59:22.246034
Paris,15.8,2026-03-12 10:59:22.246037
Tokyo,29.5,2026-03-07 10:59:22.246039
Paris,23.7,2025-07-20 10:59:22.246041
Tokyo,24.4,2025-10-30 10:59:22.246043
London,15.9,2025-07-28 10:59:22.246044
Tokyo,14.1,2025-12-25 10:59:22.246046
Tokyo,29.4,2026-04-01 10:59:22.246048
Tokyo,25.1,2026-06-08 10:59:22.246050
Paris,29.9,2026-04-08 10:59:22.246053
Tokyo,10.3,2025-11-21 10:59:22.246054
Tokyo,23.8,2026-03-28 10:59:22.246056
Paris,15.5,2026-03-06 10:59:22.246059
Sydney,11.7,2025-10-01 10:59:22.246060
London,28.9,2025-10-08 10:59:22.246062
Sydney,20.0,2026-02-17 10:59:22.246064
Sydney,12.2,2025-08-29 10:59:22.246066
Sydney,34.1,2025-10-06 10:59:22.246068
Paris,12.6,2026-06-27 10:59:22.246070
London,11.8,2025-08-10 10:59:22.246072
London,14.3,2026-01-14 10:59:22.246074
Paris,11.5,2026-03-10 10:59:22.246076
Tokyo,29.5,2026-06-24 10:59:22.246078
Paris,26.4,2025-07-21 10:59:22.246080
New York,21.3,2026-05-24 10:59:22.246083
Sydney,11.5,2026-03-01 10:59:22.246084
Sydney,33.4,2026-04-27 10:59:22.246087
London,32.1,2026-01-06 10:59:22.246088
Paris,34.5,2025-10-30 10:59:22.246090
Sydney,26.3,2025-10-20 10:59:22.246092
Tokyo,14.0,2025-10-05 10:59:22.246094
Paris,32.8,2025-09-02 10:59:22.246096
Sydney,22.5,2025-11-28 10:59:22.246098
London,14.4,2026-03-13 10:59:22.246100
Sydney,25.6,2025-07-03 10:59:22.246102
Sydney,11.4,2026-03-23 10:59:22.246104
Paris,24.7,2025-11-13 10:59:22.246106
Tokyo,15.7,2026-03-06 10:59:22.246108
London,10.6,2026-02-20 10:59:22.246110
New York,29.8,2025-07-21 10:59:22.246112
Sydney,15.0,2025-11-06 10:59:22.246114
Paris,15.6,2025-11-30 10:59:22.246116
London,11.7,2025-10-06 10:59:22.246118
Sydney,18.6,2025-09-12 10:59:22.246120
Sydney,18.7,2025-08-25 10:59:22.246122
New York,32.6,2025-11-18 10:59:22.246124
Paris,19.8,2025-11-22 10:59:22.246126
Tokyo,10.1,2026-05-19 10:59:22.246128
Sydney,29.6,2025-11-14 10:59:22.246130
Sydney,29.9,2025-11-11 10:59:22.246132
Sydney,32.9,2026-03-26 10:59:22.246134
Paris,11.2,2025-07-14 10:59:22.246136
Tokyo,17.0,2026-05-26 10:59:22.246138
Paris,12.4,2026-06-23 10:59:22.246140
London,23.1,2026-04-01 10:59:22.246142
London,32.5,2025-09-30 10:59:22.246144
Paris,31.6,2026-05-30 10:59:22.246146
Paris,11.4,2026-01-23 10:59:22.246148
Tokyo,31.2,2026-05-31 10:59:22.246150
Sydney,31.1,2026-01-26 10:59:22.246152
London,11.1,2025-12-25 10:59:22.246154
London,31.8,2026-05-02 10:59:22.246156
New York,13.7,2025-11-06 10:59:22.246158
Tokyo,29.8,2025-09-29 10:59:22.246160
London,17.2,2025-09-18 10:59:22.246162
London,33.5,2026-05-18 10:59:22.246164
Paris,32.7,2026-01-21 10:59:22.246166
New York,13.6,2026-04-24 10:59:22.246168
Paris,21.5,2025-08-25 10:59:22.246170
Paris,14.5,2026-05-04 10:59:22.246172
Sydney,11.5,2025-07-28 10:59:22.246174
Tokyo,23.8,2025-07-25 10:59:22.246176
London,20.0,2026-06-03 10:59:22.246178
Paris,17.0,2026-06-04 10:59:22.246180
Paris,26.5,2026-01-30 10:59:22.246181
London,26.4,2026-03-04 10:59:22.246183
Paris,28.0,2025-08-29 10:59:22.246185
London,32.8,2026-03-06 10:59:22.246187
Paris,31.8,2025-08-16 10:59:22.246189
Tokyo,26.7,2025-08-31 10:59:22.246191
New York,28.4,2025-10-09 10:59:22.246193
London,12.0,2025-11-18 10:59:22.246195
Paris,23.6,2026-04-27 10:59:22.246197
Sydney,25.8,2025-11-05 10:59:22.246199
Tokyo,19.4,2026-02-20 10:59:22.246201
Tokyo,12.7,2025-11-09 10:59:22.246203
Paris,24.8,2026-02-18 10:59:22.246205
Paris,22.2,2025-08-12 10:59:22.246207
London,17.1,2026-01-08 10:59:22.246209
Paris,11.0,2026-01-10 10:59:22.246211
Sydney,33.5,2025-12-24 10:59:22.246213
London,24.0,2026-03-06 10:59:22.246215
New York,29.4,2026-04-01 10:59:22.246217
Paris,17.0,2025-07-12 10:59:22.246219
London,32.0,2026-01-02 10:59:22.246221
Sydney,25.5,2026-05-11 10:59:22.246223
Paris,26.9,2026-02-19 10:59:22.246225
Paris,10.5,2025-10-08 10:59:22.246227
Tokyo,27.6,2026-03-08 10:59:22.246229
London,19.6,2025-12-06 10:59:22.246231
Tokyo,30.4,2026-05-22 10:59:22.246233
Tokyo,25.7,2025-11-23 10:59:22.246235
Tokyo,16.9,2025-12-02 10:59:22.246237
New York,27.9,2025-12-16 10:59:22.246239
Paris,22.2,2026-01-25 10:59:22.246241
Tokyo,17.2,2026-01-23 10:59:22.246243
Tokyo,21.8,2026-01-23 10:59:22.246245
Paris,25.5,2026-06-11 10:59:22.246247
Tokyo,28.3,2025-10-13 10:59:22.246249
Paris,12.0,2025-12-17 10:59:22.246251
Tokyo,17.9,2025-10-02 10:59:22.246253
Sydney,34.0,2025-07-24 10:59:22.246255
New York,28.9,2026-06-03 10:59:22.246257
Paris,24.6,2025-10-01 10:59:22.246259
London,20.3,2025-08-29 10:59:22.246261
Tokyo,24.0,2026-06-22 10:59:22.246263
Paris,27.7,2025-11-11 10:59:22.246265
Sydney,11.0,2025-12-09 10:59:22.246266
Sydney,31.7,2025-12-22 10:59:22.246268
London,23.4,2026-01-08 10:59:22.246270
London,33.6,2026-05-29 10:59:22.246272
Sydney,34.4,2026-02-01 10:59:22.246274
New York,30.9,2025-08-24 10:59:22.246276
Paris,12.4,2026-02-19 10:59:22.246278
Paris,23.6,2025-09-24 10:59:22.246280
Tokyo,29.6,2026-03-03 10:59:22.246282
London,22.7,2025-07-28 10:59:22.246284
New York,31.5,2026-05-11 10:59:22.246286
Sydney,23.2,2025-11-19 10:59:22.246288
Sydney,33.3,2026-01-07 10:59:22.246290
Tokyo,10.5,2025-08-18 10:59:22.246292
London,23.5,2025-12-25 10:59:22.246294
Sydney,27.9,2026-06-25 10:59:22.246296
Sydney,19.2,2025-07-26 10:59:22.246298
Sydney,32.6,2025-12-12 10:59:22.246300
London,25.5,2025-09-21 10:59:22.246302
Paris,29.1,2026-02-13 10:59:22.246304
Paris,32.4,2025-12-05 10:59:22.246306
Paris,31.6,2026-05-28 10:59:22.246308
Sydney,34.3,2025-12-21 10:59:22.246310
Paris,34.3,2026-03-25 10:59:22.246312
Sydney,30.7,2026-05-23 10:59:22.246314
Sydney,21.8,2026-02-07 10:59:22.246316
New York,28.7,2025-07-22 10:59:22.246318
Sydney,32.5,2025-10-23 10:59:22.246320
Paris,22.2,2025-10-15 10:59:22.246322
New York,23.8,2025-08-03 10:59:22.246324
Paris,27.7,2026-02-28 10:59:22.246326
Sydney,14.9,2026-06-15 10:59:22.246328
Tokyo,19.7,2025-10-23 10:59:22.246330
Tokyo,31.7,2025-10-31 10:59:22.246331
Paris,15.7,2026-06-18 10:59:22.246333
London,16.0,2026-01-11 10:59:22.246335
New York,33.4,2026-03-21 10:59:22.246337
New York,30.0,2026-01-23 10:59:22.246339
Tokyo,28.1,2025-11-03 10:59:22.246341
London,10.2,2026-02-20 10:59:22.246343
London,11.3,2026-07-01 10:59:22.246345
New York,31.6,2026-01-03 10:59:22.246347
Tokyo,31.2,2025-10-27 10:59:22.246349
Tokyo,28.9,2025-12-11 10:59:22.246351
Paris,12.0,2026-03-06 10:59:22.246353
Paris,22.1,2026-02-22 10:59:22.246355
Paris,11.9,2026-02-02 10:59:22.246357
Sydney,28.7,2025-09-01 10:59:22.246359
London,30.9,2026-04-10 10:59:22.246361
Tokyo,24.4,2025-11-04 10:59:22.246363
New York,15.2,2026-03-16 10:59:22.246365
Sydney,23.8,2026-02-08 10:59:22.246367
New York,28.8,2025-10-06 10:59:22.246369
Sydney,24.5,2026-04-14 10:59:22.246371
Paris,20.8,2026-06-20 10:59:22.246373
Sydney,27.5,2025-08-21 10:59:22.246375
London,14.6,2026-03-01 10:59:22.246377
Paris,18.4,2026-01-13 10:59:22.246379
London,29.2,2026-03-28 10:59:22.246381
London,18.1,2025-12-01 10:59:22.246383
Paris,28.6,2025-10-27 10:59:22.246385
New York,32.5,2025-10-17 10:59:22.246387
London,30.0,2025-09-15 10:59:22.246389
Paris,28.9,2026-02-04 10:59:22.246391
London,14.5,2025-10-27 10:59:22.246393
Sydney,19.5,2025-10-17 10:59:22.246394
New York,33.7,2025-07-04 10:59:22.246396
Sydney,18.2,2026-05-21 10:59:22.246398
London,17.6,2025-08-21 10:59:22.246400
Sydney,12.9,2025-12-02 10:59:22.246402
Paris,13.3,2026-03-21 10:59:22.246404
London,10.8,2026-03-07 10:59:22.246406
New York,13.5,2026-03-01 10:59:22.246408
New York,10.6,2025-10-04 10:59:22.246410
Tokyo,25.4,2026-04-09 10:59:22.246412
Paris,28.3,2025-10-03 10:59:22.246414
Sydney,29.7,2025-10-14 10:59:22.246416
Sydney,25.5,2025-09-21 10:59:22.246418
Paris,19.2,2026-03-30 10:59:22.246420
London,14.5,2026-05-24 10:59:22.246422
Tokyo,15.5,2026-06-16 10:59:22.246424
Paris,34.2,2026-05-18 10:59:22.246426
Tokyo,34.1,2026-04-12 10:59:22.246428
Paris,11.9,2025-11-03 10:59:22.246430
New York,30.4,2026-05-01 10:59:22.246432
Tokyo,13.0,2026-02-15 10:59:22.246434
Tokyo,17.2,2025-11-21 10:59:22.246436
New York,22.2,2026-04-30 10:59:22.246438
Paris,23.4,2025-12-18 10:59:22.246440
Tokyo,30.2,2026-07-01 10:59:22.246449
Sydney,17.1,2026-01-25 10:59:22.246451
New York,10.6,2026-05-19 10:59:22.246453
New York,32.3,2026-06-19 10:59:22.246455
Paris,22.9,2026-06-12 10:59:22.246457
London,30.8,2025-10-26 10:59:22.246459
Sydney,20.8,2025-12-02 10:59:22.246461
New York,19.3,2026-03-22 10:59:22.246463
London,27.7,2025-10-04 10:59:22.246465
New York,13.9,2026-02-11 10:59:22.246467
Tokyo,10.6,2026-06-30 10:59:22.246469
New York,18.5,2025-08-06 10:59:22.246471
Tokyo,11.6,2026-02-26 10:59:22.246473
London,14.3,2025-10-06 10:59:22.246475
Sydney,10.6,2026-01-31 10:59:22.246477
Paris,30.9,2025-09-15 10:59:22.246479
Sydney,10.2,2025-10-10 10:59:22.246481
New York,16.4,2026-01-26 10:59:22.246483
London,28.6,2025-10-10 10:59:22.246485
Paris,25.9,2025-07-11 10:59:22.246487
London,33.1,2025-12-20 10:59:22.246489
Tokyo,17.7,2026-05-26 10:59:22.246491
New York,28.4,2026-03-13 10:59:22.246493
Tokyo,13.3,2025-07-27 10:59:22.246495
Sydney,30.2,2025-12-29 10:59:22.246498
Sydney,10.5,2025-11-01 10:59:22.246500
Tokyo,15.1,2025-12-19 10:59:22.246503
London,18.8,2025-12-14 10:59:22.246505
Tokyo,10.9,2026-04-27 10:59:22.246508
Sydney,30.7,2026-04-18 10:59:22.246509
Paris,19.4,2026-01-29 10:59:22.246511
Paris,32.0,2025-09-03 10:59:22.246514
New York,30.6,2026-01-30 10:59:22.246516
Sydney,13.4,2025-09-20 10:59:22.246518
New York,20.6,2025-11-17 10:59:22.246520
London,21.3,2026-05-08 10:59:22.246522
London,31.4,2026-05-24 10:59:22.246524
London,25.7,2025-11-07 10:59:22.246525
New York,17.1,2025-10-24 10:59:22.246527
Sydney,19.1,2025-11-19 10:59:22.246529
New York,19.3,2026-01-02 10:59:22.246531
Sydney,10.9,2025-12-02 10:59:22.246533
Sydney,22.7,2026-03-14 10:59:22.246535
New York,27.4,2026-03-28 10:59:22.246537
New York,30.9,2026-04-08 10:59:22.246539
Paris,31.7,2026-03-24 10:59:22.246541
Tokyo,16.1,2025-12-16 10:59:22.246543
Sydney,29.5,2026-06-21 10:59:22.246545
Tokyo,31.7,2025-07-25 10:59:22.246547
London,14.0,2025-09-08 10:59:22.246550
Tokyo,16.1,2025-10-28 10:59:22.246552
New York,24.7,2026-05-16 10:59:22.246554
Tokyo,24.4,2025-08-15 10:59:22.246557
London,30.8,2025-08-13 10:59:22.246559
Sydney,20.4,2026-02-02 10:59:22.246561
New York,30.5,2025-12-12 10:59:22.246563
Tokyo,26.9,2025-11-10 10:59:22.246565
Tokyo,34.1,2026-06-06 10:59:22.246567
Paris,12.9,2026-01-12 10:59:22.246569
Sydney,18.4,2026-02-13 10:59:22.246571
London,18.3,2025-07-17 10:59:22.246573
Tokyo,21.4,2026-06-21 10:59:22.246575
Tokyo,16.5,2026-02-08 10:59:22.246577
Paris,13.5,2025-10-04 10:59:22.246579
London,32.4,2026-04-18 10:59:22.246581
Tokyo,10.8,2025-10-25 10:59:22.246583
Sydney,24.6,2025-11-27 10:59:22.246585
Paris,29.2,2025-08-16 10:59:22.246587
New York,32.4,2025-07-20 10:59:22.246589
Tokyo,27.2,2025-09-30 10:59:22.246591
London,16.9,2025-12-26 10:59:22.246593
New York,21.0,2026-04-24 10:59:22.246595
New York,22.4,2025-08-04 10:59:22.246597
Tokyo,15.9,2025-08-08 10:59:22.246599
Paris,21.4,2025-09-08 10:59:22.246601
Paris,20.4,2025-11-02 10:59:22.246603
New York,14.1,2025-07-22 10:59:22.246606
Tokyo,34.0,2025-08-16 10:59:22.246608
London,16.3,2026-05-01 10:59:22.246610
London,34.2,2025-11-05 10:59:22.246612
New York,16.7,2025-08-09 10:59:22.246614
Tokyo,17.3,2025-08-17 10:59:22.246616
New York,25.3,2026-03-08 10:59:22.246618
London,29.7,2025-10-18 10:59:22.246620
Tokyo,28.3,2025-11-02 10:59:22.246622
New York,32.4,2025-08-17 10:59:22.246624
Tokyo,27.3,2025-09-30 10:59:22.246626
Paris,25.6,2025-11-10 10:59:22.246628
London,22.5,2025-12-25 10:59:22.246630
Paris,11.0,2026-01-03 10:59:22.246632
Paris,28.7,2025-08-01 10:59:22.246634
Sydney,14.9,2025-12-23 10:59:22.246636
Tokyo,20.2,2025-09-03 10:59:22.246638
Tokyo,28.8,2025-08-20 10:59:22.246640
Sydney,33.4,2025-11-09 10:59:22.246642
Paris,16.3,2025-09-27 10:59:22.246644
Sydney,28.9,2025-11-20 10:59:22.246646
New York,29.8,2025-12-20 10:59:22.246648
London,19.1,2025-10-03 10:59:22.246650
Paris,34.6,2026-05-27 10:59:22.246652
Paris,19.7,2025-12-13 10:59:22.246654
New York,32.5,2026-06-02 10:59:22.246656
New York,28.4,2025-09-28 10:59:22.246658
Paris,13.6,2025-11-20 10:59:22.246660
Tokyo,20.9,2026-01-08 10:59:22.246662
New York,21.9,2026-02-27 10:59:22.246664
London,22.9,2026-06-30 10:59:22.246666
New York,22.9,2025-11-02 10:59:22.246668
New York,28.2,2025-11-22 10:59:22.246670
Sydney,17.4,2025-09-12 10:59:22.246672
Sydney,19.3,2025-11-12 10:59:22.246674
New York,15.3,2026-06-05 10:59:22.246676
London,14.1,2026-04-01 10:59:22.246678
Paris,19.3,2025-10-01 10:59:22.246680
London,20.6,2025-07-28 10:59:22.246682
New York,20.5,2026-02-04 10:59:22.246684
New York,10.4,2026-02-23 10:59:22.246686
Paris,18.4,2026-06-11 10:59:22.246688
Paris,33.9,2026-01-25 10:59:22.246690
New York,30.9,2026-05-10 10:59:22.246692
Sydney,31.0,2025-07-30 10:59:22.246694
Tokyo,13.0,2026-01-01 10:59:22.246696
Paris,26.4,2025-08-16 10:59:22.246698
Paris,32.7,2026-03-01 10:59:22.246700
Tokyo,23.9,2025-07-14 10:59:22.246702
London,19.7,2025-07-30 10:59:22.246704
Paris,15.3,2025-08-05 10:59:22.246706
New York,29.0,2025-12-26 10:59:22.246708
Paris,22.4,2026-03-14 10:59:22.246710
Sydney,22.3,2025-12-03 10:59:22.246712
New York,26.1,2026-02-21 10:59:22.246714
Paris,33.7,2025-12-29 10:59:22.246716
Sydney,13.0,2026-06-11 10:59:22.246718
Tokyo,28.0,2026-03-02 10:59:22.246720
London,16.0,2026-04-04 10:59:22.246722
New York,27.5,2026-02-02 10:59:22.246724
Tokyo,16.4,2026-02-11 10:59:22.246726
New York,22.7,2025-08-07 10:59:22.246728
Tokyo,32.0,2026-01-29 10:59:22.246730
New York,27.2,2025-08-03 10:59:22.246732
Paris,19.5,2026-02-19 10:59:22.246734
London,13.8,2026-04-20 10:59:22.246736
Sydney,27.3,2025-11-09 10:59:22.246738
Tokyo,24.4,2025-10-09 10:59:22.246739
Tokyo,11.3,2025-10-26 10:59:22.246741
Sydney,11.6,2026-06-26 10:59:22.246743
New York,16.4,2025-10-25 10:59:22.246745
Sydney,29.0,2026-04-05 10:59:22.246748
Paris,33.7,2025-11-01 10:59:22.246750
London,32.8,2025-10-14 10:59:22.246752
New York,17.9,2026-01-05 10:59:22.246754
Tokyo,24.6,2026-01-17 10:59:22.246756
Paris,22.4,2025-07-05 10:59:22.246758
New York,24.9,2025-08-17 10:59:22.246760
New York,26.2,2025-08-03 10:59:22.246762
Tokyo,29.6,2026-05-01 10:59:22.246764
Paris,11.9,2026-03-29 10:59:22.246766
Sydney,24.0,2025-09-10 10:59:22.246768
New York,14.3,2025-10-09 10:59:22.246770
London,28.3,2026-05-29 10:59:22.246772
London,32.1,2025-11-18 10:59:22.246774
New York,22.2,2025-09-12 10:59:22.246776
Tokyo,23.1,2025-12-22 10:59:22.246778
Paris,34.7,2026-04-18 10:59:22.246780
Sydney,16.7,2026-01-10 10:59:22.246782
Tokyo,31.0,2026-06-09 10:59:22.246784
Tokyo,14.4,2025-11-04 10:59:22.246785
Paris,27.4,2025-09-15 10:59:22.246787
Tokyo,19.0,2026-03-31 10:59:22.246789
Tokyo,15.9,2025-07-20 10:59:22.246791
Sydney,19.8,2025-12-24 10:59:22.246794
London,21.6,2026-01-12 10:59:22.246796
New York,24.6,2026-05-29 10:59:22.246798
Tokyo,17.4,2025-10-02 10:59:22.246800
London,28.0,2026-04-01 10:59:22.246802
London,31.4,2026-01-06 10:59:22.246803
London,11.1,2025-12-11 10:59:22.246805
Paris,14.7,2025-10-19 10:59:22.246807
Sydney,24.9,2026-05-20 10:59:22.246809
New York,20.2,2025-12-29 10:59:22.246811
Paris,34.3,2025-11-20 10:59:22.246813
London,27.5,2025-08-01 10:59:22.246815
Paris,13.0,2026-05-17 10:59:22.246817
New York,24.4,2026-01-20 10:59:22.246819
Tokyo,33.9,2025-09-28 10:59:22.246821
Tokyo,30.4,2025-10-20 10:59:22.246823
London,26.8,2026-07-02 10:59:22.246825
Tokyo,18.6,2026-03-14 10:59:22.246827
London,16.5,2025-10-02 10:59:22.246829
Tokyo,24.7,2026-06-24 10:59:22.246831
Sydney,23.3,2026-04-24 10:59:22.246833
London,34.1,2026-04-12 10:59:22.246835
New York,14.3,2026-03-11 10:59:22.246837
Tokyo,19.3,2025-10-27 10:59:22.246839
New York,11.4,2026-04-25 10:59:22.246841
New York,13.1,2025-11-09 10:59:22.246843
Paris,29.0,2025-09-18 10:59:22.246844
Paris,13.5,2025-09-24 10:59:22.246846
Paris,30.4,2025-08-22 10:59:22.246848
Tokyo,21.7,2026-05-19 10:59:22.246850
New York,26.7,2025-10-06 10:59:22.246852
London,17.6,2026-01-31 10:59:22.246854
London,28.2,2026-05-30 10:59:22.246856
London,27.4,2025-11-20 10:59:22.246858
Sydney,25.6,2026-05-30 10:59:22.246872
London,23.3,2025-12-10 10:59:22.246875
Paris,32.5,2025-10-24 10:59:22.246877
New York,22.0,2025-12-12 10:59:22.246879
Sydney,20.5,2025-07-18 10:59:22.246881
Sydney,30.3,2026-01-25 10:59:22.246883
Paris,22.1,2025-11-19 10:59:22.246885
Paris,20.2,2026-05-16 10:59:22.246887
Paris,30.4,2025-09-08 10:59:22.246889
New York,23.3,2025-09-25 10:59:22.246891
New York,24.5,2025-10-01 10:59:22.246893
London,25.9,2026-01-21 10:59:22.246895
Tokyo,27.2,2025-11-25 10:59:22.246897
Paris,23.1,2026-03-30 10:59:22.246899
Tokyo,10.3,2025-08-13 10:59:22.246901
New York,31.4,2025-12-06 10:59:22.246903
Sydney,21.5,2025-08-14 10:59:22.246905
Sydney,19.6,2026-05-13 10:59:22.246907
Tokyo,29.5,2026-02-27 10:59:22.246909
London,18.4,2025-08-20 10:59:22.246911
New York,25.2,2025-07-09 10:59:22.246913
Sydney,10.5,2025-09-19 10:59:22.246915
New York,17.5,2026-06-16 10:59:22.246917
Sydney,30.9,2025-09-29 10:59:22.246919
Paris,27.3,2025-12-22 10:59:22.246921
London,29.4,2025-11-29 10:59:22.246923
New York,11.6,2025-12-07 10:59:22.246925
Tokyo,34.3,2026-01-10 10:59:22.246927
London,29.8,2025-11-22 10:59:22.246929
London,12.9,2026-01-14 10:59:22.246931
Tokyo,16.0,2025-12-31 10:59:22.246933
Sydney,10.4,2025-12-06 10:59:22.246935
London,32.6,2025-08-20 10:59:22.246937
Tokyo,15.3,2025-11-30 10:59:22.246939
Sydney,24.0,2026-04-24 10:59:22.246941
New York,24.7,2025-11-20 10:59:22.246943
Sydney,13.9,2026-05-14 10:59:22.246945
Sydney,33.4,2026-04-10 10:59:22.246946
Tokyo,23.5,2025-11-11 10:59:22.246948
London,19.1,2026-05-21 10:59:22.246950
Paris,27.8,2026-05-04 10:59:22.246952
Tokyo,19.9,2026-01-31 10:59:22.246954
Sydney,15.8,2025-09-22 10:59:22.246956
New York,31.9,2026-02-14 10:59:22.246958
Sydney,22.0,2026-03-16 10:59:22.246960
Paris,28.1,2025-09-19 10:59:22.246962
Tokyo,21.2,2025-10-03 10:59:22.246964
Tokyo,25.3,2025-09-05 10:59:22.246966
Sydney,20.4,2025-08-04 10:59:22.246969
Sydney,32.3,2026-03-17 10:59:22.246971
Paris,16.4,2025-10-25 10:59:22.246973
London,26.6,2026-02-04 10:59:22.246975
New York,12.6,2025-09-01 10:59:22.246977
London,18.8,2025-12-11 10:59:22.246979
New York,24.4,2025-10-08 10:59:22.246981
London,18.0,2026-06-16 10:59:22.246983
Tokyo,32.4,2025-07-08 10:59:22.246985
Sydney,31.3,2026-05-08 10:59:22.246987
New York,17.0,2026-02-11 10:59:22.246989
New York,27.7,2026-04-10 10:59:22.246990
Tokyo,32.1,2026-04-06 10:59:22.246992
New York,11.6,2026-05-20 10:59:22.246994
Sydney,11.6,2026-01-04 10:59:22.246996
New York,22.3,2025-11-11 10:59:22.246998
Paris,25.7,2026-01-15 10:59:22.247000
Paris,27.5,2026-04-10 10:59:22.247002
Tokyo,25.5,2025-11-08 10:59:22.247005
New York,24.2,2026-02-21 10:59:22.247007
Sydney,20.4,2025-12-23 10:59:22.247009
Tokyo,16.2,2026-04-21 10:59:22.247010
Paris,29.4,2026-02-25 10:59:22.247012
London,31.3,2026-01-31 10:59:22.247014
New York,22.9,2026-03-18 10:59:22.247016
Tokyo,12.3,2025-09-16 10:59:22.247018
Paris,28.7,2026-02-21 10:59:22.247020
Sydney,10.2,2026-06-14 10:59:22.247022
Tokyo,16.2,2026-05-06 10:59:22.247024
Tokyo,20.2,2026-04-26 10:59:22.247026
London,23.9,2026-04-03 10:59:22.247028
Tokyo,11.5,2025-11-23 10:59:22.247030
Sydney,16.5,2025-10-13 10:59:22.247032
Sydney,19.6,2025-12-20 10:59:22.247034
Paris,13.3,2026-03-21 10:59:22.247036
London,31.4,2025-07-05 10:59:22.247038
Tokyo,30.8,2025-12-02 10:59:22.247040
Tokyo,31.1,2026-03-29 10:59:22.247042
Sydney,19.0,2025-07-24 10:59:22.247044
Paris,16.7,2025-09-09 10:59:22.247046
Sydney,10.3,2025-12-14 10:59:22.247048
New York,13.6,2026-04-02 10:59:22.247050
Tokyo,34.5,2025-07-04 10:59:22.247052
Tokyo,10.9,2026-06-20 10:59:22.247054
Sydney,28.8,2026-05-03 10:59:22.247056
Tokyo,20.5,2025-10-18 10:59:22.247058
London,28.3,2025-08-12 10:59:22.247060
Paris,29.8,2026-02-09 10:59:22.247062
New York,21.5,2026-01-11 10:59:22.247064
Sydney,15.2,2025-12-21 10:59:22.247066
Sydney,21.9,2026-06-17 10:59:22.247068
New York,23.4,2026-05-22 10:59:22.247070
London,11.2,2026-02-16 10:59:22.247072
Sydney,30.4,2026-03-24 10:59:22.247074
London,27.6,2026-01-17 10:59:22.247076
Paris,16.7,2025-08-30 10:59:22.247078
London,16.5,2025-11-21 10:59:22.247080
Paris,30.3,2025-11-15 10:59:22.247082
London,30.1,2026-03-18 10:59:22.247084
London,33.0,2025-09-23 10:59:22.247085
Paris,26.4,2025-08-11 10:59:22.247087
Sydney,22.4,2025-12-21 10:59:22.247089
London,34.2,2026-07-01 10:59:22.247092
Sydney,23.1,2026-03-17 10:59:22.247094
Tokyo,19.2,2026-03-06 10:59:22.247095
New York,20.9,2025-10-15 10:59:22.247097
Sydney,17.9,2026-03-25 10:59:22.247100
London,19.9,2026-03-14 10:59:22.247101
London,21.9,2026-04-12 10:59:22.247103
Paris,14.6,2025-10-17 10:59:22.247105
Tokyo,29.6,2026-04-18 10:59:22.247107
Sydney,27.0,2026-01-01 10:59:22.247109
Sydney,31.9,2025-07-12 10:59:22.247111
Tokyo,13.6,2026-02-04 10:59:22.247113
Tokyo,10.6,2025-10-06 10:59:22.247115
Sydney,27.5,2025-08-08 10:59:22.247117
Tokyo,33.6,2025-07-07 10:59:22.247119
New York,31.5,2026-06-07 10:59:22.247121
Paris,16.3,2026-04-22 10:59:22.247123
Sydney,17.9,2025-07-06 10:59:22.247125
Paris,12.9,2026-05-03 10:59:22.247128
New York,22.5,2025-09-16 10:59:22.247130
London,19.1,2026-03-25 10:59:22.247132
Tokyo,10.8,2026-06-18 10:59:22.247134
Tokyo,17.3,2026-04-28 10:59:22.247135
Paris,11.1,2026-05-07 10:59:22.247137
Paris,24.6,2026-02-13 10:59:22.247139
New York,11.8,2026-06-07 10:59:22.247141
New York,13.5,2026-06-24 10:59:22.247143
New York,22.7,2026-01-09 10:59:22.247145
Tokyo,15.1,2026-04-18 10:59:22.247147
Tokyo,21.8,2025-10-25 10:59:22.247149
New York,14.9,2025-09-13 10:59:22.247151
Tokyo,10.4,2025-10-06 10:59:22.247153
London,13.3,2025-12-31 10:59:22.247155
Sydney,18.8,2025-10-10 10:59:22.247157
New York,12.3,2026-07-01 10:59:22.247159
Tokyo,23.2,2026-03-09 10:59:22.247161
Paris,11.0,2025-11-06 10:59:22.247163
London,28.3,2026-05-28 10:59:22.247165
London,30.7,2026-04-15 10:59:22.247167
Tokyo,22.7,2026-03-05 10:59:22.247169
Sydney,18.2,2025-09-29 10:59:22.247171
Tokyo,30.5,2026-02-27 10:59:22.247173
Paris,11.4,2025-09-15 10:59:22.247175
New York,19.5,2025-08-10 10:59:22.247177
Tokyo,18.5,2025-08-09 10:59:22.247179
Paris,25.2,2026-01-14 10:59:22.247181
Sydney,18.9,2025-08-16 10:59:22.247183
Tokyo,33.0,2025-09-27 10:59:22.247185
New York,34.0,2026-03-16 10:59:22.247187
New York,14.9,2026-06-10 10:59:22.247189
Paris,30.1,2025-11-21 10:59:22.247191
Tokyo,24.7,2025-10-06 10:59:22.247193
London,33.1,2025-07-29 10:59:22.247195
Tokyo,17.4,2026-02-19 10:59:22.247197
New York,27.6,2025-08-05 10:59:22.247199
Sydney,32.1,2025-07-25 10:59:22.247201
New York,12.7,2025-07-04 10:59:22.247203
Tokyo,26.4,2026-05-17 10:59:22.247205
Paris,33.8,2026-06-12 10:59:22.247207
New York,28.6,2025-12-15 10:59:22.247209
New York,27.8,2025-12-18 10:59:22.247211
Sydney,13.5,2025-11-14 10:59:22.247213
New York,27.2,2025-08-18 10:59:22.247215
London,22.3,2025-10-24 10:59:22.247217
New York,19.0,2025-08-20 10:59:22.247220
Paris,32.6,2026-02-06 10:59:22.247222
Tokyo,23.3,2025-07-28 10:59:22.247223
New York,14.6,2026-03-18 10:59:22.247225
Tokyo,28.0,2025-11-06 10:59:22.247227
Tokyo,28.8,2025-08-12 10:59:22.247229
Paris,10.9,2026-05-22 10:59:22.247231
London,14.9,2025-09-24 10:59:22.247233
Tokyo,32.5,2026-01-24 10:59:22.247235
New York,30.7,2025-08-14 10:59:22.247237
London,21.8,2026-04-06 10:59:22.247239
Paris,17.1,2026-01-30 10:59:22.247241
Tokyo,17.8,2025-09-15 10:59:22.247243
Tokyo,19.2,2025-12-27 10:59:22.247245
Sydney,33.3,2026-01-08 10:59:22.247247
Tokyo,12.3,2026-06-13 10:59:22.247249
New York,29.1,2026-06-28 10:59:22.247251
Tokyo,30.6,2025-09-01 10:59:22.247253
Paris,30.9,2025-12-09 10:59:22.247255
Sydney,16.6,2026-02-26 10:59:22.247257
London,24.0,2025-10-24 10:59:22.247259
Paris,13.0,2026-04-22 10:59:22.247261
Tokyo,22.6,2025-07-19 10:59:22.247263
Sydney,14.9,2026-02-24 10:59:22.247265
Paris,18.3,2026-04-19 10:59:22.247267
Paris,23.2,2026-01-23 10:59:22.247269
Paris,17.2,2025-12-13 10:59:22.247271
Sydney,26.1,2025-11-26 10:59:22.247273
New York,17.8,2025-10-14 10:59:22.247275
London,22.2,2026-07-01 10:59:22.247277
London,34.3,2025-12-20 10:59:22.247286
New York,28.4,2025-11-23 10:59:22.247289
Tokyo,13.1,2026-06-30 10:59:22.247291
London,21.2,2025-07-09 10:59:22.247293
Tokyo,20.7,2026-02-15 10:59:22.247295
Sydney,30.6,2026-03-05 10:59:22.247297
Paris,12.6,2026-03-21 10:59:22.247299
Tokyo,33.0,2025-09-18 10:59:22.247301
Sydney,29.1,2025-09-20 10:59:22.247303
London,18.1,2026-05-31 10:59:22.247305
London,14.9,2026-02-20 10:59:22.247307
New York,21.2,2026-04-20 10:59:22.247309
Sydney,13.3,2025-09-25 10:59:22.247310
New York,15.2,2025-12-30 10:59:22.247312
New York,31.0,2026-04-29 10:59:22.247314
London,15.9,2026-06-29 10:59:22.247316
New York,34.7,2025-08-26 10:59:22.247318
Tokyo,15.1,2026-02-04 10:59:22.247321
Tokyo,31.7,2026-02-24 10:59:22.247323
London,28.7,2026-03-04 10:59:22.247325
New York,18.4,2026-02-18 10:59:22.247326
Tokyo,21.5,2025-09-27 10:59:22.247329
Sydney,11.5,2025-07-16 10:59:22.247331
Sydney,15.4,2026-04-19 10:59:22.247333
Tokyo,29.0,2025-07-30 10:59:22.247335
Paris,21.3,2026-01-15 10:59:22.247337
Paris,12.1,2025-08-21 10:59:22.247339
New York,27.8,2026-06-14 10:59:22.247341
Paris,17.2,2025-11-19 10:59:22.247343
London,27.2,2026-05-08 10:59:22.247345
Paris,31.5,2025-07-19 10:59:22.247347
New York,32.7,2026-04-02 10:59:22.247349
Sydney,12.1,2025-07-07 10:59:22.247351
Tokyo,25.7,2025-12-29 10:59:22.247353
Sydney,18.6,2025-11-18 10:59:22.247355
New York,20.8,2025-07-03 10:59:22.247357
London,24.5,2025-11-11 10:59:22.247359
Tokyo,31.7,2026-06-15 10:59:22.247361
Tokyo,26.1,2025-09-06 10:59:22.247362
New York,11.2,2025-09-14 10:59:22.247364
London,17.1,2026-01-15 10:59:22.247367
Tokyo,12.7,2025-10-07 10:59:22.247368
London,33.6,2025-11-30 10:59:22.247370
New York,17.4,2026-06-04 10:59:22.247372
Tokyo,30.3,2025-08-27 10:59:22.247374
Paris,23.4,2026-04-09 10:59:22.247376
Paris,23.9,2026-06-20 10:59:22.247378
Paris,24.4,2026-03-20 10:59:22.247380
New York,27.2,2025-12-11 10:59:22.247382
New York,12.3,2025-07-03 10:59:22.247384
London,23.7,2025-12-11 10:59:22.247386
Tokyo,18.4,2026-05-09 10:59:22.247388
London,11.2,2025-07-12 10:59:22.247390
Tokyo,28.9,2026-02-24 10:59:22.247392
New York,19.4,2026-03-25 10:59:22.247394
Tokyo,25.1,2025-08-29 10:59:22.247396
New York,16.7,2026-05-24 10:59:22.247398
Paris,20.9,2025-08-28 10:59:22.247400
New York,11.6,2025-12-26 10:59:22.247402
Sydney,25.4,2025-08-19 10:59:22.247404
Paris,32.8,2025-07-24 10:59:22.247406
London,31.4,2025-12-30 10:59:22.247408
Paris,29.1,2025-08-06 10:59:22.247410
Tokyo,14.3,2025-08-05 10:59:22.247412
New York,27.9,2026-06-22 10:59:22.247414
New York,27.1,2026-02-04 10:59:22.247416
London,28.4,2025-09-28 10:59:22.247418
Sydney,14.5,2026-05-21 10:59:22.247420
Tokyo,20.0,2026-02-15 10:59:22.247422
Paris,34.1,2025-11-13 10:59:22.247424
Paris,14.2,2026-03-10 10:59:22.247426
New York,31.1,2025-07-16 10:59:22.247428
Sydney,33.6,2025-08-20 10:59:22.247430
Paris,14.3,2025-12-22 10:59:22.247432
Sydney,11.6,2026-01-14 10:59:22.247434
London,21.8,2025-07-06 10:59:22.247436
Sydney,19.8,2025-11-21 10:59:22.247438
Sydney,14.4,2025-08-03 10:59:22.247440
Sydney,16.7,2026-05-06 10:59:22.247442
Sydney,18.9,2026-06-16 10:59:22.247444
Tokyo,34.4,2026-05-14 10:59:22.247446
Paris,25.8,2026-02-19 10:59:22.247448
Tokyo,34.7,2026-06-27 10:59:22.247450
London,33.0,2025-08-04 10:59:22.247452
New York,21.6,2026-01-01 10:59:22.247454
New York,33.4,2026-04-22 10:59:22.247456
New York,28.2,2026-04-17 10:59:22.247458
London,12.9,2026-03-14 10:59:22.247460
New York,19.2,2026-06-15 10:59:22.247462
Paris,25.9,2025-09-14 10:59:22.247464
London,17.8,2025-10-26 10:59:22.247466
London,21.8,2025-10-30 10:59:22.247467
Sydney,20.2,2025-11-17 10:59:22.247470
Tokyo,30.3,2026-04-10 10:59:22.247471
Paris,29.8,2026-02-04 10:59:22.247473
Tokyo,27.8,2025-10-29 10:59:22.247475
London,28.2,2025-11-24 10:59:22.247477
London,27.7,2025-10-15 10:59:22.247479
Tokyo,33.7,2025-12-12 10:59:22.247481
London,22.2,2025-09-06 10:59:22.247483
Sydney,34.2,2026-04-30 10:59:22.247485
New York,11.5,2026-03-30 10:59:22.247487
Sydney,25.8,2025-08-15 10:59:22.247489
Paris,33.1,2025-09-18 10:59:22.247491
Paris,12.2,2025-09-24 10:59:22.247493
Tokyo,31.6,2026-04-17 10:59:22.247495
Paris,18.3,2026-04-15 10:59:22.247497
London,34.4,2025-10-31 10:59:22.247499
Paris,16.6,2026-03-23 10:59:22.247501
Tokyo,18.2,2025-10-22 10:59:22.247503
New York,12.1,2026-04-03 10:59:22.247505
Tokyo,33.8,2026-04-20 10:59:22.247507
Sydney,15.1,2025-08-06 10:59:22.247509
London,24.9,2025-08-27 10:59:22.247511
New York,23.5,2026-06-10 10:59:22.247513
Tokyo,19.6,2026-01-20 10:59:22.247515
Paris,28.5,2025-09-15 10:59:22.247517
Sydney,31.0,2025-10-04 10:59:22.247519
New York,30.6,2025-07-21 10:59:22.247522
Tokyo,11.5,2026-06-01 10:59:22.247524
London,10.3,2025-10-03 10:59:22.247526
London,29.0,2026-02-27 10:59:22.247528
Paris,11.8,2026-06-28 10:59:22.247530
Sydney,30.7,2026-04-10 10:59:22.247532
London,21.0,2025-07-17 10:59:22.247534
Paris,23.2,2026-04-18 10:59:22.247536
New York,13.2,2025-11-18 10:59:22.247538
Paris,25.1,2026-02-07 10:59:22.247540
London,21.7,2025-12-02 10:59:22.247542
New York,31.5,2026-05-22 10:59:22.247544
Paris,20.7,2026-06-10 10:59:22.247546
New York,23.0,2025-12-02 10:59:22.247548
London,26.6,2026-05-28 10:59:22.247550
London,31.7,2026-06-14 10:59:22.247552
Sydney,30.7,2026-05-03 10:59:22.247553
Sydney,33.6,2026-03-17 10:59:22.247555
London,17.5,2026-06-13 10:59:22.247557
New York,18.0,2026-05-27 10:59:22.247559
Paris,24.5,2026-04-21 10:59:22.247561
Paris,14.2,2025-12-02 10:59:22.247563
Paris,11.4,2026-03-10 10:59:22.247565
Sydney,19.9,2025-07-06 10:59:22.247567
Paris,28.0,2026-01-14 10:59:22.247569
London,13.0,2026-03-04 10:59:22.247571
Paris,21.8,2025-08-18 10:59:22.247573
Paris,19.7,2025-10-27 10:59:22.247575
London,24.0,2026-03-16 10:59:22.247577
New York,26.9,2026-03-20 10:59:22.247579
New York,27.4,2025-08-31 10:59:22.247581
London,20.0,2025-11-15 10:59:22.247583
Sydney,27.3,2026-02-24 10:59:22.247585
Sydney,18.4,2025-07-24 10:59:22.247587
Sydney,26.0,2025-11-23 10:59:22.247589
New York,21.6,2025-12-10 10:59:22.247591
London,16.6,2026-04-22 10:59:22.247593
New York,12.1,2026-01-04 10:59:22.247595
Sydney,20.9,2025-12-20 10:59:22.247597
Sydney,14.4,2025-11-23 10:59:22.247599
Sydney,11.6,2026-06-10 10:59:22.247601
Paris,28.2,2025-08-11 10:59:22.247602
Sydney,20.2,2025-09-03 10:59:22.247605
New York,24.6,2025-12-06 10:59:22.247606
Sydney,13.0,2025-09-19 10:59:22.247608
London,34.3,2026-03-10 10:59:22.247610
Sydney,15.4,2026-03-03 10:59:22.247612
Paris,13.8,2025-10-04 10:59:22.247614
Sydney,22.0,2025-11-30 10:59:22.247616
Paris,23.2,2026-01-31 10:59:22.247618
Tokyo,11.1,2025-10-16 10:59:22.247620
Tokyo,29.1,2026-04-07 10:59:22.247622
Tokyo,31.7,2026-04-23 10:59:22.247624
London,18.5,2025-08-16 10:59:22.247626
Sydney,23.0,2025-11-30 10:59:22.247628
Sydney,10.6,2026-01-31 10:59:22.247630
Sydney,13.0,2025-09-07 10:59:22.247632
Tokyo,26.1,2025-07-28 10:59:22.247634
Sydney,20.8,2025-07-31 10:59:22.247636
New York,22.1,2026-06-19 10:59:22.247638
New York,28.8,2025-12-23 10:59:22.247640
Tokyo,17.6,2026-01-14 10:59:22.247642
New York,13.9,2026-01-08 10:59:22.247644
London,21.4,2026-02-18 10:59:22.247646
London,24.3,2026-01-02 10:59:22.247648
London,32.6,2026-04-29 10:59:22.247650
Sydney,21.2,2025-08-14 10:59:22.247652
Sydney,24.1,2026-04-25 10:59:22.247654
Tokyo,29.0,2025-07-23 10:59:22.247656
Paris,31.7,2026-03-17 10:59:22.247658
Paris,26.9,2026-04-15 10:59:22.247660
Sydney,28.0,2025-10-18 10:59:22.247662
London,20.7,2026-03-24 10:59:22.247664
New York,31.4,2025-07-12 10:59:22.247666
Paris,11.0,2026-04-14 10:59:22.247668
New York,34.7,2026-01-28 10:59:22.247670
Paris,29.5,2025-07-16 10:59:22.247672
Sydney,19.7,2025-09-07 10:59:22.247674
Tokyo,20.8,2025-09-30 10:59:22.247676
Sydney,18.8,2026-06-08 10:59:22.247678
New York,20.2,2025-08-20 10:59:22.247680
London,27.4,2025-08-14 10:59:22.247682
Paris,19.1,2025-11-03 10:59:22.247684
New York,20.7,2026-01-23 10:59:22.247686
Sydney,32.2,2025-07-10 10:59:22.247688
New York,31.3,2026-04-22 10:59:22.247690
Paris,16.3,2025-09-28 10:59:22.247704
New York,10.7,2026-04-03 10:59:22.247706
Paris,11.1,2025-09-06 10:59:22.247708
Paris,15.4,2026-03-26 10:59:22.247710
Sydney,10.9,2026-04-16 10:59:22.247712
London,27.9,2026-05-04 10:59:22.247714
Sydney,13.2,2025-10-03 10:59:22.247716
Tokyo,24.9,2026-05-21 10:59:22.247718
New York,14.0,2025-09-13 10:59:22.247720
Sydney,34.0,2025-09-17 10:59:22.247722
New York,28.3,2026-03-22 10:59:22.247724
Sydney,23.9,2025-12-07 10:59:22.247726
Sydney,21.9,2025-12-08 10:59:22.247728
London,30.9,2025-12-29 10:59:22.247730
Paris,17.7,2026-03-13 10:59:22.247732
Tokyo,14.0,2026-06-22 10:59:22.247734
Tokyo,30.9,2025-07-18 10:59:22.247736
Paris,30.0,2026-05-16 10:59:22.247738
New York,18.7,2025-11-25 10:59:22.247740
New York,15.8,2026-06-27 10:59:22.247742
Sydney,20.2,2025-09-07 10:59:22.247744
London,18.9,2026-06-08 10:59:22.247746
Paris,32.1,2025-09-22 10:59:22.247748
Sydney,17.0,2025-10-15 10:59:22.247750
Tokyo,11.8,2026-02-17 10:59:22.247752
Sydney,18.2,2025-09-08 10:59:22.247754
Tokyo,25.2,2026-02-24 10:59:22.247756
New York,22.7,2026-01-27 10:59:22.247758
New York,23.4,2026-06-10 10:59:22.247760
Tokyo,34.6,2026-01-03 10:59:22.247762
Paris,22.4,2025-12-31 10:59:22.247764
Sydney,20.7,2026-04-02 10:59:22.247766
New York,20.6,2026-05-24 10:59:22.247768
Tokyo,27.6,2025-10-20 10:59:22.247770
Sydney,22.3,2026-06-21 10:59:22.247772
Sydney,23.6,2025-12-08 10:59:22.247774
Sydney,29.5,2026-01-29 10:59:22.247776
London,14.9,2025-08-17 10:59:22.247778
Sydney,25.4,2025-07-18 10:59:22.247780
Tokyo,24.1,2026-01-21 10:59:22.247782
Paris,13.6,2025-12-26 10:59:22.247784
New York,23.9,2026-05-18 10:59:22.247786
Tokyo,18.2,2026-02-23 10:59:22.247788
London,25.4,2026-04-30 10:59:22.247790
London,24.9,2026-05-16 10:59:22.247792
Sydney,14.8,2026-05-12 10:59:22.247794
London,19.7,2026-06-08 10:59:22.247796
New York,29.1,2025-08-21 10:59:22.247798
Tokyo,22.8,2025-09-03 10:59:22.247800
Paris,26.4,2026-06-28 10:59:22.247802
Sydney,33.6,2025-12-14 10:59:22.247804
Paris,27.9,2025-10-13 10:59:22.247806
Paris,23.2,2025-09-13 10:59:22.247808
Sydney,22.9,2026-01-29 10:59:22.247810
New York,17.5,2025-08-29 10:59:22.247811
Paris,12.6,2026-04-24 10:59:22.247814
Tokyo,25.7,2025-10-03 10:59:22.247816
Sydney,19.5,2025-08-02 10:59:22.247818
Tokyo,29.9,2026-03-05 10:59:22.247820
Paris,26.1,2026-05-19 10:59:22.247821
London,13.6,2026-02-19 10:59:22.247823
London,17.8,2025-12-25 10:59:22.247825
Paris,19.4,2025-07-28 10:59:22.247827
London,18.6,2025-08-01 10:59:22.247829
Tokyo,12.7,2025-10-28 10:59:22.247831
New York,21.6,2026-02-12 10:59:22.247834
London,23.3,2026-05-30 10:59:22.247836
New York,25.6,2026-01-07 10:59:22.247838
New York,19.8,2025-09-29 10:59:22.247840
New York,22.8,2026-06-22 10:59:22.247842
London,33.3,2025-10-19 10:59:22.247844
New York,13.0,2026-05-23 10:59:22.247846
New York,26.4,2026-04-18 10:59:22.247848
Sydney,14.0,2025-09-12 10:59:22.247850
London,26.4,2025-07-18 10:59:22.247852
Sydney,33.1,2025-09-01 10:59:22.247854
Paris,33.2,2025-12-07 10:59:22.247856
Paris,33.9,2025-12-25 10:59:22.247858
New York,26.4,2025-07-06 10:59:22.247860
London,16.8,2026-03-03 10:59:22.247862
New York,33.8,2025-08-17 10:59:22.247864
Sydney,11.3,2026-03-18 10:59:22.247866
Tokyo,21.4,2026-05-21 10:59:22.247868
Paris,11.3,2026-01-28 10:59:22.247869
New York,25.4,2026-02-12 10:59:22.247871
Tokyo,17.5,2025-10-21 10:59:22.247873
London,29.3,2026-03-05 10:59:22.247875
New York,12.3,2026-04-27 10:59:22.247877
London,16.8,2025-11-07 10:59:22.247879
Paris,23.4,2025-12-31 10:59:22.247881
Sydney,27.3,2026-04-24 10:59:22.247883
London,19.5,2026-01-14 10:59:22.247885
London,17.2,2026-01-09 10:59:22.247887
Sydney,22.4,2026-06-17 10:59:22.247889
Sydney,24.7,2025-08-02 10:59:22.247891
Tokyo,11.1,2026-06-18 10:59:22.247893
Tokyo,14.5,2025-10-27 10:59:22.247895
Tokyo,19.8,2026-01-21 10:59:22.247897
Tokyo,14.6,2026-02-26 10:59:22.247899
New York,28.5,2025-12-11 10:59:22.247901
London,33.2,2025-11-16 10:59:22.247903
Tokyo,34.6,2025-12-25 10:59:22.247905
Paris,29.6,2026-05-17 10:59:22.247907
London,16.6,2025-11-14 10:59:22.247909
New York,16.2,2026-06-15 10:59:22.247911
Paris,15.2,2025-09-19 10:59:22.247913
Sydney,21.7,2025-12-06 10:59:22.247915
London,13.9,2026-04-01 10:59:22.247917
New York,25.5,2026-03-31 10:59:22.247919
Paris,28.2,2025-10-17 10:59:22.247921
London,15.5,2026-05-05 10:59:22.247923
Tokyo,29.2,2025-08-05 10:59:22.247925
London,26.6,2026-04-07 10:59:22.247927
Sydney,11.3,2026-03-19 10:59:22.247929
Paris,13.2,2026-01-10 10:59:22.247931
London,15.0,2025-09-08 10:59:22.247933
Paris,15.7,2025-07-24 10:59:22.247935
Paris,34.5,2026-05-04 10:59:22.247937
New York,28.1,2026-01-03 10:59:22.247939
London,29.8,2025-11-14 10:59:22.247941
New York,13.4,2026-01-20 10:59:22.247943
New York,21.2,2026-01-02 10:59:22.247945
New York,31.5,2026-07-03 10:59:22.247947
New York,23.1,2025-08-23 10:59:22.247949
Sydney,12.7,2025-10-14 10:59:22.247951
Tokyo,18.5,2025-07-24 10:59:22.247953
New York,34.2,2025-10-06 10:59:22.247955
New York,33.6,2025-09-24 10:59:22.247957
Tokyo,29.0,2026-06-05 10:59:22.247959
London,21.5,2026-02-15 10:59:22.247961
London,22.9,2025-12-18 10:59:22.247963
Sydney,20.3,2025-09-18 10:59:22.247965
Tokyo,18.4,2026-02-12 10:59:22.247967
Sydney,30.4,2025-09-23 10:59:22.247969
Tokyo,17.5,2025-11-05 10:59:22.247971
Sydney,18.6,2026-02-09 10:59:22.247973
Tokyo,20.2,2026-01-24 10:59:22.247975
Paris,10.7,2025-08-19 10:59:22.247977
Tokyo,10.7,2026-01-08 10:59:22.247979
Tokyo,27.3,2026-02-13 10:59:22.247981
New York,25.2,2026-01-25 10:59:22.247983
London,17.4,2026-03-02 10:59:22.247985
London,33.2,2026-03-22 10:59:22.247987
Paris,27.4,2026-06-22 10:59:22.247989
London,33.0,2026-05-01 10:59:22.247991
Paris,21.3,2025-09-10 10:59:22.247993
Tokyo,28.6,2026-04-15 10:59:22.247995
London,19.8,2026-02-26 10:59:22.247997
Paris,33.2,2026-02-20 10:59:22.247999
Tokyo,32.6,2025-12-10 10:59:22.248001
Paris,13.8,2025-08-09 10:59:22.248003
Paris,22.2,2026-04-29 10:59:22.248005
New York,33.3,2025-07-09 10:59:22.248007
London,10.5,2026-03-17 10:59:22.248009
London,27.6,2026-04-09 10:59:22.248011
London,23.7,2025-07-30 10:59:22.248013
Tokyo,11.2,2025-07-08 10:59:22.248015
New York,30.7,2025-08-14 10:59:22.248017
Sydney,24.9,2026-03-30 10:59:22.248019
London,16.6,2025-09-10 10:59:22.248021
Tokyo,21.2,2026-06-12 10:59:22.248023
New York,19.2,2026-05-14 10:59:22.248025
Paris,25.7,2025-10-26 10:59:22.248027
London,18.4,2026-05-25 10:59:22.248029
Sydney,22.9,2025-10-25 10:59:22.248031
Sydney,34.1,2025-07-06 10:59:22.248033
New York,16.3,2026-05-25 10:59:22.248035
Tokyo,21.5,2025-09-24 10:59:22.248037
London,23.6,2026-05-09 10:59:22.248039
New York,22.7,2025-11-02 10:59:22.248041
New York,33.3,2025-08-20 10:59:22.248043
Tokyo,14.6,2026-01-10 10:59:22.248045
Paris,26.6,2025-12-14 10:59:22.248047
Tokyo,14.1,2025-10-18 10:59:22.248049
London,13.9,2026-01-28 10:59:22.248051
New York,11.5,2025-12-11 10:59:22.248053
Tokyo,20.7,2025-09-06 10:59:22.248056
Tokyo,28.0,2026-05-09 10:59:22.248058
New York,15.9,2025-12-05 10:59:22.248059
Paris,19.3,2025-08-11 10:59:22.248061
Tokyo,13.8,2025-12-15 10:59:22.248063
Paris,24.9,2025-10-17 10:59:22.248065
Sydney,16.1,2026-01-30 10:59:22.248067
Tokyo,27.3,2026-06-15 10:59:22.248069
Sydney,28.8,2025-11-21 10:59:22.248071
Tokyo,20.6,2025-10-24 10:59:22.248073
London,32.5,2026-01-20 10:59:22.248075
New York,30.0,2025-07-31 10:59:22.248077
Sydney,30.5,2025-10-14 10:59:22.248079
Paris,19.9,2025-12-22 10:59:22.248081
New York,33.9,2025-12-15 10:59:22.248083
New York,21.4,2026-02-07 10:59:22.248085
London,18.2,2026-04-30 10:59:22.248087
Sydney,14.1,2025-08-13 10:59:22.248089
Paris,29.0,2025-12-15 10:59:22.248091
Tokyo,14.8,2025-11-22 10:59:22.248093
Tokyo,17.8,2025-07-07 10:59:22.248095
Paris,25.4,2026-03-19 10:59:22.248097
London,26.7,2026-05-22 10:59:22.248099
London,10.7,2026-01-19 10:59:22.248101
Tokyo,16.7,2025-11-16 10:59:22.248103
Sydney,15.7,2025-12-26 10:59:22.248105
London,22.3,2026-03-24 10:59:22.248107
London,16.9,2025-07-09 10:59:22.248109
New York,30.7,2025-08-21 10:59:22.248118
Tokyo,16.3,2025-12-30 10:59:22.248120
Tokyo,17.7,2026-05-26 10:59:22.248122
Tokyo,11.6,2026-06-30 10:59:22.248124
New York,14.4,2026-02-14 10:59:22.248126
Tokyo,15.1,2026-03-24 10:59:22.248128
Paris,21.9,2026-02-14 10:59:22.248130
London,11.0,2026-02-26 10:59:22.248132
London,15.4,2026-03-10 10:59:22.248134
London,20.8,2025-09-27 10:59:22.248136
Paris,26.4,2025-12-17 10:59:22.248138
New York,30.2,2025-11-25 10:59:22.248140
Tokyo,10.2,2026-01-31 10:59:22.248142
Tokyo,20.2,2026-05-29 10:59:22.248144
Tokyo,18.5,2026-01-09 10:59:22.248146
Tokyo,31.1,2026-02-23 10:59:22.248148
London,27.8,2025-09-16 10:59:22.248150
Paris,20.9,2025-11-12 10:59:22.248152
New York,10.1,2025-12-29 10:59:22.248154
New York,33.1,2025-09-12 10:59:22.248155
Paris,16.7,2026-05-16 10:59:22.248157
Sydney,13.6,2025-10-24 10:59:22.248159
Paris,22.4,2026-06-16 10:59:22.248161
Sydney,11.2,2026-06-07 10:59:22.248163
London,30.3,2025-12-13 10:59:22.248165
Paris,34.4,2025-08-10 10:59:22.248167
New York,27.4,2025-07-28 10:59:22.248169
New York,31.6,2026-01-14 10:59:22.248171
New York,14.3,2026-03-06 10:59:22.248173
Paris,32.9,2026-05-02 10:59:22.248175
London,17.7,2025-09-07 10:59:22.248177
New York,14.0,2026-03-19 10:59:22.248179
London,21.9,2026-05-06 10:59:22.248181
Tokyo,17.9,2025-09-21 10:59:22.248183
New York,18.0,2025-11-21 10:59:22.248185
Paris,28.9,2025-08-17 10:59:22.248187
Tokyo,21.2,2025-11-06 10:59:22.248189
London,27.1,2025-09-05 10:59:22.248191
Paris,23.4,2025-12-06 10:59:22.248193
Sydney,21.0,2026-03-10 10:59:22.248195
Paris,17.2,2026-01-27 10:59:22.248197
Paris,32.1,2026-07-02 10:59:22.248199
Tokyo,14.9,2025-07-26 10:59:22.248201
Sydney,13.3,2025-10-16 10:59:22.248203
London,11.5,2026-04-17 10:59:22.248205
Tokyo,15.0,2025-09-20 10:59:22.248207
New York,32.1,2026-01-31 10:59:22.248209
Tokyo,28.5,2026-04-03 10:59:22.248211
New York,24.6,2026-02-26 10:59:22.248213
New York,33.6,2025-12-11 10:59:22.248215
Tokyo,26.1,2025-07-22 10:59:22.248217
London,18.6,2025-09-17 10:59:22.248219
Sydney,32.8,2026-03-09 10:59:22.248221
Paris,26.3,2026-06-29 10:59:22.248223
London,19.3,2025-12-01 10:59:22.248225
Tokyo,34.5,2026-04-18 10:59:22.248227
London,18.6,2026-04-21 10:59:22.248228
Tokyo,27.8,2026-02-08 10:59:22.248230
New York,14.2,2025-10-15 10:59:22.248232
Paris,27.8,2025-09-05 10:59:22.248234
New York,10.5,2026-04-27 10:59:22.248236
Tokyo,25.7,2025-12-10 10:59:22.248238
London,27.7,2025-09-15 10:59:22.248240
Tokyo,12.5,2025-11-12 10:59:22.248242
Tokyo,25.7,2026-03-04 10:59:22.248244
Tokyo,20.0,2025-08-14 10:59:22.248246
London,30.1,2026-05-09 10:59:22.248248
New York,11.3,2025-09-07 10:59:22.248250
New York,19.2,2026-01-01 10:59:22.248252
Sydney,32.4,2026-03-14 10:59:22.248254
Sydney,19.2,2026-01-14 10:59:22.248256
Tokyo,30.1,2025-11-23 10:59:22.248258
Sydney,16.1,2026-04-21 10:59:22.248260
Tokyo,27.3,2025-08-23 10:59:22.248262
New York,32.3,2025-12-24 10:59:22.248264
London,27.6,2025-07-03 10:59:22.248266
London,13.3,2025-10-05 10:59:22.248268
London,15.2,2025-07-20 10:59:22.248270
London,25.1,2026-01-16 10:59:22.248272
Paris,18.8,2026-01-18 10:59:22.248274
New York,18.7,2026-05-06 10:59:22.248276
New York,24.0,2025-08-27 10:59:22.248278
London,34.8,2026-04-15 10:59:22.248281
New York,25.3,2026-01-03 10:59:22.248283
Tokyo,33.3,2025-11-12 10:59:22.248284
Tokyo,28.3,2025-08-23 10:59:22.248286
London,13.7,2026-04-12 10:59:22.248288
Tokyo,10.8,2025-08-24 10:59:22.248290
Paris,28.8,2026-05-31 10:59:22.248292
London,31.2,2025-12-07 10:59:22.248294
New York,30.6,2026-01-22 10:59:22.248296
Tokyo,13.0,2025-07-31 10:59:22.248298
Paris,20.3,2026-03-30 10:59:22.248300
Tokyo,16.8,2026-04-13 10:59:22.248302
Tokyo,34.2,2025-12-01 10:59:22.248304
Sydney,32.5,2025-10-15 10:59:22.248306
Paris,28.6,2025-08-07 10:59:22.248308
Sydney,33.4,2025-12-24 10:59:22.248310
Paris,22.5,2025-12-28 10:59:22.248312
Sydney,13.7,2026-06-02 10:59:22.248314
Paris,27.1,2026-02-18 10:59:22.248316
London,22.8,2026-07-02 10:59:22.248318
London,29.9,2025-10-03 10:59:22.248320
New York,30.2,2026-02-05 10:59:22.248322
Sydney,19.6,2026-03-24 10:59:22.248324
Paris,25.0,2025-10-22 10:59:22.248326
Tokyo,34.7,2026-02-08 10:59:22.248328
London,33.4,2025-09-24 10:59:22.248330
Tokyo,15.3,2025-10-20 10:59:22.248332
London,20.6,2026-03-10 10:59:22.248334
Paris,32.7,2025-10-07 10:59:22.248336
New York,23.2,2026-04-23 10:59:22.248339
Paris,16.9,2026-02-19 10:59:22.248341
Paris,15.5,2026-05-15 10:59:22.248342
Tokyo,34.6,2025-12-07 10:59:22.248344
Paris,16.3,2026-04-19 10:59:22.248346
Sydney,17.2,2026-06-27 10:59:22.248348
Sydney,21.1,2026-02-23 10:59:22.248350
New York,13.3,2026-04-29 10:59:22.248352
Paris,18.2,2026-04-14 10:59:22.248354
London,23.0,2025-09-19 10:59:22.248356
Sydney,30.3,2025-09-17 10:59:22.248358
Paris,33.1,2026-06-20 10:59:22.248360
London,26.8,2025-09-21 10:59:22.248362
Tokyo,21.8,2026-02-08 10:59:22.248364
New York,15.0,2025-08-31 10:59:22.248366
Paris,18.2,2025-09-02 10:59:22.248368
Tokyo,12.2,2025-09-26 10:59:22.248370
London,11.5,2025-08-24 10:59:22.248372
Sydney,14.0,2025-12-31 10:59:22.248374
New York,28.0,2026-02-01 10:59:22.248376
New York,25.2,2026-05-03 10:59:22.248378
Sydney,21.6,2026-05-20 10:59:22.248380
Paris,29.6,2026-02-05 10:59:22.248382
Paris,20.1,2025-10-28 10:59:22.248384
Sydney,19.5,2026-01-27 10:59:22.248386
Sydney,24.7,2025-07-29 10:59:22.248388
Tokyo,14.5,2026-06-23 10:59:22.248390
New York,22.4,2025-11-26 10:59:22.248392
London,31.7,2026-05-12 10:59:22.248394
Tokyo,22.9,2026-03-18 10:59:22.248396
London,22.1,2025-08-26 10:59:22.248398
Tokyo,28.7,2026-04-07 10:59:22.248400
Paris,25.0,2026-03-16 10:59:22.248402
London,34.1,2026-04-14 10:59:22.248404
Tokyo,22.2,2025-12-02 10:59:22.248406
Sydney,14.7,2025-07-29 10:59:22.248408
New York,20.2,2025-11-23 10:59:22.248410
Sydney,11.5,2025-10-21 10:59:22.248412
London,20.4,2026-05-26 10:59:22.248414
London,19.1,2025-07-04 10:59:22.248416
London,14.1,2026-03-09 10:59:22.248418
New York,25.8,2026-01-27 10:59:22.248420
New York,12.5,2025-09-27 10:59:22.248422
Tokyo,15.9,2026-04-26 10:59:22.248424
Tokyo,26.3,2026-02-04 10:59:22.248426
Sydney,16.8,2025-10-29 10:59:22.248428
Sydney,20.5,2026-06-19 10:59:22.248430
London,27.3,2025-11-20 10:59:22.248432
New York,33.5,2026-03-05 10:59:22.248434
London,29.4,2025-12-28 10:59:22.248436
Tokyo,27.8,2026-01-16 10:59:22.248437
Tokyo,34.6,2026-04-18 10:59:22.248439
London,28.1,2026-03-15 10:59:22.248441
London,23.6,2026-03-15 10:59:22.248443
Tokyo,14.4,2025-12-09 10:59:22.248445
Sydney,30.0,2026-06-07 10:59:22.248447
London,18.6,2026-05-11 10:59:22.248449
London,23.1,2025-07-05 10:59:22.248451
Tokyo,15.6,2025-10-22 10:59:22.248453
London,30.2,2025-07-23 10:59:22.248455
Paris,30.5,2025-11-17 10:59:22.248457
Tokyo,28.8,2025-09-19 10:59:22.248459
Tokyo,15.2,2025-08-11 10:59:22.248461
London,33.4,2025-10-16 10:59:22.248463
New York,11.6,2026-05-26 10:59:22.248465
Paris,23.4,2026-01-22 10:59:22.248467
Paris,27.4,2026-05-14 10:59:22.248469
Sydney,13.2,2025-08-18 10:59:22.248471
Paris,28.2,2025-11-15 10:59:22.248473
New York,30.3,2026-02-28 10:59:22.248475
London,20.0,2026-04-01 10:59:22.248477
Paris,11.3,2025-08-10 10:59:22.248479
Paris,34.0,2026-03-28 10:59:22.248481
Tokyo,29.5,2025-11-24 10:59:22.248483
Sydney,17.2,2025-12-04 10:59:22.248485
Tokyo,16.4,2026-05-10 10:59:22.248487
Tokyo,10.4,2026-03-16 10:59:22.248489
Tokyo,11.4,2025-09-07 10:59:22.248491
New York,26.5,2025-07-03 10:59:22.248493
London,13.6,2025-11-18 10:59:22.248495
London,18.0,2026-01-29 10:59:22.248497
Paris,32.4,2026-06-18 10:59:22.248498
New York,11.4,2025-09-20 10:59:22.248500
London,34.6,2025-08-17 10:59:22.248502
London,16.9,2026-03-20 10:59:22.248504
Paris,30.2,2026-03-24 10:59:22.248506
Tokyo,34.8,2026-05-19 10:59:22.248508
Paris,18.4,2025-11-25 10:59:22.248510
New York,32.8,2026-06-19 10:59:22.248512
Tokyo,25.1,2026-06-08 10:59:22.248514
Sydney,17.5,2025-07-05 10:59:22.248516
Sydney,33.7,2025-12-01 10:59:22.248518
New York,32.3,2026-07-01 10:59:22.248520
London,13.3,2025-08-25 10:59:22.248522
Sydney,10.5,2025-07-05 10:59:22.248536
London,33.3,2025-09-01 10:59:22.248539
London,27.6,2025-07-16 10:59:22.248541
New York,10.1,2025-08-17 10:59:22.248543
London,15.0,2026-03-30 10:59:22.248545
Tokyo,29.4,2025-09-26 10:59:22.248547
London,17.7,2025-07-07 10:59:22.248549
London,28.9,2025-10-19 10:59:22.248551
London,15.5,2025-12-09 10:59:22.248553
Paris,18.0,2025-11-25 10:59:22.248555
Tokyo,31.3,2026-04-30 10:59:22.248557
London,31.0,2026-02-18 10:59:22.248559
London,26.4,2026-05-25 10:59:22.248561
Paris,17.4,2025-12-04 10:59:22.248563
Tokyo,21.5,2025-09-04 10:59:22.248565
Tokyo,12.1,2026-04-18 10:59:22.248567
New York,11.2,2025-08-20 10:59:22.248569
Paris,18.1,2026-06-04 10:59:22.248571
New York,23.9,2026-04-19 10:59:22.248573
Sydney,23.3,2025-11-16 10:59:22.248575
Paris,24.0,2026-04-12 10:59:22.248577
New York,10.7,2025-07-29 10:59:22.248579
Sydney,24.7,2025-10-23 10:59:22.248581
Sydney,17.5,2026-03-11 10:59:22.248583
New York,24.3,2026-04-25 10:59:22.248585
New York,26.1,2026-06-24 10:59:22.248587
New York,29.8,2026-07-03 10:59:22.248589
Tokyo,19.7,2025-09-26 10:59:22.248591
Tokyo,26.2,2025-12-21 10:59:22.248593
Tokyo,23.7,2025-12-09 10:59:22.248595
Paris,16.2,2025-09-13 10:59:22.248597
London,11.4,2026-01-31 10:59:22.248599
Paris,18.8,2025-10-04 10:59:22.248601
Tokyo,29.2,2026-02-18 10:59:22.248603
Tokyo,23.4,2026-01-13 10:59:22.248605
London,33.3,2026-06-04 10:59:22.248607
New York,12.3,2026-05-13 10:59:22.248609
Tokyo,30.4,2026-02-27 10:59:22.248611
Sydney,15.0,2025-07-03 10:59:22.248613
Sydney,30.1,2025-08-30 10:59:22.248615
New York,30.4,2026-06-16 10:59:22.248617
New York,11.4,2026-03-26 10:59:22.248619
New York,14.9,2026-02-18 10:59:22.248621
London,26.1,2026-03-07 10:59:22.248623
London,14.7,2026-03-18 10:59:22.248625
New York,31.3,2025-09-10 10:59:22.248627
London,28.3,2025-09-07 10:59:22.248629
Paris,25.6,2026-01-08 10:59:22.248631
New York,16.6,2026-06-09 10:59:22.248633
Sydney,20.1,2026-02-26 10:59:22.248636
London,18.0,2025-12-20 10:59:22.248638
London,25.8,2026-01-13 10:59:22.248641
New York,24.6,2026-01-29 10:59:22.248643
New York,13.8,2025-07-25 10:59:22.248646
London,18.4,2025-09-25 10:59:22.248648
London,25.3,2026-06-05 10:59:22.248650
London,18.8,2026-06-02 10:59:22.248651
New York,21.5,2025-08-12 10:59:22.248653
New York,21.5,2025-09-08 10:59:22.248655
London,11.7,2025-11-25 10:59:22.248657
New York,26.9,2026-03-09 10:59:22.248659
Tokyo,22.0,2025-08-13 10:59:22.248661
Tokyo,23.1,2025-10-07 10:59:22.248663
Sydney,18.9,2026-05-14 10:59:22.248665
New York,16.6,2025-10-08 10:59:22.248667
Tokyo,25.2,2026-05-27 10:59:22.248669
Paris,30.3,2025-10-08 10:59:22.248671
New York,28.3,2025-07-04 10:59:22.248673
Tokyo,34.4,2026-01-01 10:59:22.248676
Sydney,29.7,2025-08-26 10:59:22.248678
Sydney,23.4,2025-07-29 10:59:22.248679
Sydney,21.9,2025-12-10 10:59:22.248681
Paris,24.8,2026-01-11 10:59:22.248683
New York,18.2,2025-09-26 10:59:22.248685
Tokyo,13.7,2025-08-29 10:59:22.248687
Paris,30.2,2025-10-30 10:59:22.248690
Tokyo,23.5,2025-09-09 10:59:22.248693
London,13.9,2026-03-18 10:59:22.248695
Tokyo,29.8,2025-11-27 10:59:22.248697
New York,14.1,2026-06-26 10:59:22.248700
New York,20.5,2025-10-24 10:59:22.248702
London,12.7,2026-02-05 10:59:22.248704
Tokyo,31.4,2025-07-26 10:59:22.248706
Tokyo,10.8,2025-11-18 10:59:22.248708
Tokyo,15.3,2025-11-05 10:59:22.248711
London,28.7,2026-02-13 10:59:22.248713
London,17.6,2025-09-30 10:59:22.248714
New York,29.1,2026-05-18 10:59:22.248717
Sydney,29.5,2025-10-14 10:59:22.248718
Paris,30.1,2025-11-22 10:59:22.248720
London,16.8,2025-09-10 10:59:22.248722
New York,12.3,2026-02-27 10:59:22.248724
Tokyo,10.3,2025-07-19 10:59:22.248727
New York,20.4,2025-09-16 10:59:22.248729
New York,28.5,2026-05-20 10:59:22.248731
London,17.8,2025-10-29 10:59:22.248733
Tokyo,27.5,2025-11-20 10:59:22.248735
New York,11.6,2026-02-11 10:59:22.248737
New York,14.8,2026-05-31 10:59:22.248739
New York,25.4,2026-06-10 10:59:22.248741
London,14.9,2026-04-21 10:59:22.248742
Paris,29.3,2025-09-12 10:59:22.248744
Tokyo,19.1,2026-01-20 10:59:22.248746
Paris,20.8,2025-09-01 10:59:22.248748
London,18.9,2026-06-07 10:59:22.248750
New York,28.2,2026-02-20 10:59:22.248752
Tokyo,34.5,2026-03-20 10:59:22.248754
Paris,12.1,2025-08-04 10:59:22.248756
Paris,12.5,2026-02-14 10:59:22.248758
Sydney,18.8,2025-09-27 10:59:22.248760
Sydney,28.5,2025-11-27 10:59:22.248762
Sydney,11.7,2025-07-13 10:59:22.248764
Paris,34.0,2025-11-04 10:59:22.248766
Paris,27.8,2026-04-08 10:59:22.248768
Paris,15.5,2026-05-15 10:59:22.248770
London,16.3,2025-08-16 10:59:22.248772
Paris,26.1,2025-10-18 10:59:22.248774
New York,20.5,2026-03-26 10:59:22.248776
Sydney,30.5,2026-04-15 10:59:22.248778
Paris,27.9,2025-12-26 10:59:22.248780
New York,27.3,2026-02-05 10:59:22.248782
Sydney,30.0,2026-04-02 10:59:22.248784
New York,28.3,2026-06-27 10:59:22.248787
Paris,18.0,2026-01-02 10:59:22.248789
London,11.3,2026-01-20 10:59:22.248791
Tokyo,32.9,2025-08-31 10:59:22.248793
Tokyo,27.1,2026-05-16 10:59:22.248795
London,10.6,2026-04-09 10:59:22.248796
Paris,28.9,2026-05-02 10:59:22.248799
London,23.9,2026-03-16 10:59:22.248801
London,28.8,2025-10-30 10:59:22.248803
Paris,27.0,2026-01-16 10:59:22.248805
Tokyo,15.8,2025-11-08 10:59:22.248807
Sydney,15.7,2026-01-10 10:59:22.248809
Tokyo,22.8,2026-05-04 10:59:22.248811
Paris,26.6,2025-12-29 10:59:22.248813
Tokyo,20.0,2026-02-21 10:59:22.248815
Paris,15.4,2026-03-30 10:59:22.248817
Sydney,34.6,2026-02-11 10:59:22.248818
London,10.1,2026-05-27 10:59:22.248820
London,16.9,2026-02-12 10:59:22.248822
London,17.8,2025-09-02 10:59:22.248824
New York,31.5,2025-07-24 10:59:22.248826
London,20.5,2026-04-22 10:59:22.248828
Paris,32.1,2025-07-30 10:59:22.248830
Paris,31.0,2026-05-29 10:59:22.248832
Tokyo,14.0,2026-06-30 10:59:22.248834
Tokyo,23.2,2025-08-09 10:59:22.248836
Sydney,18.2,2026-03-02 10:59:22.248838
New York,33.6,2026-07-02 10:59:22.248840
Paris,26.9,2025-09-08 10:59:22.248842
London,16.8,2025-09-04 10:59:22.248844
Sydney,14.7,2025-08-09 10:59:22.248846
New York,24.8,2025-09-06 10:59:22.248848
New York,25.3,2026-06-20 10:59:22.248850
London,32.0,2025-10-09 10:59:22.248852
Sydney,29.6,2026-03-26 10:59:22.248854
New York,17.1,2025-12-25 10:59:22.248856
New York,23.4,2025-09-18 10:59:22.248858
New York,17.3,2025-10-16 10:59:22.248860
London,13.5,2025-11-12 10:59:22.248862
New York,33.5,2026-03-22 10:59:22.248864
Sydney,32.6,2025-08-18 10:59:22.248866
Tokyo,22.9,2025-12-26 10:59:22.248868
New York,22.3,2025-07-23 10:59:22.248870
Sydney,10.7,2026-01-01 10:59:22.248872
Tokyo,19.4,2025-07-31 10:59:22.248874
Sydney,11.3,2026-02-24 10:59:22.248876
Paris,26.0,2026-02-01 10:59:22.248878
Tokyo,29.3,2026-04-15 10:59:22.248880
Paris,13.4,2025-12-31 10:59:22.248882
Sydney,32.2,2025-10-04 10:59:22.248884
London,33.4,2025-10-07 10:59:22.248886
Paris,17.4,2025-11-14 10:59:22.248888
Sydney,27.2,2026-03-24 10:59:22.248890
London,10.8,2026-04-08 10:59:22.248892
Paris,26.3,2026-07-01 10:59:22.248894
Tokyo,13.6,2025-09-28 10:59:22.248896
Paris,26.3,2026-06-15 10:59:22.248898
London,30.1,2025-10-28 10:59:22.248900
Tokyo,24.0,2025-09-03 10:59:22.248902
New York,33.9,2025-11-02 10:59:22.248904
Tokyo,14.1,2026-05-01 10:59:22.248906
New York,13.6,2026-06-10 10:59:22.248908
Sydney,16.5,2025-08-05 10:59:22.248910
New York,29.6,2026-06-01 10:59:22.248912
Tokyo,15.6,2025-07-16 10:59:22.248914
Tokyo,33.2,2026-05-25 10:59:22.248916
London,10.2,2026-03-12 10:59:22.248918
Paris,15.3,2026-01-07 10:59:22.248920
Tokyo,27.7,2025-10-22 10:59:22.248922
Paris,25.3,2026-05-17 10:59:22.248924
Tokyo,25.4,2026-03-02 10:59:22.248926
Paris,20.2,2025-07-14 10:59:22.248928
New York,17.2,2026-06-26 10:59:22.248930
Sydney,34.0,2026-01-10 10:59:22.248932
New York,12.4,2026-02-04 10:59:22.248934
Paris,21.9,2025-08-08 10:59:22.248936
Tokyo,15.2,2026-05-18 10:59:22.248938
London,19.3,2026-03-19 10:59:22.248940
New York,20.1,2026-06-17 10:59:22.248942
Paris,12.0,2025-10-21 10:59:22.248944
Paris,34.2,2025-10-08 10:59:22.248946
London,14.7,2025-07-21 10:59:22.248948
Paris,22.9,2026-06-29 10:59:22.248957
New York,26.1,2025-10-10 10:59:22.248959
New York,11.5,2026-02-16 10:59:22.248961
London,16.9,2025-08-15 10:59:22.248963
Paris,26.0,2026-03-22 10:59:22.248965
Sydney,28.4,2025-08-19 10:59:22.248967
Paris,34.8,2025-09-09 10:59:22.248969
New York,26.1,2025-12-17 10:59:22.248971
Tokyo,29.3,2026-02-07 10:59:22.248973
Tokyo,21.3,2025-08-13 10:59:22.248975
Sydney,34.1,2025-12-25 10:59:22.248977
Sydney,16.3,2025-12-25 10:59:22.248979
New York,15.7,2026-05-04 10:59:22.248981
Sydney,30.6,2026-04-07 10:59:22.248983
Sydney,20.5,2025-10-25 10:59:22.248985
Sydney,15.2,2026-02-01 10:59:22.248987
New York,23.2,2025-07-21 10:59:22.248989
London,16.5,2026-04-09 10:59:22.248991
Tokyo,26.3,2026-05-29 10:59:22.248993
Paris,13.3,2025-11-23 10:59:22.248995
New York,25.6,2025-10-08 10:59:22.248997
Paris,23.2,2025-12-04 10:59:22.248999
Paris,19.7,2026-06-28 10:59:22.249001
New York,15.7,2026-04-06 10:59:22.249003
Sydney,11.4,2025-12-11 10:59:22.249005
New York,11.7,2025-11-25 10:59:22.249007
Tokyo,27.8,2025-07-11 10:59:22.249009
Paris,28.8,2025-07-24 10:59:22.249010
New York,27.4,2026-03-30 10:59:22.249012
London,15.4,2025-12-19 10:59:22.249014
New York,25.7,2025-11-12 10:59:22.249016
Tokyo,27.5,2025-12-10 10:59:22.249018
Paris,18.9,2026-07-03 10:59:22.249020
Paris,11.4,2026-03-20 10:59:22.249022
New York,12.6,2026-06-01 10:59:22.249024
London,33.1,2025-07-28 10:59:22.249026
Tokyo,30.1,2025-11-23 10:59:22.249028
Sydney,23.4,2025-12-28 10:59:22.249030
Sydney,25.2,2026-06-21 10:59:22.249032
New York,10.2,2026-02-05 10:59:22.249034
Sydney,22.9,2025-11-27 10:59:22.249036
London,24.3,2025-07-28 10:59:22.249038
Sydney,22.8,2026-02-19 10:59:22.249040
Tokyo,17.8,2025-08-18 10:59:22.249042
Tokyo,32.2,2025-09-18 10:59:22.249044
Sydney,16.3,2026-06-06 10:59:22.249046
Tokyo,25.1,2026-05-18 10:59:22.249048
Tokyo,34.1,2026-03-17 10:59:22.249050
New York,28.1,2026-06-16 10:59:22.249052
New York,25.7,2025-08-01 10:59:22.249054
Sydney,22.5,2026-04-29 10:59:22.249056
New York,22.8,2026-02-17 10:59:22.249058
Paris,22.5,2025-12-16 10:59:22.249060
London,26.5,2026-01-15 10:59:22.249062
Tokyo,15.6,2025-09-04 10:59:22.249064
Sydney,24.1,2025-12-19 10:59:22.249066
Paris,14.2,2026-04-25 10:59:22.249068
Paris,34.9,2026-06-28 10:59:22.249070
New York,19.8,2026-06-23 10:59:22.249072
London,25.3,2025-11-22 10:59:22.249073
Tokyo,31.2,2025-12-02 10:59:22.249076
Paris,16.3,2026-03-03 10:59:22.249077
New York,10.3,2026-02-04 10:59:22.249079
London,26.5,2025-12-01 10:59:22.249081
New York,24.4,2025-11-21 10:59:22.249083
New York,21.8,2025-08-31 10:59:22.249086
Tokyo,19.5,2025-09-06 10:59:22.249088
New York,21.2,2026-05-18 10:59:22.249090
London,27.3,2026-01-01 10:59:22.249092
Sydney,20.5,2025-08-02 10:59:22.249093
Tokyo,11.4,2026-06-15 10:59:22.249095
Paris,15.3,2026-01-26 10:59:22.249097
Sydney,27.7,2025-07-28 10:59:22.249099
London,22.3,2026-06-09 10:59:22.249102
Sydney,11.1,2026-03-10 10:59:22.249104
Sydney,32.9,2025-07-22 10:59:22.249105
Sydney,22.8,2025-09-15 10:59:22.249108
Paris,11.7,2026-01-10 10:59:22.249110
Tokyo,27.8,2025-12-02 10:59:22.249112
New York,12.2,2025-09-22 10:59:22.249114
London,27.0,2025-09-19 10:59:22.249116
London,27.1,2026-01-26 10:59:22.249118
New York,19.6,2026-02-23 10:59:22.249120
Sydney,20.7,2026-02-18 10:59:22.249122
Paris,29.5,2026-02-13 10:59:22.249124
London,28.0,2026-02-05 10:59:22.249125
Tokyo,34.7,2025-10-19 10:59:22.249127
Sydney,28.1,2025-12-30 10:59:22.249130
Paris,18.4,2026-06-26 10:59:22.249132
New York,32.3,2025-09-12 10:59:22.249133
London,23.9,2026-02-25 10:59:22.249135
Sydney,25.3,2025-10-02 10:59:22.249137
Sydney,20.7,2026-01-21 10:59:22.249140
London,21.5,2025-08-14 10:59:22.249141
London,18.3,2026-03-15 10:59:22.249143
Paris,24.8,2026-05-28 10:59:22.249145
London,22.0,2026-02-15 10:59:22.249147
Tokyo,13.2,2025-10-01 10:59:22.249149
London,23.0,2025-10-27 10:59:22.249151
London,23.3,2026-04-18 10:59:22.249153
New York,16.4,2026-04-20 10:59:22.249155
Paris,28.3,2025-10-07 10:59:22.249157
New York,22.7,2026-04-23 10:59:22.249159
New York,31.5,2026-03-19 10:59:22.249161
Paris,22.3,2026-05-14 10:59:22.249163
Tokyo,23.7,2025-11-14 10:59:22.249165
Paris,33.7,2026-01-21 10:59:22.249167
New York,20.1,2025-09-16 10:59:22.249169
Paris,10.7,2025-10-23 10:59:22.249171
Tokyo,18.5,2026-05-15 10:59:22.249173
Tokyo,27.9,2025-12-24 10:59:22.249175
Tokyo,15.2,2026-01-28 10:59:22.249177
Paris,27.7,2026-06-15 10:59:22.249179
London,33.0,2026-02-19 10:59:22.249181
Tokyo,15.9,2025-08-08 10:59:22.249183
Paris,21.4,2025-10-28 10:59:22.249185
Tokyo,17.7,2026-01-26 10:59:22.249187
Tokyo,17.7,2026-04-11 10:59:22.249189
Paris,26.1,2025-07-26 10:59:22.249190
London,16.5,2026-02-20 10:59:22.249193
Paris,28.7,2025-08-19 10:59:22.249195
Sydney,25.0,2025-12-10 10:59:22.249197
Tokyo,20.2,2026-02-15 10:59:22.249198
Sydney,16.3,2025-12-21 10:59:22.249200
London,18.0,2025-11-09 10:59:22.249202
New York,10.5,2025-10-12 10:59:22.249204
Paris,28.1,2025-07-06 10:59:22.249207
Sydney,21.9,2026-07-01 10:59:22.249209
New York,29.9,2026-04-11 10:59:22.249211
New York,21.7,2026-01-26 10:59:22.249213
London,31.2,2025-12-25 10:59:22.249214
London,17.4,2025-11-20 10:59:22.249216
Sydney,30.2,2025-07-21 10:59:22.249218
New York,31.4,2026-06-12 10:59:22.249220
London,32.7,2025-12-05 10:59:22.249222
Sydney,20.8,2026-03-26 10:59:22.249224
Paris,29.9,2025-07-10 10:59:22.249226
Paris,26.1,2026-03-02 10:59:22.249228
Tokyo,32.7,2026-05-30 10:59:22.249230
Sydney,28.6,2026-02-10 10:59:22.249232
London,30.3,2026-04-04 10:59:22.249234
London,14.2,2026-03-26 10:59:22.249236
New York,17.3,2025-09-06 10:59:22.249238
Sydney,28.3,2026-06-24 10:59:22.249240
Paris,14.7,2025-08-23 10:59:22.249242
Paris,19.2,2026-01-13 10:59:22.249244
Paris,32.8,2025-08-27 10:59:22.249246
New York,20.8,2025-12-11 10:59:22.249248
London,33.0,2026-03-17 10:59:22.249250
Paris,20.3,2025-11-19 10:59:22.249252
New York,14.9,2025-07-06 10:59:22.249254
New York,26.4,2026-01-08 10:59:22.249256
Paris,21.7,2026-01-22 10:59:22.249258
New York,25.0,2025-08-19 10:59:22.249260
Sydney,20.7,2026-01-11 10:59:22.249262
Sydney,31.3,2026-06-21 10:59:22.249264
New York,34.6,2026-04-15 10:59:22.249265
Tokyo,10.6,2026-02-21 10:59:22.249267
Paris,31.8,2026-05-07 10:59:22.249269
Tokyo,14.4,2026-04-23 10:59:22.249271
Tokyo,11.4,2026-03-20 10:59:22.249273
Sydney,33.3,2026-01-17 10:59:22.249275
Tokyo,12.7,2026-02-23 10:59:22.249277
Tokyo,13.9,2026-01-23 10:59:22.249279
Paris,22.4,2025-12-28 10:59:22.249281
New York,27.5,2025-11-18 10:59:22.249283
New York,20.0,2025-11-17 10:59:22.249285
London,10.8,2026-05-23 10:59:22.249287
London,32.8,2025-12-27 10:59:22.249289
Sydney,16.4,2025-12-14 10:59:22.249291
Paris,25.9,2025-12-11 10:59:22.249293
New York,19.3,2025-11-11 10:59:22.249295
Paris,12.0,2026-06-22 10:59:22.249297
Paris,13.0,2025-08-18 10:59:22.249299
Paris,25.1,2026-02-28 10:59:22.249301
Paris,14.0,2026-04-08 10:59:22.249303
Tokyo,11.3,2025-12-05 10:59:22.249305
London,23.6,2026-04-15 10:59:22.249307
Sydney,18.1,2026-03-18 10:59:22.249309
London,30.3,2025-11-02 10:59:22.249311
London,24.8,2026-04-22 10:59:22.249313
Paris,16.5,2026-02-12 10:59:22.249315
New York,10.7,2025-08-23 10:59:22.249317
New York,26.5,2025-12-20 10:59:22.249319
New York,34.0,2025-11-05 10:59:22.249321
Sydney,23.9,2026-05-09 10:59:22.249323
London,32.2,2026-02-21 10:59:22.249325
Paris,17.0,2025-09-26 10:59:22.249327
London,12.4,2025-09-09 10:59:22.249329
London,20.3,2025-12-31 10:59:22.249330
Sydney,31.7,2025-09-02 10:59:22.249332
London,15.1,2025-08-28 10:59:22.249334
Sydney,24.8,2026-05-17 10:59:22.249336
London,29.2,2025-11-25 10:59:22.249338
New York,23.7,2026-05-06 10:59:22.249340
Sydney,24.4,2025-09-25 10:59:22.249341
London,22.0,2025-07-05 10:59:22.249343
Sydney,26.4,2025-10-12 10:59:22.249345
Sydney,25.4,2025-07-21 10:59:22.249347
Paris,32.1,2025-12-30 10:59:22.249349
Sydney,14.1,2025-11-09 10:59:22.249351
London,31.8,2026-03-04 10:59:22.249352
Paris,21.6,2026-01-18 10:59:22.249354
Tokyo,10.0,2025-11-19 10:59:22.249356
London,12.9,2026-03-06 10:59:22.249368
Tokyo,30.9,2025-12-01 10:59:22.249370
London,18.1,2025-12-03 10:59:22.249372
New York,19.3,2026-01-11 10:59:22.249374
Tokyo,12.4,2025-07-29 10:59:22.249376
New York,28.4,2025-11-23 10:59:22.249378
Paris,12.0,2025-07-18 10:59:22.249380
Paris,20.7,2025-08-05 10:59:22.249382
Sydney,27.7,2026-06-13 10:59:22.249384
New York,33.1,2025-10-10 10:59:22.249385
Sydney,33.5,2025-07-06 10:59:22.249387
Paris,31.3,2025-08-03 10:59:22.249389
Tokyo,21.9,2026-02-23 10:59:22.249391
Paris,27.0,2025-10-05 10:59:22.249393
Sydney,22.2,2026-05-11 10:59:22.249394
Paris,14.1,2025-07-15 10:59:22.249396
Tokyo,30.8,2025-10-11 10:59:22.249398
Tokyo,14.8,2025-11-05 10:59:22.249400
Paris,19.4,2025-12-03 10:59:22.249402
London,26.6,2025-09-08 10:59:22.249404
Tokyo,30.9,2025-12-07 10:59:22.249406
New York,31.2,2026-06-20 10:59:22.249407
New York,26.7,2026-04-12 10:59:22.249409
Paris,25.9,2026-05-04 10:59:22.249411
Paris,11.1,2026-04-05 10:59:22.249413
New York,28.8,2026-04-02 10:59:22.249415
Sydney,32.4,2025-09-17 10:59:22.249416
Paris,33.2,2025-08-19 10:59:22.249418
Paris,27.6,2026-04-26 10:59:22.249420
Tokyo,27.9,2025-07-22 10:59:22.249422
Tokyo,31.7,2025-07-26 10:59:22.249424
Tokyo,11.1,2025-12-04 10:59:22.249426
Paris,20.3,2025-12-17 10:59:22.249428
Paris,13.2,2025-11-21 10:59:22.249429
Sydney,16.6,2026-04-14 10:59:22.249431
Paris,27.7,2026-03-07 10:59:22.249433
Sydney,27.5,2026-02-28 10:59:22.249435
Tokyo,12.7,2025-12-14 10:59:22.249437
Paris,18.4,2025-08-11 10:59:22.249438
Sydney,26.6,2026-02-06 10:59:22.249440
Tokyo,12.8,2025-09-29 10:59:22.249442
New York,15.5,2026-05-22 10:59:22.249444
Sydney,17.8,2026-03-20 10:59:22.249446
Paris,24.6,2026-05-22 10:59:22.249448
London,20.6,2026-03-06 10:59:22.249450
Sydney,25.0,2025-09-11 10:59:22.249451
London,13.9,2025-08-26 10:59:22.249453
Tokyo,29.8,2026-04-25 10:59:22.249455
Paris,12.8,2025-11-09 10:59:22.249457
London,23.7,2026-04-06 10:59:22.249459
Tokyo,19.7,2026-06-14 10:59:22.249461
London,24.9,2026-03-27 10:59:22.249462
London,25.3,2026-03-06 10:59:22.249464
Tokyo,20.3,2025-09-26 10:59:22.249466
Tokyo,24.2,2026-02-05 10:59:22.249468
Paris,31.9,2025-07-24 10:59:22.249470
Sydney,33.1,2026-06-12 10:59:22.249472
New York,19.2,2026-01-16 10:59:22.249473
Sydney,14.6,2026-05-28 10:59:22.249475
Tokyo,33.8,2025-08-23 10:59:22.249477
New York,12.4,2026-01-19 10:59:22.249479
London,25.9,2025-09-20 10:59:22.249481
London,23.2,2026-01-01 10:59:22.249483
Paris,12.9,2025-08-10 10:59:22.249484
New York,13.5,2026-02-01 10:59:22.249486
Sydney,32.1,2025-11-10 10:59:22.249488
New York,25.1,2025-09-24 10:59:22.249490
New York,30.4,2025-08-25 10:59:22.249492
New York,14.8,2025-07-08 10:59:22.249494
New York,30.8,2026-04-14 10:59:22.249496
Sydney,21.8,2025-08-25 10:59:22.249497
Sydney,17.8,2026-01-07 10:59:22.249499
Sydney,32.1,2026-06-29 10:59:22.249501
New York,16.4,2025-07-11 10:59:22.249503
Tokyo,25.4,2025-07-16 10:59:22.249505
Tokyo,15.2,2025-09-10 10:59:22.249507
London,31.3,2025-12-15 10:59:22.249509
Sydney,22.1,2025-12-06 10:59:22.249510
New York,29.8,2025-10-11 10:59:22.249512
Tokyo,30.4,2025-12-10 10:59:22.249514
Tokyo,21.7,2025-10-31 10:59:22.249516
Paris,12.6,2025-10-15 10:59:22.249518
New York,12.5,2026-06-05 10:59:22.249520
New York,15.7,2026-06-29 10:59:22.249522
Paris,31.2,2026-03-20 10:59:22.249524
Tokyo,30.1,2025-07-13 10:59:22.249525
London,16.6,2026-05-07 10:59:22.249527
Paris,34.7,2026-06-22 10:59:22.249529
Sydney,25.1,2025-07-10 10:59:22.249531
Paris,33.4,2025-07-13 10:59:22.249533
Paris,13.7,2026-04-19 10:59:22.249535
Paris,28.9,2025-09-17 10:59:22.249536
Paris,12.4,2025-11-20 10:59:22.249539
New York,24.9,2025-12-18 10:59:22.249541
Tokyo,19.3,2025-09-25 10:59:22.249542
London,16.6,2025-10-16 10:59:22.249544
Sydney,11.4,2025-09-01 10:59:22.249546
Tokyo,30.6,2026-01-17 10:59:22.249548
Sydney,19.3,2026-05-16 10:59:22.249550
Paris,24.1,2025-12-10 10:59:22.249552
Sydney,14.3,2026-06-18 10:59:22.249554
Sydney,29.9,2025-08-18 10:59:22.249555
Tokyo,11.5,2025-08-21 10:59:22.249557
London,22.2,2025-10-09 10:59:22.249559
Paris,13.5,2025-08-21 10:59:22.249561
Sydney,12.4,2025-10-28 10:59:22.249563
Tokyo,33.3,2025-09-10 10:59:22.249565
Tokyo,14.6,2025-07-27 10:59:22.249567
Sydney,24.8,2025-09-22 10:59:22.249569
London,11.5,2025-09-30 10:59:22.249571
Tokyo,23.6,2026-05-10 10:59:22.249572
Tokyo,16.8,2025-09-22 10:59:22.249574
Paris,12.4,2026-05-19 10:59:22.249576
Sydney,30.3,2026-06-18 10:59:22.249578
Sydney,23.6,2026-01-02 10:59:22.249580
Tokyo,31.1,2026-04-15 10:59:22.249581
London,31.4,2026-04-11 10:59:22.249583
London,15.7,2026-07-01 10:59:22.249585
London,32.6,2026-01-14 10:59:22.249587
New York,17.5,2026-06-28 10:59:22.249588
Paris,22.0,2025-12-04 10:59:22.249590
New York,18.9,2025-11-07 10:59:22.249592
Sydney,25.9,2026-06-21 10:59:22.249594
London,15.7,2026-03-29 10:59:22.249596
Sydney,31.6,2026-03-19 10:59:22.249598
Sydney,34.0,2025-10-16 10:59:22.249599
Tokyo,11.1,2025-08-19 10:59:22.249601
Sydney,26.2,2025-08-05 10:59:22.249603
Paris,12.0,2025-10-11 10:59:22.249605
Tokyo,25.1,2026-01-22 10:59:22.249607
Sydney,27.9,2026-06-16 10:59:22.249609
London,14.3,2026-07-03 10:59:22.249611
Sydney,31.2,2026-07-02 10:59:22.249612
New York,10.2,2025-11-12 10:59:22.249614
Sydney,16.7,2026-06-15 10:59:22.249616
Paris,12.8,2026-06-28 10:59:22.249618
London,11.6,2026-02-20 10:59:22.249620
London,24.4,2026-05-28 10:59:22.249621
London,14.1,2026-03-30 10:59:22.249623
Paris,20.2,2026-01-31 10:59:22.249625
London,15.5,2025-12-15 10:59:22.249627
London,29.7,2026-05-19 10:59:22.249629
New York,25.2,2025-08-13 10:59:22.249631
New York,14.3,2026-01-21 10:59:22.249633
Paris,33.1,2026-04-02 10:59:22.249634
Sydney,15.2,2026-06-13 10:59:22.249636
Paris,30.6,2026-03-01 10:59:22.249638
Tokyo,10.1,2025-08-06 10:59:22.249640
Sydney,17.9,2025-08-18 10:59:22.249642
Tokyo,13.4,2025-11-19 10:59:22.249644
New York,28.7,2025-11-23 10:59:22.249646
Paris,16.0,2026-01-08 10:59:22.249647
New York,18.5,2026-02-12 10:59:22.249649
Tokyo,23.6,2026-04-03 10:59:22.249651
Paris,23.8,2025-12-24 10:59:22.249653
Tokyo,25.5,2025-08-22 10:59:22.249655
Paris,34.2,2025-10-17 10:59:22.249657
New York,18.7,2026-01-12 10:59:22.249659
Paris,20.0,2025-10-19 10:59:22.249661
Sydney,32.2,2025-09-10 10:59:22.249662
Tokyo,27.8,2025-07-28 10:59:22.249664
Tokyo,20.5,2025-12-01 10:59:22.249666
London,24.6,2026-05-17 10:59:22.249668
Tokyo,25.6,2025-09-02 10:59:22.249670
London,21.4,2026-05-15 10:59:22.249672
New York,30.9,2026-01-04 10:59:22.249673
Sydney,21.4,2025-08-06 10:59:22.249675
Tokyo,29.9,2025-07-13 10:59:22.249677
London,34.0,2025-10-16 10:59:22.249679
Paris,18.8,2025-11-15 10:59:22.249681
New York,25.0,2025-07-03 10:59:22.249683
Sydney,30.5,2026-02-06 10:59:22.249685
New York,26.6,2025-11-13 10:59:22.249686
Paris,35.0,2025-11-21 10:59:22.249688
Paris,13.3,2026-06-24 10:59:22.249690
Paris,32.0,2025-12-14 10:59:22.249692
Sydney,24.0,2025-11-20 10:59:22.249694
New York,21.8,2026-02-25 10:59:22.249695
London,12.9,2026-02-01 10:59:22.249697
Paris,15.5,2026-06-15 10:59:22.249699
Tokyo,15.4,2025-10-21 10:59:22.249701
New York,32.6,2025-08-03 10:59:22.249703
Sydney,25.2,2026-03-19 10:59:22.249705
Tokyo,24.2,2025-07-28 10:59:22.249707
Tokyo,12.3,2025-12-20 10:59:22.249709
London,34.2,2025-08-24 10:59:22.249711
Paris,30.8,2025-07-04 10:59:22.249713
New York,11.3,2026-04-10 10:59:22.249714
New York,26.4,2026-07-03 10:59:22.249716
London,18.5,2025-11-14 10:59:22.249718
New York,21.7,2026-02-15 10:59:22.249720
Sydney,17.1,2025-12-29 10:59:22.249722
Tokyo,21.5,2026-06-10 10:59:22.249724
London,13.1,2025-10-22 10:59:22.249725
Sydney,12.2,2025-11-23 10:59:22.249727
New York,27.1,2026-06-23 10:59:22.249729
Tokyo,27.4,2025-08-07 10:59:22.249731
Paris,26.0,2025-07-31 10:59:22.249733
New York,32.2,2025-10-10 10:59:22.249735
Paris,28.5,2025-10-21 10:59:22.249736
London,12.2,2025-07-28 10:59:22.249738
Tokyo,13.0,2025-12-25 10:59:22.249740
London,15.8,2026-05-12 10:59:22.249742
Sydney,29.1,2026-07-03 10:59:22.249744
Sydney,22.4,2026-02-28 10:59:22.249745
Sydney,22.7,2025-08-19 10:59:22.249755
Tokyo,13.9,2026-05-23 10:59:22.249757
Tokyo,15.8,2026-05-04 10:59:22.249759
London,20.2,2025-07-26 10:59:22.249760
London,14.4,2025-07-24 10:59:22.249762
Sydney,12.2,2025-12-29 10:59:22.249764
New York,18.1,2025-11-18 10:59:22.249766
Sydney,21.3,2026-01-20 10:59:22.249768
New York,18.2,2025-09-07 10:59:22.249770
New York,19.4,2025-08-18 10:59:22.249772
New York,31.1,2026-06-13 10:59:22.249773
London,16.5,2026-06-19 10:59:22.249775
Paris,16.4,2025-12-28 10:59:22.249777
Sydney,17.8,2025-12-10 10:59:22.249779
Sydney,10.2,2026-03-17 10:59:22.249781
New York,29.8,2025-07-31 10:59:22.249783
Paris,21.7,2026-03-12 10:59:22.249785
Tokyo,19.7,2026-05-12 10:59:22.249787
Sydney,33.5,2025-10-04 10:59:22.249789
London,27.7,2026-01-08 10:59:22.249791
Sydney,31.0,2026-03-13 10:59:22.249793
London,24.7,2025-07-24 10:59:22.249795
Paris,33.5,2026-03-28 10:59:22.249796
Tokyo,21.9,2026-06-01 10:59:22.249798
London,31.4,2026-05-20 10:59:22.249800
Sydney,22.3,2025-08-10 10:59:22.249802
London,17.1,2026-04-15 10:59:22.249804
New York,19.4,2026-04-01 10:59:22.249805
Tokyo,17.8,2025-11-04 10:59:22.249807
Sydney,12.2,2026-03-19 10:59:22.249809
New York,10.4,2025-12-31 10:59:22.249811
London,16.4,2025-08-17 10:59:22.249813
Paris,30.4,2025-10-10 10:59:22.249815
Tokyo,30.0,2025-10-16 10:59:22.249816
New York,31.0,2026-03-16 10:59:22.249818
London,10.6,2026-05-04 10:59:22.249820
Tokyo,25.5,2026-05-10 10:59:22.249822
Tokyo,10.9,2026-01-01 10:59:22.249824
London,32.1,2025-08-29 10:59:22.249825
Tokyo,34.9,2025-12-15 10:59:22.249827
New York,30.7,2026-04-12 10:59:22.249829
Sydney,25.8,2025-12-28 10:59:22.249831
Paris,14.2,2026-05-27 10:59:22.249833
Sydney,24.7,2025-07-04 10:59:22.249834
Paris,21.7,2025-08-12 10:59:22.249836
New York,16.3,2026-06-01 10:59:22.249838
New York,20.3,2026-03-03 10:59:22.249840
Paris,32.7,2026-07-01 10:59:22.249842
London,13.6,2025-07-11 10:59:22.249843
Paris,31.7,2026-03-22 10:59:22.249845
Tokyo,25.8,2025-10-22 10:59:22.249847
London,20.4,2025-11-26 10:59:22.249849
London,15.1,2026-06-15 10:59:22.249851
New York,15.1,2026-03-13 10:59:22.249853
Paris,16.4,2025-12-01 10:59:22.249854
New York,25.8,2025-12-06 10:59:22.249856
Tokyo,30.8,2025-09-10 10:59:22.249858
London,16.7,2026-05-27 10:59:22.249860
New York,26.5,2026-04-03 10:59:22.249861
Tokyo,30.9,2025-09-04 10:59:22.249863
Sydney,23.5,2025-08-07 10:59:22.249865
London,23.2,2025-09-02 10:59:22.249867
Tokyo,25.6,2026-05-15 10:59:22.249869
Paris,34.9,2025-07-26 10:59:22.249871
Paris,23.6,2026-05-10 10:59:22.249873
Tokyo,16.5,2026-07-01 10:59:22.249874
Sydney,30.7,2026-05-29 10:59:22.249876
New York,18.3,2026-06-28 10:59:22.249878
Sydney,12.1,2025-10-18 10:59:22.249880
Tokyo,33.7,2026-01-31 10:59:22.249882
Tokyo,25.7,2025-07-14 10:59:22.249883
London,21.8,2025-07-06 10:59:22.249885
Tokyo,12.1,2025-08-26 10:59:22.249887
London,11.4,2025-09-24 10:59:22.249889
New York,27.1,2025-12-24 10:59:22.249891
Tokyo,15.9,2025-12-14 10:59:22.249893
Sydney,30.0,2025-11-14 10:59:22.249895
Tokyo,17.2,2025-12-27 10:59:22.249896
New York,30.1,2025-09-02 10:59:22.249898
New York,31.5,2026-01-31 10:59:22.249900
Tokyo,25.8,2025-11-19 10:59:22.249902
Paris,22.8,2025-10-04 10:59:22.249904
New York,31.0,2026-01-24 10:59:22.249906
Tokyo,34.3,2025-12-26 10:59:22.249907
Paris,29.3,2025-08-26 10:59:22.249909
Sydney,16.9,2026-02-03 10:59:22.249911
London,19.6,2026-01-10 10:59:22.249913
Tokyo,13.8,2026-02-07 10:59:22.249915
Tokyo,30.4,2026-06-26 10:59:22.249916
New York,19.3,2026-02-27 10:59:22.249918
London,11.0,2025-11-14 10:59:22.249920
Sydney,23.2,2026-04-23 10:59:22.249922
New York,34.4,2026-01-12 10:59:22.249924
Paris,23.4,2026-03-18 10:59:22.249926
London,32.6,2025-08-18 10:59:22.249928
London,23.0,2026-02-19 10:59:22.249929
London,23.0,2026-02-19 10:59:22.249931
New York,31.0,2026-03-04 10:59:22.249933
London,12.6,2025-10-20 10:59:22.249935
Tokyo,19.6,2025-11-18 10:59:22.249936
Paris,18.2,2026-06-02 10:59:22.249938
Sydney,21.0,2026-03-11 10:59:22.249940
London,22.5,2025-11-23 10:59:22.249942
Paris,30.0,2025-07-16 10:59:22.249944
Paris,15.2,2025-12-23 10:59:22.249946
New York,18.7,2026-01-10 10:59:22.249947
New York,28.1,2025-11-20 10:59:22.249949
New York,18.6,2026-02-26 10:59:22.249951
Paris,26.2,2026-03-04 10:59:22.249953
London,20.1,2025-07-22 10:59:22.249955
New York,33.2,2025-10-10 10:59:22.249957
Tokyo,26.6,2025-09-13 10:59:22.249959
Tokyo,21.7,2025-10-01 10:59:22.249960
Tokyo,17.0,2026-04-07 10:59:22.249962
Sydney,15.4,2025-10-17 10:59:22.249964
New York,11.3,2026-06-05 10:59:22.249966
Paris,13.4,2025-12-16 10:59:22.249968
Tokyo,25.1,2026-01-24 10:59:22.249970
New York,17.9,2026-01-25 10:59:22.249971
Paris,21.4,2026-01-09 10:59:22.249973
New York,13.9,2025-09-11 10:59:22.249975
New York,31.5,2025-08-18 10:59:22.249977
Sydney,22.3,2025-10-31 10:59:22.249979
Tokyo,19.5,2025-09-22 10:59:22.249981
Sydney,12.2,2025-07-21 10:59:22.249983
Tokyo,29.5,2026-01-14 10:59:22.249985
London,18.5,2025-09-16 10:59:22.249986
New York,30.6,2026-05-26 10:59:22.249988
London,26.7,2025-10-24 10:59:22.249990
New York,13.3,2026-03-21 10:59:22.249992
New York,21.9,2025-10-05 10:59:22.249994
Tokyo,29.6,2026-01-15 10:59:22.249996
Tokyo,13.8,2026-03-13 10:59:22.249998
Paris,12.8,2025-12-13 10:59:22.249999
New York,10.7,2026-03-28 10:59:22.250001
Sydney,28.2,2025-08-06 10:59:22.250003
Paris,31.1,2026-01-12 10:59:22.250005
New York,13.2,2025-11-30 10:59:22.250007
Tokyo,33.6,2025-08-23 10:59:22.250008
London,16.5,2025-12-30 10:59:22.250010
London,25.5,2026-03-12 10:59:22.250012
Paris,16.4,2025-10-15 10:59:22.250014
London,33.4,2026-02-28 10:59:22.250016
London,26.2,2025-09-15 10:59:22.250018
London,31.5,2026-05-18 10:59:22.250020
Tokyo,14.6,2026-01-12 10:59:22.250021
London,32.0,2026-05-02 10:59:22.250023
London,14.1,2025-08-08 10:59:22.250025
Sydney,14.6,2025-11-08 10:59:22.250027
New York,30.4,2026-01-29 10:59:22.250029
Tokyo,27.9,2026-03-22 10:59:22.250031
London,24.1,2026-05-19 10:59:22.250032
Tokyo,29.3,2025-09-18 10:59:22.250034
New York,11.5,2026-04-10 10:59:22.250036
Paris,14.1,2026-01-04 10:59:22.250038
Sydney,19.1,2025-12-22 10:59:22.250040
New York,27.8,2025-10-22 10:59:22.250041
Tokyo,28.9,2025-10-16 10:59:22.250043
Sydney,22.3,2026-03-16 10:59:22.250045
Tokyo,15.4,2026-02-07 10:59:22.250047
London,31.6,2026-04-16 10:59:22.250049
Paris,23.6,2025-11-01 10:59:22.250051
Paris,15.1,2026-03-26 10:59:22.250052
Tokyo,27.1,2025-09-08 10:59:22.250054
Paris,34.7,2026-02-06 10:59:22.250056
Tokyo,32.2,2025-10-23 10:59:22.250058
Paris,25.8,2026-05-12 10:59:22.250060
New York,17.9,2025-08-20 10:59:22.250061
New York,11.1,2026-03-02 10:59:22.250063
Paris,22.5,2025-11-01 10:59:22.250065
Sydney,31.0,2025-07-10 10:59:22.250067
Tokyo,33.1,2025-08-04 10:59:22.250069
Tokyo,14.5,2026-05-20 10:59:22.250071
Paris,11.1,2025-08-17 10:59:22.250073
London,34.6,2025-08-10 10:59:22.250074
London,26.6,2026-06-04 10:59:22.250076
Paris,26.8,2025-11-16 10:59:22.250078
London,33.0,2026-04-22 10:59:22.250080
New York,33.5,2026-01-27 10:59:22.250082
Tokyo,32.7,2026-05-18 10:59:22.250083
Sydney,23.7,2025-07-06 10:59:22.250085
Sydney,20.1,2026-06-07 10:59:22.250087
New York,30.9,2025-11-01 10:59:22.250089
New York,28.7,2025-12-31 10:59:22.250091
Sydney,22.4,2025-07-23 10:59:22.250093
London,21.5,2026-02-28 10:59:22.250094
Paris,31.9,2026-05-13 10:59:22.250096
Paris,16.7,2026-02-04 10:59:22.250098
New York,26.0,2026-01-14 10:59:22.250100
Tokyo,34.7,2025-09-02 10:59:22.250102
Sydney,22.2,2025-07-05 10:59:22.250104
New York,12.3,2026-04-01 10:59:22.250105
London,21.3,2025-10-10 10:59:22.250107
New York,20.2,2026-01-29 10:59:22.250109
Sydney,22.4,2026-03-05 10:59:22.250111
Sydney,17.5,2026-07-02 10:59:22.250113
Sydney,13.5,2025-08-12 10:59:22.250115
Tokyo,13.1,2026-04-02 10:59:22.250117
Paris,13.8,2026-02-20 10:59:22.250118
New York,27.0,2025-09-03 10:59:22.250120
New York,22.7,2025-07-20 10:59:22.250122
Paris,13.1,2026-03-10 10:59:22.250124
London,21.8,2025-07-18 10:59:22.250126
London,19.4,2026-01-10 10:59:22.250128
New York,22.5,2025-12-14 10:59:22.250141
New York,29.5,2026-03-28 10:59:22.250143
Sydney,21.8,2026-02-22 10:59:22.250145
Sydney,13.5,2025-08-11 10:59:22.250147
London,22.0,2026-02-18 10:59:22.250149
Paris,22.5,2026-05-12 10:59:22.250151
London,28.7,2025-11-04 10:59:22.250152
London,23.3,2025-10-03 10:59:22.250154
Paris,28.2,2025-11-02 10:59:22.250156
Paris,25.5,2025-11-25 10:59:22.250158
New York,17.1,2026-01-22 10:59:22.250160
Paris,34.3,2025-09-27 10:59:22.250162
Sydney,33.8,2026-06-29 10:59:22.250163
Sydney,33.5,2026-02-16 10:59:22.250165
Paris,34.2,2026-05-03 10:59:22.250167
Tokyo,12.1,2026-01-01 10:59:22.250169
London,12.8,2026-05-06 10:59:22.250171
Tokyo,26.9,2025-12-09 10:59:22.250172
New York,20.6,2025-12-24 10:59:22.250174
New York,13.8,2025-09-01 10:59:22.250176
Tokyo,27.5,2025-09-12 10:59:22.250178
Paris,12.8,2025-07-04 10:59:22.250180
Sydney,31.5,2026-06-26 10:59:22.250182
Paris,25.7,2025-12-18 10:59:22.250183
New York,30.3,2026-05-14 10:59:22.250185
Sydney,29.7,2025-09-12 10:59:22.250187
London,20.5,2025-10-18 10:59:22.250189
Sydney,12.7,2025-12-09 10:59:22.250191
Paris,10.5,2025-09-07 10:59:22.250193
Sydney,21.9,2025-08-22 10:59:22.250194
Tokyo,17.9,2026-02-09 10:59:22.250196
New York,17.7,2025-09-05 10:59:22.250198
Sydney,27.9,2026-02-17 10:59:22.250200
Sydney,28.7,2025-10-26 10:59:22.250202
London,12.3,2026-01-05 10:59:22.250204
Sydney,20.1,2026-03-23 10:59:22.250206
Tokyo,30.6,2026-02-19 10:59:22.250207
Paris,14.1,2026-03-27 10:59:22.250209
Paris,11.6,2026-03-20 10:59:22.250211
Sydney,24.9,2025-12-27 10:59:22.250213
Tokyo,34.6,2026-05-26 10:59:22.250215
Tokyo,14.1,2026-06-13 10:59:22.250217
Tokyo,27.9,2025-08-11 10:59:22.250218
London,10.2,2026-05-31 10:59:22.250220
Sydney,29.2,2026-03-13 10:59:22.250222
Tokyo,15.9,2025-08-24 10:59:22.250224
Tokyo,21.4,2025-12-20 10:59:22.250226
Tokyo,30.2,2026-01-12 10:59:22.250227
New York,27.2,2025-08-19 10:59:22.250229
London,22.3,2025-08-02 10:59:22.250231
Sydney,11.5,2026-05-31 10:59:22.250233
Tokyo,20.5,2025-08-11 10:59:22.250235
Paris,20.5,2026-04-19 10:59:22.250237
New York,25.2,2026-05-16 10:59:22.250238
New York,28.3,2026-03-16 10:59:22.250240
Tokyo,24.3,2026-01-27 10:59:22.250242
New York,34.2,2025-09-13 10:59:22.250244
Tokyo,13.6,2025-09-10 10:59:22.250246
London,25.9,2025-10-16 10:59:22.250248
Paris,15.6,2025-09-12 10:59:22.250250
New York,17.7,2026-06-22 10:59:22.250251
Paris,12.3,2026-01-13 10:59:22.250253
London,12.0,2026-04-30 10:59:22.250255
Paris,32.3,2025-09-06 10:59:22.250257
Paris,26.0,2026-05-11 10:59:22.250259
London,25.7,2025-07-26 10:59:22.250260
Sydney,27.3,2026-05-29 10:59:22.250262
New York,17.7,2025-09-02 10:59:22.250264
London,11.4,2026-04-23 10:59:22.250266
Tokyo,10.5,2026-06-10 10:59:22.250268
Tokyo,25.9,2026-02-22 10:59:22.250270
Paris,16.5,2025-09-12 10:59:22.250272
Tokyo,17.8,2025-08-08 10:59:22.250273
Tokyo,27.7,2026-06-15 10:59:22.250275
London,27.5,2026-03-08 10:59:22.250277
Tokyo,28.4,2025-10-31 10:59:22.250279
Paris,25.6,2026-01-14 10:59:22.250281
Sydney,10.3,2025-11-12 10:59:22.250283
New York,27.9,2025-12-15 10:59:22.250285
Sydney,23.7,2025-09-26 10:59:22.250286
Sydney,12.1,2025-12-25 10:59:22.250288
Sydney,30.7,2026-03-29 10:59:22.250290
New York,22.1,2026-03-13 10:59:22.250292
London,24.1,2025-12-30 10:59:22.250294
Sydney,13.7,2025-08-04 10:59:22.250296
London,26.5,2025-10-29 10:59:22.250297
New York,34.5,2026-01-16 10:59:22.250299
Paris,11.1,2026-02-04 10:59:22.250301
Paris,10.5,2026-02-09 10:59:22.250303
London,24.6,2026-04-18 10:59:22.250305
New York,19.8,2026-04-20 10:59:22.250306
New York,16.2,2025-07-27 10:59:22.250308
New York,15.1,2026-06-21 10:59:22.250310
Sydney,27.5,2026-03-27 10:59:22.250312
Sydney,23.0,2026-05-16 10:59:22.250314
London,27.7,2026-02-16 10:59:22.250316
London,18.1,2025-10-15 10:59:22.250318
London,21.3,2025-08-18 10:59:22.250319
New York,31.0,2026-06-17 10:59:22.250321
London,34.2,2025-09-02 10:59:22.250323
Paris,32.5,2026-05-24 10:59:22.250325
Tokyo,28.2,2026-01-05 10:59:22.250327
Paris,24.0,2026-04-26 10:59:22.250329
London,22.6,2025-07-04 10:59:22.250330
Sydney,28.6,2026-02-18 10:59:22.250332
London,32.3,2025-11-15 10:59:22.250334
London,31.7,2026-05-24 10:59:22.250336
New York,32.7,2026-01-18 10:59:22.250338
New York,25.0,2025-12-17 10:59:22.250340
London,10.1,2026-02-19 10:59:22.250342
Paris,32.8,2025-09-18 10:59:22.250343
Sydney,29.2,2026-04-26 10:59:22.250345
New York,24.0,2026-04-30 10:59:22.250347
Paris,28.8,2025-08-09 10:59:22.250349
New York,25.6,2026-02-16 10:59:22.250351
Sydney,21.8,2026-04-13 10:59:22.250353
London,11.8,2026-04-24 10:59:22.250354
London,23.1,2025-08-01 10:59:22.250356
New York,14.1,2026-05-31 10:59:22.250358
London,12.5,2025-08-18 10:59:22.250360
New York,12.7,2025-09-30 10:59:22.250362
New York,19.2,2026-02-05 10:59:22.250364
New York,25.9,2026-04-18 10:59:22.250366
Tokyo,29.8,2025-12-11 10:59:22.250367
New York,20.9,2026-02-03 10:59:22.250369
Tokyo,21.0,2025-12-22 10:59:22.250371
London,14.1,2026-01-07 10:59:22.250373
Paris,11.1,2025-09-18 10:59:22.250375
London,11.1,2025-11-04 10:59:22.250376
Tokyo,14.7,2025-08-19 10:59:22.250378
London,10.1,2026-06-25 10:59:22.250380
New York,15.2,2026-02-10 10:59:22.250382
Sydney,21.7,2025-09-25 10:59:22.250384
Tokyo,34.2,2025-09-05 10:59:22.250385
London,18.3,2026-02-26 10:59:22.250387
London,23.6,2025-12-25 10:59:22.250389
Paris,27.1,2026-02-21 10:59:22.250391
New York,24.0,2026-03-08 10:59:22.250393
Tokyo,32.0,2026-01-22 10:59:22.250395
New York,23.8,2026-06-08 10:59:22.250397
New York,27.0,2026-06-13 10:59:22.250399
London,29.9,2026-02-22 10:59:22.250400
Sydney,28.6,2026-03-19 10:59:22.250402
Sydney,15.4,2025-11-06 10:59:22.250404
Paris,11.6,2026-01-03 10:59:22.250406
Tokyo,12.2,2026-05-12 10:59:22.250408
Sydney,32.1,2025-09-12 10:59:22.250409
New York,26.9,2026-05-19 10:59:22.250411
Tokyo,12.6,2025-08-21 10:59:22.250413
London,17.2,2025-09-03 10:59:22.250415
Paris,28.4,2025-10-06 10:59:22.250417
New York,22.0,2026-04-14 10:59:22.250419
Tokyo,16.7,2025-09-10 10:59:22.250421
New York,23.0,2025-07-22 10:59:22.250422
Paris,21.3,2025-07-10 10:59:22.250424
Sydney,32.0,2025-11-03 10:59:22.250426
New York,24.4,2026-03-27 10:59:22.250428
Paris,11.0,2025-12-23 10:59:22.250430
Tokyo,27.5,2025-10-29 10:59:22.250431
New York,18.3,2026-01-28 10:59:22.250433
Tokyo,24.7,2026-03-17 10:59:22.250435
New York,32.6,2026-02-24 10:59:22.250437
Paris,15.4,2026-06-27 10:59:22.250439
New York,31.5,2026-05-06 10:59:22.250441
New York,24.7,2026-03-01 10:59:22.250443
London,33.4,2025-12-10 10:59:22.250444
Tokyo,16.2,2025-07-31 10:59:22.250446
Sydney,32.2,2026-02-06 10:59:22.250448
Sydney,18.4,2025-12-29 10:59:22.250450
Tokyo,31.7,2025-08-06 10:59:22.250452
Paris,31.0,2025-11-13 10:59:22.250454
Paris,31.6,2025-12-23 10:59:22.250455
London,12.8,2026-04-19 10:59:22.250457
Tokyo,33.8,2026-03-13 10:59:22.250459
New York,16.2,2026-01-10 10:59:22.250461
New York,15.2,2026-02-21 10:59:22.250463
New York,27.0,2025-12-10 10:59:22.250465
Paris,22.0,2026-04-08 10:59:22.250466
Sydney,19.0,2026-03-25 10:59:22.250468
Tokyo,27.5,2025-08-09 10:59:22.250470
Tokyo,17.3,2025-12-01 10:59:22.250472
Tokyo,20.5,2026-04-08 10:59:22.250474
Paris,28.3,2026-03-21 10:59:22.250476
Sydney,13.1,2025-09-11 10:59:22.250477
Tokyo,24.6,2026-01-06 10:59:22.250479
Tokyo,28.4,2025-09-28 10:59:22.250481
London,16.8,2026-06-14 10:59:22.250483
London,33.7,2025-10-13 10:59:22.250485
Tokyo,20.5,2026-05-27 10:59:22.250487
Sydney,14.1,2026-05-27 10:59:22.250489
Tokyo,30.7,2026-06-24 10:59:22.250490
New York,22.4,2026-03-10 10:59:22.250492
Sydney,27.0,2026-06-06 10:59:22.250494
Tokyo,15.4,2025-11-26 10:59:22.250496
New York,26.9,2026-05-13 10:59:22.250498
Paris,11.0,2025-11-24 10:59:22.250500
Sydney,34.0,2026-03-27 10:59:22.250501
London,28.7,2025-07-25 10:59:22.250503
New York,34.6,2025-07-13 10:59:22.250505
Tokyo,27.7,2026-01-01 10:59:22.250507
Tokyo,22.3,2025-10-23 10:59:22.250509
Tokyo,20.0,2026-05-07 10:59:22.250511
London,18.7,2025-08-02 10:59:22.250513
Tokyo,15.5,2026-02-27 10:59:22.250514
Paris,23.9,2025-10-29 10:59:22.250523
Sydney,17.7,2026-04-04 10:59:22.250525
London,17.4,2026-01-23 10:59:22.250527
Sydney,19.4,2025-07-20 10:59:22.250529
Sydney,24.8,2025-07-26 10:59:22.250530
New York,22.3,2025-08-09 10:59:22.250532
New York,29.4,2026-01-31 10:59:22.250534
Paris,31.4,2026-06-09 10:59:22.250536
London,33.4,2025-08-31 10:59:22.250538
Tokyo,23.2,2025-10-07 10:59:22.250540
London,12.7,2025-12-23 10:59:22.250542
London,14.2,2025-11-09 10:59:22.250544
Paris,28.0,2026-07-01 10:59:22.250545
Tokyo,21.0,2025-07-19 10:59:22.250547
New York,17.3,2025-12-31 10:59:22.250549
Paris,33.3,2026-05-08 10:59:22.250551
London,15.8,2026-01-04 10:59:22.250553
New York,21.4,2026-07-01 10:59:22.250555
New York,24.8,2025-08-17 10:59:22.250556
Tokyo,32.3,2025-10-31 10:59:22.250558
New York,34.9,2026-05-08 10:59:22.250560
Paris,22.9,2026-02-25 10:59:22.250562
Sydney,25.4,2025-12-21 10:59:22.250564
New York,15.5,2026-03-08 10:59:22.250566
Tokyo,21.9,2026-01-18 10:59:22.250567
Tokyo,28.9,2025-10-29 10:59:22.250569
Sydney,14.9,2026-03-08 10:59:22.250571
Tokyo,29.1,2025-10-11 10:59:22.250573
New York,22.1,2025-10-22 10:59:22.250575
Paris,15.8,2025-08-31 10:59:22.250576
Tokyo,34.6,2025-08-05 10:59:22.250578
Tokyo,23.2,2025-09-22 10:59:22.250580
Paris,30.7,2025-07-06 10:59:22.250582
New York,12.4,2026-06-01 10:59:22.250584
Sydney,12.1,2025-08-15 10:59:22.250586
Tokyo,21.4,2025-08-23 10:59:22.250587
Sydney,13.1,2026-05-12 10:59:22.250589
London,28.7,2025-11-12 10:59:22.250591
New York,13.7,2025-07-28 10:59:22.250593
Sydney,10.8,2026-05-31 10:59:22.250595
London,32.4,2025-11-28 10:59:22.250597
New York,25.8,2026-03-14 10:59:22.250598
Tokyo,15.9,2025-07-27 10:59:22.250600
Tokyo,30.4,2025-12-07 10:59:22.250602
Paris,31.5,2025-07-11 10:59:22.250604
New York,20.0,2026-03-25 10:59:22.250606
Tokyo,28.4,2025-08-02 10:59:22.250617
Sydney,34.7,2025-12-15 10:59:22.250619
Paris,24.0,2025-09-19 10:59:22.250621
Paris,10.6,2026-04-30 10:59:22.250623
Tokyo,34.8,2025-10-03 10:59:22.250625
Paris,14.9,2026-04-04 10:59:22.250627
London,30.2,2025-07-06 10:59:22.250628
Paris,32.3,2026-01-07 10:59:22.250630
Sydney,18.7,2026-03-23 10:59:22.250632
New York,14.3,2025-11-18 10:59:22.250634
New York,23.6,2025-11-28 10:59:22.250636
London,32.8,2026-01-21 10:59:22.250638
Sydney,33.6,2025-09-19 10:59:22.250640
Sydney,10.7,2026-06-20 10:59:22.250642
Tokyo,26.9,2026-06-27 10:59:22.250644
Sydney,22.7,2026-04-29 10:59:22.250645
London,29.0,2026-04-11 10:59:22.250647
London,15.7,2026-06-24 10:59:22.250649
Paris,10.9,2026-02-01 10:59:22.250651
Tokyo,20.6,2026-02-24 10:59:22.250653
London,17.7,2025-07-28 10:59:22.250655
Sydney,10.0,2025-09-16 10:59:22.250656
Paris,10.6,2026-02-27 10:59:22.250658
Paris,10.8,2025-12-12 10:59:22.250660
London,22.9,2025-11-01 10:59:22.250662
Tokyo,30.2,2025-10-08 10:59:22.250664
Sydney,18.8,2025-07-05 10:59:22.250666
Tokyo,20.7,2026-05-20 10:59:22.250667
Paris,14.9,2026-06-26 10:59:22.250669
Tokyo,19.6,2025-07-07 10:59:22.250671
Paris,31.9,2026-02-14 10:59:22.250673
Paris,23.2,2026-02-02 10:59:22.250675
New York,14.6,2025-10-28 10:59:22.250677
New York,12.8,2025-09-18 10:59:22.250678
New York,30.6,2026-06-14 10:59:22.250680
London,33.1,2026-05-17 10:59:22.250682
London,28.6,2025-08-22 10:59:22.250684
Sydney,19.7,2025-11-10 10:59:22.250686
Paris,29.1,2026-01-01 10:59:22.250688
London,13.1,2025-07-27 10:59:22.250689
Paris,20.2,2026-05-15 10:59:22.250691
New York,32.7,2026-06-09 10:59:22.250693
London,21.9,2026-05-04 10:59:22.250695
Tokyo,28.9,2025-10-03 10:59:22.250697
London,24.3,2025-09-16 10:59:22.250699
London,17.4,2025-07-25 10:59:22.250700
London,10.0,2025-08-02 10:59:22.250702
New York,11.6,2025-09-04 10:59:22.250704
Sydney,28.5,2025-07-30 10:59:22.250706
New York,14.6,2026-02-22 10:59:22.250708
Paris,23.6,2026-06-13 10:59:22.250710
Tokyo,14.7,2026-01-18 10:59:22.250712
London,16.6,2026-04-09 10:59:22.250714
Tokyo,30.8,2025-12-19 10:59:22.250716
London,16.0,2025-12-01 10:59:22.250718
Sydney,16.4,2025-11-13 10:59:22.250719
Paris,21.2,2025-08-20 10:59:22.250721
Sydney,21.8,2025-11-27 10:59:22.250723
London,10.4,2026-04-09 10:59:22.250725
Tokyo,14.6,2025-12-11 10:59:22.250727
Sydney,23.3,2026-06-29 10:59:22.250729
Sydney,25.1,2025-08-03 10:59:22.250730
London,30.0,2025-11-20 10:59:22.250732
Tokyo,16.8,2026-01-02 10:59:22.250734
Tokyo,17.8,2025-08-01 10:59:22.250736
Sydney,22.8,2026-04-05 10:59:22.250738
Paris,11.6,2025-12-01 10:59:22.250740
Sydney,24.2,2025-09-05 10:59:22.250742
Paris,14.0,2025-11-05 10:59:22.250744
Tokyo,15.7,2025-09-20 10:59:22.250746
New York,27.3,2025-07-26 10:59:22.250748
Tokyo,11.8,2026-02-20 10:59:22.250750
Paris,27.4,2025-10-25 10:59:22.250751
Paris,14.1,2026-07-02 10:59:22.250753
Sydney,15.0,2026-04-21 10:59:22.250755
New York,31.8,2026-02-28 10:59:22.250757
London,16.3,2026-02-13 10:59:22.250759
Tokyo,27.1,2026-06-26 10:59:22.250760
London,10.5,2025-12-19 10:59:22.250762
Sydney,22.7,2026-01-09 10:59:22.250764
New York,19.0,2025-09-14 10:59:22.250766
Sydney,10.2,2025-11-18 10:59:22.250768
London,12.2,2026-04-21 10:59:22.250770
London,29.5,2025-09-02 10:59:22.250772
Tokyo,13.3,2025-07-10 10:59:22.250773
London,23.8,2026-05-04 10:59:22.250775
Sydney,30.1,2026-04-20 10:59:22.250777
London,32.0,2025-12-06 10:59:22.250779
London,33.3,2025-09-09 10:59:22.250781
Paris,21.7,2026-03-01 10:59:22.250783
London,21.8,2025-07-05 10:59:22.250784
Sydney,32.6,2025-10-23 10:59:22.250786
New York,19.6,2025-09-26 10:59:22.250788
Paris,10.9,2025-10-13 10:59:22.250790
Paris,12.4,2026-02-27 10:59:22.250792
Paris,16.9,2025-09-24 10:59:22.250793
Tokyo,15.5,2025-11-20 10:59:22.250795
New York,11.9,2026-01-26 10:59:22.250797
London,31.6,2026-04-30 10:59:22.250799
Tokyo,34.6,2025-08-17 10:59:22.250801
New York,17.8,2026-06-20 10:59:22.250803
London,35.0,2025-12-28 10:59:22.250804
Tokyo,31.1,2025-08-13 10:59:22.250806
Tokyo,22.5,2025-07-25 10:59:22.250808
Sydney,24.3,2025-09-01 10:59:22.250810
Sydney,23.5,2025-10-18 10:59:22.250812
London,15.9,2026-01-15 10:59:22.250814
Paris,21.5,2025-07-18 10:59:22.250815
Sydney,33.2,2025-08-07 10:59:22.250817
London,25.9,2026-06-30 10:59:22.250819
Tokyo,33.8,2025-07-15 10:59:22.250821
London,23.3,2026-04-11 10:59:22.250823
London,20.3,2025-12-25 10:59:22.250825
London,25.0,2026-06-17 10:59:22.250827
Paris,33.5,2026-02-13 10:59:22.250828
Tokyo,26.8,2025-08-15 10:59:22.250830
Sydney,15.1,2025-08-21 10:59:22.250832
London,28.4,2026-04-10 10:59:22.250834
New York,24.4,2026-01-25 10:59:22.250836
New York,11.2,2026-06-27 10:59:22.250837
Sydney,30.6,2025-11-16 10:59:22.250839
New York,17.7,2025-10-02 10:59:22.250841
London,12.3,2025-08-18 10:59:22.250843
Tokyo,18.1,2026-01-05 10:59:22.250845
Tokyo,33.2,2026-05-20 10:59:22.250847
Paris,34.7,2025-08-01 10:59:22.250848
New York,20.6,2025-07-04 10:59:22.250850
New York,32.7,2026-06-24 10:59:22.250852
New York,16.5,2025-08-12 10:59:22.250854
Tokyo,29.9,2025-08-06 10:59:22.250856
Tokyo,30.2,2026-06-29 10:59:22.250858
Sydney,16.0,2026-06-06 10:59:22.250860
New York,21.0,2025-08-23 10:59:22.250861
London,12.8,2025-10-21 10:59:22.250863
Sydney,12.0,2025-09-24 10:59:22.250865
New York,17.1,2025-07-21 10:59:22.250867
Sydney,33.1,2025-12-27 10:59:22.250869
New York,12.5,2026-05-02 10:59:22.250871
London,32.8,2026-02-14 10:59:22.250873
London,21.4,2025-09-24 10:59:22.250874
London,26.4,2026-05-02 10:59:22.250876
Sydney,31.6,2026-06-19 10:59:22.250878
Paris,12.8,2026-02-16 10:59:22.250880
London,23.9,2026-03-11 10:59:22.250882
Sydney,24.5,2025-09-09 10:59:22.250884
London,20.0,2025-09-12 10:59:22.250886
London,26.2,2026-03-09 10:59:22.250887
Paris,26.4,2025-09-14 10:59:22.250889
Tokyo,12.9,2026-05-10 10:59:22.250891
London,19.9,2026-05-30 10:59:22.250893
New York,24.3,2026-01-29 10:59:22.250895
Tokyo,31.9,2026-01-03 10:59:22.250897
London,14.4,2026-02-02 10:59:22.250898
Paris,32.5,2025-10-19 10:59:22.250900
Paris,17.2,2026-04-16 10:59:22.250902
London,31.9,2026-04-06 10:59:22.250904
New York,13.5,2026-03-20 10:59:22.250906
New York,22.6,2026-06-24 10:59:22.250908
Sydney,17.2,2026-03-02 10:59:22.250921
New York,12.3,2025-12-30 10:59:22.250923
London,25.1,2025-07-15 10:59:22.250925
Tokyo,18.1,2026-04-09 10:59:22.250927
London,18.4,2025-10-20 10:59:22.250928
Sydney,34.8,2026-04-09 10:59:22.250930
Tokyo,29.0,2026-03-08 10:59:22.250932
London,15.8,2026-05-31 10:59:22.250934
Sydney,12.2,2026-06-23 10:59:22.250936
London,26.8,2026-06-07 10:59:22.250937
London,30.5,2026-01-18 10:59:22.250939
New York,15.3,2026-04-05 10:59:22.250941
Sydney,25.2,2025-12-18 10:59:22.250943
New York,31.4,2026-05-04 10:59:22.250945
Tokyo,30.3,2026-05-03 10:59:22.250946
New York,11.1,2025-07-19 10:59:22.250948
Tokyo,13.5,2026-02-11 10:59:22.250950
London,21.3,2026-01-28 10:59:22.250952
Paris,32.6,2026-02-07 10:59:22.250954
London,24.6,2026-06-12 10:59:22.250956
New York,31.2,2025-10-09 10:59:22.250957
New York,32.1,2025-08-30 10:59:22.250959
Tokyo,23.8,2026-02-08 10:59:22.250961
Paris,23.0,2026-01-13 10:59:22.250963
Sydney,30.9,2026-04-22 10:59:22.250965
New York,30.5,2025-11-27 10:59:22.250967
London,17.5,2025-09-01 10:59:22.250969
New York,32.2,2025-11-09 10:59:22.250971
New York,11.9,2026-06-13 10:59:22.250973
New York,17.2,2025-09-08 10:59:22.250975
London,25.5,2025-08-04 10:59:22.250977
Sydney,14.4,2025-11-09 10:59:22.250978
London,24.4,2026-03-10 10:59:22.250980
London,25.5,2025-12-23 10:59:22.250982
London,29.8,2025-12-05 10:59:22.250984
London,25.7,2025-07-28 10:59:22.250986
Paris,29.5,2025-07-06 10:59:22.250988
Sydney,13.0,2026-05-03 10:59:22.250989
New York,19.3,2025-11-24 10:59:22.250991
Tokyo,24.8,2026-04-18 10:59:22.250993
London,15.3,2026-05-23 10:59:22.250995
New York,27.6,2025-07-11 10:59:22.250997
Tokyo,14.2,2025-10-21 10:59:22.250999
Tokyo,14.4,2025-08-05 10:59:22.251000
Paris,10.0,2025-11-16 10:59:22.251002
Tokyo,11.9,2025-10-15 10:59:22.251004
Tokyo,15.6,2026-01-28 10:59:22.251006
Paris,20.3,2026-05-23 10:59:22.251008
Paris,19.7,2025-11-23 10:59:22.251009
London,13.5,2025-08-17 10:59:22.251011
London,14.4,2026-01-31 10:59:22.251013
London,28.4,2026-05-15 10:59:22.251015
London,23.2,2026-04-29 10:59:22.251017
Paris,21.3,2025-10-08 10:59:22.251019
London,24.5,2026-03-03 10:59:22.251020
New York,28.0,2025-10-30 10:59:22.251022
Sydney,31.0,2026-03-29 10:59:22.251024
Tokyo,25.1,2026-04-05 10:59:22.251026
Sydney,26.4,2025-08-06 10:59:22.251028
Tokyo,26.5,2026-03-28 10:59:22.251030
New York,26.5,2025-12-15 10:59:22.251031
Sydney,32.0,2026-01-12 10:59:22.251033
Paris,18.9,2025-12-29 10:59:22.251035
New York,17.7,2026-01-24 10:59:22.251037
Paris,25.8,2025-07-05 10:59:22.251039
Sydney,22.1,2025-10-08 10:59:22.251040
Tokyo,12.0,2026-02-21 10:59:22.251042
Tokyo,33.9,2025-11-27 10:59:22.251044
Tokyo,16.5,2026-04-07 10:59:22.251046
Paris,20.6,2026-02-18 10:59:22.251048
London,27.3,2025-12-01 10:59:22.251049
Paris,28.9,2026-02-26 10:59:22.251051
Sydney,24.0,2025-07-03 10:59:22.251053
Tokyo,28.3,2026-06-10 10:59:22.251055
Sydney,30.9,2026-02-19 10:59:22.251056
Sydney,29.6,2025-11-01 10:59:22.251058
Tokyo,24.2,2026-03-06 10:59:22.251060
Paris,20.7,2025-10-24 10:59:22.251062
Sydney,30.0,2026-03-22 10:59:22.251064
Tokyo,19.4,2025-07-11 10:59:22.251066
Paris,16.9,2025-09-02 10:59:22.251068
Sydney,11.7,2026-02-18 10:59:22.251070
New York,30.5,2025-09-20 10:59:22.251071
Paris,22.9,2026-05-03 10:59:22.251073
Tokyo,13.3,2025-08-13 10:59:22.251075
London,29.7,2025-11-05 10:59:22.251077
London,19.1,2026-05-11 10:59:22.251079
London,19.3,2025-12-27 10:59:22.251081
London,19.7,2025-09-15 10:59:22.251083
Tokyo,15.8,2025-10-05 10:59:22.251084
New York,30.9,2025-09-05 10:59:22.251086
Sydney,18.4,2025-10-12 10:59:22.251088
Tokyo,14.7,2025-12-29 10:59:22.251090
Sydney,17.0,2026-05-10 10:59:22.251092
Tokyo,29.5,2025-09-27 10:59:22.251094
New York,31.8,2025-09-05 10:59:22.251095
New York,20.1,2026-01-31 10:59:22.251097
Sydney,18.2,2025-07-24 10:59:22.251099
Sydney,14.8,2026-05-17 10:59:22.251101
Paris,16.4,2025-08-13 10:59:22.251103
Paris,28.3,2025-10-18 10:59:22.251105
Tokyo,16.1,2025-11-01 10:59:22.251106
Tokyo,19.7,2025-12-20 10:59:22.251108
Sydney,10.2,2026-06-24 10:59:22.251110
London,27.1,2026-01-14 10:59:22.251112
Tokyo,29.5,2026-04-13 10:59:22.251114
London,25.3,2026-04-07 10:59:22.251116
Tokyo,30.3,2025-12-25 10:59:22.251117
Tokyo,30.8,2026-06-18 10:59:22.251119
Sydney,18.7,2025-11-24 10:59:22.251121
London,17.2,2026-06-02 10:59:22.251123
London,27.1,2025-07-31 10:59:22.251125
Tokyo,27.6,2026-06-09 10:59:22.251126
London,26.5,2025-10-11 10:59:22.251128
Tokyo,29.4,2026-03-06 10:59:22.251130
Paris,29.5,2025-09-15 10:59:22.251132
London,30.7,2026-03-11 10:59:22.251134
Tokyo,25.4,2026-02-11 10:59:22.251136
Paris,13.6,2026-02-27 10:59:22.251137
Paris,32.1,2026-05-15 10:59:22.251139
Sydney,13.3,2025-10-23 10:59:22.251141
London,29.9,2025-11-12 10:59:22.251143
New York,10.2,2026-03-30 10:59:22.251145
New York,27.4,2025-10-22 10:59:22.251147
London,29.1,2026-01-28 10:59:22.251149
Paris,28.5,2026-04-19 10:59:22.251151
New York,16.0,2026-02-10 10:59:22.251153
Tokyo,15.7,2025-09-13 10:59:22.251155
London,13.3,2025-11-09 10:59:22.251157
Paris,31.2,2026-02-07 10:59:22.251158
New York,31.4,2026-02-22 10:59:22.251160
London,26.9,2025-09-04 10:59:22.251162
Paris,18.7,2025-11-06 10:59:22.251164
London,11.4,2026-05-04 10:59:22.251166
New York,14.7,2025-11-22 10:59:22.251167
Sydney,33.4,2025-11-03 10:59:22.251169
New York,12.9,2026-03-30 10:59:22.251171
London,19.7,2025-08-11 10:59:22.251173
Sydney,25.1,2026-04-20 10:59:22.251175
Sydney,25.4,2026-01-07 10:59:22.251177
New York,21.8,2025-10-01 10:59:22.251178
Tokyo,16.1,2026-05-16 10:59:22.251180
London,29.4,2025-12-14 10:59:22.251182
Sydney,10.0,2026-06-04 10:59:22.251184
Sydney,33.7,2026-06-19 10:59:22.251186
Sydney,19.2,2025-08-24 10:59:22.251187
Paris,25.2,2026-05-21 10:59:22.251189
Tokyo,31.1,2025-07-27 10:59:22.251191
London,11.5,2026-06-29 10:59:22.251193
New York,19.3,2025-11-09 10:59:22.251195
New York,15.4,2025-08-11 10:59:22.251197
London,31.2,2026-02-06 10:59:22.251199
New York,24.5,2026-02-05 10:59:22.251200
London,31.8,2025-08-25 10:59:22.251202
New York,14.6,2025-11-03 10:59:22.251204
New York,24.5,2025-08-03 10:59:22.251206
Sydney,15.4,2026-05-02 10:59:22.251208
London,20.0,2025-07-16 10:59:22.251210
Paris,14.9,2025-12-14 10:59:22.251212
New York,23.9,2026-05-20 10:59:22.251213
Tokyo,11.5,2025-08-04 10:59:22.251215
London,11.9,2025-08-09 10:59:22.251217
Sydney,20.6,2025-12-24 10:59:22.251219
London,28.6,2025-12-08 10:59:22.251221
Sydney,24.0,2025-11-20 10:59:22.251223
Sydney,28.3,2026-04-10 10:59:22.251224
Paris,19.5,2026-02-04 10:59:22.251226
Paris,22.0,2026-04-22 10:59:22.251228
Paris,24.7,2026-05-25 10:59:22.251230
London,18.4,2025-12-16 10:59:22.251232
Sydney,28.7,2026-01-25 10:59:22.251233
Paris,34.2,2026-03-22 10:59:22.251235
New York,11.6,2025-09-27 10:59:22.251237
Paris,34.4,2025-07-16 10:59:22.251239
New York,26.4,2025-12-05 10:59:22.251241
London,24.7,2026-03-14 10:59:22.251243
New York,19.4,2025-10-09 10:59:22.251244
Sydney,14.3,2026-01-10 10:59:22.251246
Tokyo,31.7,2025-08-10 10:59:22.251248
London,29.9,2026-06-17 10:59:22.251250
Paris,24.4,2025-09-04 10:59:22.251251
Tokyo,27.0,2026-04-20 10:59:22.251253
Tokyo,21.0,2026-03-31 10:59:22.251255
Paris,17.0,2025-10-29 10:59:22.251257
New York,26.8,2025-07-20 10:59:22.251259
Paris,34.3,2025-10-17 10:59:22.251261
London,17.6,2026-01-17 10:59:22.251262
London,16.0,2025-10-22 10:59:22.251264
New York,17.8,2025-07-17 10:59:22.251266
Sydney,31.6,2026-03-31 10:59:22.251268
New York,21.0,2025-11-20 10:59:22.251270
Paris,26.8,2026-06-30 10:59:22.251271
New York,28.8,2025-07-07 10:59:22.251273
Sydney,17.6,2026-02-26 10:59:22.251275
Sydney,24.1,2026-06-05 10:59:22.251277
New York,17.7,2025-08-15 10:59:22.251279
London,28.3,2026-03-21 10:59:22.251281
Tokyo,22.5,2026-04-30 10:59:22.251283
Sydney,23.6,2026-06-26 10:59:22.251284
Paris,24.4,2026-06-29 10:59:22.251286
Tokyo,26.2,2025-07-24 10:59:22.251288
London,10.4,2026-06-28 10:59:22.251290
London,17.9,2026-02-14 10:59:22.251292
Paris,14.7,2026-01-17 10:59:22.251294
Sydney,17.1,2025-10-15 10:59:22.251302
London,29.1,2026-04-14 10:59:22.251304
Sydney,28.0,2025-10-15 10:59:22.251306
Paris,31.8,2026-05-12 10:59:22.251308
New York,20.4,2025-09-23 10:59:22.251310
Paris,13.4,2026-04-19 10:59:22.251312
Sydney,30.1,2025-11-11 10:59:22.251314
Sydney,27.6,2026-06-02 10:59:22.251315
Tokyo,33.0,2026-06-07 10:59:22.251317
Sydney,28.2,2026-05-17 10:59:22.251319
London,16.5,2026-04-07 10:59:22.251321
London,19.6,2026-02-11 10:59:22.251323
London,11.9,2026-03-21 10:59:22.251324
Sydney,14.8,2026-03-18 10:59:22.251326
Tokyo,15.3,2026-05-13 10:59:22.251328
Tokyo,17.6,2025-10-27 10:59:22.251330
London,24.4,2025-08-27 10:59:22.251332
Tokyo,24.2,2026-01-24 10:59:22.251334
Tokyo,26.2,2025-08-19 10:59:22.251335
Tokyo,17.2,2025-11-06 10:59:22.251337
London,18.7,2026-04-23 10:59:22.251339
New York,33.8,2025-09-07 10:59:22.251341
Paris,12.2,2025-09-20 10:59:22.251343
Paris,18.7,2025-07-07 10:59:22.251345
London,34.5,2026-04-22 10:59:22.251347
New York,34.1,2026-05-28 10:59:22.251348
New York,31.1,2026-05-25 10:59:22.251350
London,17.7,2025-07-10 10:59:22.251352
London,27.8,2025-07-27 10:59:22.251354
Paris,29.6,2025-10-10 10:59:22.251356
Tokyo,21.7,2025-08-09 10:59:22.251358
Sydney,22.1,2026-03-05 10:59:22.251359
Sydney,24.8,2026-02-04 10:59:22.251361
New York,13.3,2026-01-02 10:59:22.251363
Paris,22.2,2026-01-08 10:59:22.251365
Paris,24.6,2026-02-02 10:59:22.251366
Tokyo,33.2,2026-06-07 10:59:22.251368
Sydney,18.8,2025-12-03 10:59:22.251370
Sydney,12.6,2025-10-06 10:59:22.251372
Sydney,20.7,2026-01-22 10:59:22.251374
Sydney,13.9,2025-10-08 10:59:22.251375
New York,12.7,2025-12-12 10:59:22.251377
Paris,30.0,2026-01-21 10:59:22.251379
Tokyo,14.2,2026-01-31 10:59:22.251381
Sydney,15.0,2025-08-03 10:59:22.251383
New York,22.9,2026-05-13 10:59:22.251385
Tokyo,15.2,2025-12-20 10:59:22.251387
Tokyo,34.3,2026-05-22 10:59:22.251388
Sydney,32.9,2025-07-14 10:59:22.251390
Sydney,13.4,2025-10-01 10:59:22.251392
Sydney,22.9,2025-08-30 10:59:22.251394
Sydney,13.0,2026-04-14 10:59:22.251396
Paris,31.5,2026-01-20 10:59:22.251398
New York,13.6,2026-03-24 10:59:22.251399
Sydney,22.3,2026-03-26 10:59:22.251401
Paris,30.3,2026-04-11 10:59:22.251403
London,21.5,2025-07-20 10:59:22.251405
Paris,31.4,2025-09-17 10:59:22.251407
Paris,22.6,2025-12-25 10:59:22.251409
Sydney,23.8,2025-10-23 10:59:22.251411
Paris,12.6,2025-08-02 10:59:22.251413
London,29.2,2026-02-12 10:59:22.251414
London,13.1,2026-04-29 10:59:22.251416
Paris,11.8,2026-06-20 10:59:22.251418
Sydney,33.2,2025-11-14 10:59:22.251420
Tokyo,34.3,2026-01-18 10:59:22.251422
London,30.3,2025-10-06 10:59:22.251424
Paris,24.1,2026-02-11 10:59:22.251425
Tokyo,29.6,2026-03-21 10:59:22.251427
Paris,17.0,2025-10-08 10:59:22.251429
Tokyo,24.3,2025-09-09 10:59:22.251431
New York,27.0,2026-01-13 10:59:22.251433
New York,16.1,2025-10-07 10:59:22.251435
New York,12.6,2026-05-20 10:59:22.251437
Paris,14.6,2026-05-17 10:59:22.251438
London,20.1,2025-07-16 10:59:22.251440
London,24.7,2025-12-06 10:59:22.251442
New York,12.2,2025-09-12 10:59:22.251444
Sydney,28.6,2025-10-20 10:59:22.251446
Sydney,15.8,2025-10-18 10:59:22.251448
Sydney,19.8,2025-11-14 10:59:22.251450
London,12.4,2025-10-20 10:59:22.251452
Tokyo,25.8,2025-12-05 10:59:22.251454
London,33.4,2025-12-27 10:59:22.251455
Tokyo,12.1,2026-01-04 10:59:22.251457
New York,28.5,2025-10-27 10:59:22.251459
New York,28.0,2026-05-09 10:59:22.251461
Paris,12.9,2026-03-19 10:59:22.251463
Tokyo,21.2,2025-07-08 10:59:22.251464
London,17.0,2025-11-28 10:59:22.251466
Sydney,19.4,2025-11-19 10:59:22.251468
Tokyo,33.3,2025-07-13 10:59:22.251470
London,11.9,2025-12-16 10:59:22.251472
Sydney,33.0,2026-06-26 10:59:22.251474
Sydney,33.2,2026-02-23 10:59:22.251475
Paris,12.8,2025-12-09 10:59:22.251477
London,21.0,2026-07-03 10:59:22.251479
Sydney,11.0,2026-05-21 10:59:22.251481
Sydney,29.2,2026-05-27 10:59:22.251483
Tokyo,24.0,2026-06-07 10:59:22.251485
Sydney,28.4,2026-06-30 10:59:22.251487
London,22.5,2025-09-15 10:59:22.251489
New York,10.5,2025-12-13 10:59:22.251490
New York,28.5,2025-08-04 10:59:22.251492
New York,29.8,2026-04-05 10:59:22.251494
Paris,30.5,2025-07-03 10:59:22.251496
Tokyo,21.6,2026-03-18 10:59:22.251498
Tokyo,16.5,2025-07-24 10:59:22.251500
Paris,20.9,2026-06-27 10:59:22.251502
New York,27.4,2026-04-29 10:59:22.251504
Paris,21.5,2026-04-04 10:59:22.251506
Paris,11.8,2025-08-09 10:59:22.251508
Paris,20.1,2026-02-24 10:59:22.251509
Tokyo,35.0,2026-03-30 10:59:22.251511
Paris,30.2,2026-02-06 10:59:22.251513
London,15.0,2025-08-15 10:59:22.251515
Tokyo,29.5,2026-02-05 10:59:22.251517
Tokyo,28.4,2026-04-04 10:59:22.251519
Paris,12.6,2026-04-20 10:59:22.251521
New York,12.8,2025-12-16 10:59:22.251522
Paris,15.2,2026-06-20 10:59:22.251524
Sydney,27.7,2025-07-15 10:59:22.251526
Paris,13.3,2026-01-12 10:59:22.251528
London,13.1,2026-02-17 10:59:22.251530
New York,26.1,2025-11-28 10:59:22.251532
Sydney,12.6,2025-09-16 10:59:22.251534
Paris,15.3,2026-04-26 10:59:22.251535
Sydney,25.6,2025-11-13 10:59:22.251537
Paris,13.2,2026-06-12 10:59:22.251539
Tokyo,34.1,2026-05-22 10:59:22.251541
New York,15.9,2025-12-30 10:59:22.251543
Sydney,23.0,2026-01-18 10:59:22.251544
Tokyo,31.7,2026-01-20 10:59:22.251546
Sydney,25.4,2026-01-08 10:59:22.251548
Sydney,23.1,2026-03-15 10:59:22.251550
London,30.1,2025-12-28 10:59:22.251552
New York,15.4,2025-09-27 10:59:22.251554
Sydney,26.9,2026-04-08 10:59:22.251555
Sydney,25.0,2025-07-27 10:59:22.251557
Sydney,10.2,2026-01-01 10:59:22.251559
Paris,18.6,2026-04-05 10:59:22.251561
Tokyo,28.6,2026-04-10 10:59:22.251562
Paris,31.2,2025-09-13 10:59:22.251564
Sydney,23.9,2026-04-17 10:59:22.251566
London,31.1,2026-02-08 10:59:22.251568
London,29.4,2025-12-04 10:59:22.251570
Sydney,25.0,2025-11-06 10:59:22.251572
New York,18.4,2026-02-20 10:59:22.251573
Tokyo,22.3,2025-09-10 10:59:22.251575
Paris,21.8,2026-02-07 10:59:22.251577
New York,31.2,2026-03-09 10:59:22.251579
Paris,18.6,2026-05-28 10:59:22.251581
Tokyo,32.3,2025-08-24 10:59:22.251583
Tokyo,27.5,2026-04-23 10:59:22.251585
Sydney,26.4,2025-08-20 10:59:22.251586
Paris,19.1,2025-08-28 10:59:22.251588
Tokyo,30.6,2025-10-18 10:59:22.251590
New York,28.5,2025-07-28 10:59:22.251592
London,21.4,2025-07-27 10:59:22.251594
Sydney,23.8,2026-06-14 10:59:22.251596
New York,22.4,2025-12-29 10:59:22.251598
New York,29.4,2025-12-11 10:59:22.251599
London,31.3,2025-07-07 10:59:22.251601
London,11.2,2025-12-27 10:59:22.251603
London,23.2,2026-04-15 10:59:22.251605
Paris,25.3,2026-01-14 10:59:22.251608
Tokyo,25.9,2025-07-28 10:59:22.251610
Sydney,29.1,2025-10-25 10:59:22.251612
Sydney,22.4,2025-07-30 10:59:22.251615
London,27.5,2026-05-14 10:59:22.251617
Paris,20.5,2025-10-23 10:59:22.251618
Paris,30.7,2026-01-17 10:59:22.251620
Sydney,23.4,2026-04-20 10:59:22.251622
New York,26.8,2025-09-13 10:59:22.251624
New York,12.9,2025-08-22 10:59:22.251626
London,12.3,2026-05-08 10:59:22.251628
Paris,27.4,2026-04-01 10:59:22.251630
Sydney,21.6,2025-08-08 10:59:22.251632
Paris,28.0,2025-09-28 10:59:22.251634
Paris,34.7,2026-03-08 10:59:22.251636
Tokyo,24.3,2026-06-19 10:59:22.251638
Tokyo,22.9,2025-11-21 10:59:22.251641
Tokyo,22.5,2026-06-02 10:59:22.251643
New York,21.6,2025-08-18 10:59:22.251645
New York,24.1,2025-11-02 10:59:22.251648
Paris,33.6,2026-05-08 10:59:22.251650
Paris,26.8,2026-01-09 10:59:22.251652
Paris,32.5,2026-03-22 10:59:22.251653
Sydney,14.8,2026-01-10 10:59:22.251655
Sydney,27.1,2026-03-10 10:59:22.251657
Sydney,33.9,2026-05-02 10:59:22.251659
Sydney,13.8,2026-01-12 10:59:22.251661
New York,11.9,2025-09-27 10:59:22.251662
London,29.1,2026-05-04 10:59:22.251664
New York,33.4,2026-06-22 10:59:22.251666
Sydney,18.9,2025-08-22 10:59:22.251668
Tokyo,12.0,2026-06-28 10:59:22.251670
New York,29.3,2025-07-17 10:59:22.251672
Tokyo,23.8,2026-06-14 10:59:22.251674
Tokyo,26.0,2025-08-03 10:59:22.251676
Paris,25.6,2025-12-26 10:59:22.251678
New York,11.8,2025-11-05 10:59:22.251679
Sydney,30.6,2025-10-26 10:59:22.251681
Paris,30.5,2026-04-23 10:59:22.251683
London,30.6,2026-03-08 10:59:22.251685
Tokyo,19.0,2025-12-11 10:59:22.251697
New York,20.6,2025-07-19 10:59:22.251699
Tokyo,32.0,2026-01-20 10:59:22.251702
Sydney,30.0,2025-11-30 10:59:22.251703
Paris,23.6,2026-06-05 10:59:22.251705
London,15.0,2026-01-17 10:59:22.251707
Paris,22.3,2026-07-01 10:59:22.251709
London,22.0,2026-04-02 10:59:22.251711
London,19.7,2025-12-31 10:59:22.251713
Tokyo,28.1,2026-06-18 10:59:22.251714
Paris,25.3,2026-04-07 10:59:22.251716
London,19.2,2025-10-14 10:59:22.251718
Sydney,27.3,2025-08-25 10:59:22.251720
New York,21.7,2025-07-19 10:59:22.251722
London,16.1,2025-12-09 10:59:22.251724
Tokyo,33.7,2025-08-30 10:59:22.251726
London,15.3,2026-02-06 10:59:22.251727
Tokyo,26.4,2026-05-27 10:59:22.251729
Paris,18.8,2025-08-13 10:59:22.251731
New York,14.8,2025-09-10 10:59:22.251733
Tokyo,19.2,2026-03-31 10:59:22.251735
New York,23.0,2026-06-30 10:59:22.251737
New York,15.3,2026-06-18 10:59:22.251738
Sydney,11.1,2026-04-14 10:59:22.251740
London,23.7,2026-05-29 10:59:22.251742
Tokyo,19.9,2025-07-26 10:59:22.251744
Sydney,32.5,2025-09-08 10:59:22.251746
Paris,34.2,2026-01-17 10:59:22.251748
Paris,30.2,2026-06-24 10:59:22.251749
New York,23.5,2025-08-15 10:59:22.251751
Sydney,31.8,2026-03-09 10:59:22.251753
Sydney,22.7,2026-03-28 10:59:22.251755
New York,11.3,2026-04-25 10:59:22.251757
Tokyo,19.5,2026-02-11 10:59:22.251759
Sydney,26.0,2026-07-01 10:59:22.251761
Sydney,29.4,2026-03-11 10:59:22.251763
Sydney,32.0,2026-06-29 10:59:22.251764
Paris,19.0,2026-01-17 10:59:22.251766
Tokyo,29.1,2025-09-24 10:59:22.251768
New York,33.1,2025-10-26 10:59:22.251770
New York,34.7,2025-10-19 10:59:22.251772
Tokyo,18.4,2025-09-14 10:59:22.251774
London,25.5,2025-10-14 10:59:22.251776
Tokyo,21.1,2025-11-07 10:59:22.251777
Tokyo,19.5,2026-04-15 10:59:22.251779
Paris,27.1,2026-01-09 10:59:22.251781
Tokyo,17.2,2026-01-26 10:59:22.251783
New York,28.1,2026-03-30 10:59:22.251785
Sydney,22.6,2026-01-18 10:59:22.251787
New York,34.1,2025-07-10 10:59:22.251789
Sydney,20.3,2026-03-02 10:59:22.251790
Sydney,27.3,2026-05-04 10:59:22.251792
London,34.9,2026-01-31 10:59:22.251794
Paris,16.8,2025-07-10 10:59:22.251796
Tokyo,34.0,2026-01-07 10:59:22.251798
Paris,26.2,2026-02-12 10:59:22.251800
Sydney,11.1,2026-05-30 10:59:22.251801
New York,10.8,2025-08-13 10:59:22.251803
New York,26.2,2025-09-08 10:59:22.251805
New York,11.6,2026-03-06 10:59:22.251807
Paris,14.9,2025-09-12 10:59:22.251809
Paris,30.6,2025-09-08 10:59:22.251811
Paris,22.0,2026-01-11 10:59:22.251812
Tokyo,15.1,2025-07-20 10:59:22.251814
New York,11.0,2026-01-19 10:59:22.251816
New York,18.0,2026-01-29 10:59:22.251818
Paris,27.5,2026-05-03 10:59:22.251820
London,16.4,2026-03-19 10:59:22.251821
Tokyo,22.1,2026-05-13 10:59:22.251823
Tokyo,16.8,2026-02-10 10:59:22.251825
London,34.5,2025-09-25 10:59:22.251827
Paris,13.4,2026-04-01 10:59:22.251829
Tokyo,20.6,2025-08-06 10:59:22.251830
Sydney,26.4,2026-03-15 10:59:22.251832
London,16.0,2026-01-12 10:59:22.251834
London,11.9,2025-07-13 10:59:22.251836
New York,33.2,2025-10-28 10:59:22.251838
New York,18.2,2025-12-20 10:59:22.251840
Sydney,31.9,2026-04-30 10:59:22.251842
Tokyo,24.0,2025-12-07 10:59:22.251843
New York,32.0,2025-07-25 10:59:22.251845
Paris,32.7,2026-01-24 10:59:22.251847
Tokyo,24.0,2025-10-31 10:59:22.251849
Tokyo,18.6,2025-07-10 10:59:22.251851
Sydney,22.2,2026-04-05 10:59:22.251852
London,13.6,2026-03-01 10:59:22.251854
Sydney,34.8,2025-09-25 10:59:22.251856
Sydney,26.4,2026-05-17 10:59:22.251858
Sydney,12.5,2026-06-24 10:59:22.251860
New York,14.5,2026-02-09 10:59:22.251861
London,29.9,2026-02-27 10:59:22.251863
New York,19.0,2025-09-15 10:59:22.251865
Sydney,12.2,2025-10-24 10:59:22.251867
Sydney,25.5,2026-05-16 10:59:22.251869
Tokyo,21.5,2025-11-02 10:59:22.251871
New York,32.7,2026-05-25 10:59:22.251873
Tokyo,17.8,2025-07-09 10:59:22.251874
London,29.4,2026-05-13 10:59:22.251876
London,22.0,2026-04-13 10:59:22.251878
Sydney,21.1,2026-05-28 10:59:22.251880
New York,12.9,2026-01-04 10:59:22.251882
Sydney,29.3,2025-08-23 10:59:22.251884
London,26.5,2026-06-06 10:59:22.251886
London,19.9,2025-08-30 10:59:22.251888
Paris,25.6,2025-11-02 10:59:22.251889
Paris,29.9,2025-08-12 10:59:22.251891
Tokyo,30.4,2026-02-27 10:59:22.251893
New York,27.8,2026-05-18 10:59:22.251895
London,27.3,2026-07-01 10:59:22.251897
London,26.2,2025-12-02 10:59:22.251899
Tokyo,29.2,2025-12-15 10:59:22.251901
Paris,32.2,2026-01-20 10:59:22.251902
Sydney,10.0,2026-01-01 10:59:22.251904
Paris,32.9,2026-01-23 10:59:22.251906
Sydney,26.0,2026-06-21 10:59:22.251908
Paris,16.5,2025-12-14 10:59:22.251910
London,21.6,2026-06-17 10:59:22.251911
London,19.9,2026-02-24 10:59:22.251913
Sydney,11.5,2026-04-12 10:59:22.251915
London,32.3,2025-11-27 10:59:22.251917
Tokyo,10.5,2026-07-02 10:59:22.251919
Sydney,22.8,2026-07-01 10:59:22.251921
Tokyo,25.3,2026-03-29 10:59:22.251922
New York,29.8,2026-01-26 10:59:22.251924
Sydney,30.4,2026-04-11 10:59:22.251926
Sydney,10.9,2025-12-29 10:59:22.251928
New York,32.4,2026-03-12 10:59:22.251930
London,14.1,2026-03-20 10:59:22.251932
Tokyo,19.4,2026-05-15 10:59:22.251934
Paris,27.3,2026-03-11 10:59:22.251936
London,18.5,2025-11-08 10:59:22.251938
New York,34.0,2026-06-04 10:59:22.251940
Sydney,29.8,2026-03-22 10:59:22.251941
Sydney,12.0,2026-03-25 10:59:22.251943
New York,13.1,2026-06-23 10:59:22.251945
Tokyo,18.2,2025-07-31 10:59:22.251947
Tokyo,17.1,2026-04-23 10:59:22.251948
Tokyo,11.9,2025-09-08 10:59:22.251950
Sydney,11.4,2026-02-15 10:59:22.251952
Paris,16.2,2026-06-23 10:59:22.251954
Tokyo,11.9,2026-02-16 10:59:22.251956
Sydney,25.9,2026-05-04 10:59:22.251957
Sydney,32.1,2025-08-10 10:59:22.251959
Sydney,22.5,2025-09-11 10:59:22.251961
New York,33.7,2025-11-10 10:59:22.251963
New York,28.1,2025-11-29 10:59:22.251965
Sydney,29.8,2026-01-18 10:59:22.251966
New York,24.1,2026-01-24 10:59:22.251968
London,34.3,2025-10-15 10:59:22.251970
New York,30.4,2026-01-08 10:59:22.251972
New York,31.0,2026-03-02 10:59:22.251974
Paris,23.3,2026-03-19 10:59:22.251976
Sydney,13.0,2026-05-24 10:59:22.251978
London,24.1,2026-05-05 10:59:22.251979
London,23.4,2026-07-01 10:59:22.251981
London,25.8,2026-02-06 10:59:22.251983
Tokyo,18.9,2026-05-12 10:59:22.251985
Sydney,30.6,2026-03-26 10:59:22.251987
Sydney,11.7,2025-09-07 10:59:22.251988
New York,10.6,2025-09-12 10:59:22.251990
Tokyo,28.4,2025-07-28 10:59:22.251992
Sydney,17.6,2025-11-26 10:59:22.251994
Paris,15.5,2025-07-31 10:59:22.251996
Sydney,12.0,2025-09-11 10:59:22.251998
Paris,15.8,2025-07-13 10:59:22.252000
Paris,34.7,2026-02-25 10:59:22.252002
Paris,15.0,2025-12-30 10:59:22.252003
Sydney,33.8,2025-10-05 10:59:22.252005
Tokyo,29.7,2026-04-09 10:59:22.252007
Sydney,19.8,2026-06-22 10:59:22.252009
New York,33.0,2026-05-13 10:59:22.252011
Sydney,30.7,2025-10-03 10:59:22.252012
Sydney,18.9,2025-09-12 10:59:22.252014
New York,14.3,2025-11-12 10:59:22.252016
Sydney,28.7,2025-09-25 10:59:22.252018
New York,32.1,2025-10-07 10:59:22.252020
Sydney,10.6,2025-12-19 10:59:22.252022
Paris,11.1,2026-03-30 10:59:22.252024
Paris,25.6,2026-05-22 10:59:22.252026
Sydney,13.5,2026-02-14 10:59:22.252027
Sydney,17.1,2026-05-01 10:59:22.252029
Sydney,24.4,2025-12-30 10:59:22.252031
Tokyo,14.7,2026-04-28 10:59:22.252033
London,19.6,2026-04-10 10:59:22.252035
London,24.0,2025-12-31 10:59:22.252037
London,25.8,2025-11-29 10:59:22.252038
Sydney,34.7,2025-07-30 10:59:22.252040
London,24.9,2026-05-13 10:59:22.252042
London,30.3,2026-03-08 10:59:22.252044
Paris,22.0,2026-02-12 10:59:22.252045
New York,17.9,2025-08-12 10:59:22.252047
Sydney,16.1,2025-07-14 10:59:22.252049
New York,19.7,2025-11-15 10:59:22.252051
New York,25.0,2026-05-21 10:59:22.252053
Paris,12.1,2026-01-11 10:59:22.252055
Paris,11.0,2026-06-08 10:59:22.252056
Sydney,16.4,2025-12-09 10:59:22.252058
London,33.2,2025-08-14 10:59:22.252060
Sydney,21.1,2026-05-10 10:59:22.252062
New York,25.7,2025-12-02 10:59:22.252064
London,22.3,2026-05-17 10:59:22.252066
Sydney,32.7,2025-10-20 10:59:22.252067
London,25.8,2025-09-17 10:59:22.252069
New York,25.2,2026-06-16 10:59:22.252071
Tokyo,27.0,2026-03-02 10:59:22.252083
New York,20.0,2025-09-12 10:59:22.252085
Sydney,32.3,2025-10-14 10:59:22.252087
Paris,21.2,2026-06-14 10:59:22.252089
Paris,34.7,2025-12-06 10:59:22.252091
New York,33.7,2025-08-29 10:59:22.252093
Paris,12.6,2026-01-15 10:59:22.252095
Tokyo,17.6,2026-06-01 10:59:22.252096
New York,12.6,2026-03-30 10:59:22.252098
New York,16.0,2025-11-23 10:59:22.252100
London,25.2,2025-07-23 10:59:22.252102
Sydney,20.8,2026-02-18 10:59:22.252104
Tokyo,30.8,2025-08-17 10:59:22.252106
Paris,18.4,2025-08-12 10:59:22.252107
Tokyo,11.9,2025-09-21 10:59:22.252109
Paris,18.0,2026-03-18 10:59:22.252111
New York,30.0,2026-02-07 10:59:22.252113
Sydney,25.3,2025-07-21 10:59:22.252115
Paris,25.3,2025-10-20 10:59:22.252117
New York,21.5,2026-04-21 10:59:22.252119
Sydney,29.9,2025-10-26 10:59:22.252121
Sydney,22.6,2025-07-04 10:59:22.252122
Tokyo,21.9,2025-11-09 10:59:22.252124
London,20.2,2025-08-12 10:59:22.252126
London,26.7,2025-09-23 10:59:22.252128
New York,13.6,2025-11-07 10:59:22.252130
Sydney,15.6,2026-04-26 10:59:22.252132
New York,20.1,2026-02-03 10:59:22.252134
Tokyo,18.8,2026-03-25 10:59:22.252136
New York,29.3,2026-01-31 10:59:22.252137
London,13.1,2026-03-23 10:59:22.252139
Tokyo,17.8,2025-11-10 10:59:22.252141
New York,27.3,2026-02-16 10:59:22.252143
New York,27.5,2026-01-04 10:59:22.252145
Paris,23.0,2026-02-13 10:59:22.252147
Sydney,31.9,2025-07-17 10:59:22.252148
Tokyo,23.5,2026-05-11 10:59:22.252150
Sydney,25.7,2025-07-21 10:59:22.252152
Paris,10.1,2026-05-06 10:59:22.252154
Paris,23.7,2025-11-07 10:59:22.252156
Tokyo,21.6,2026-06-15 10:59:22.252158
New York,31.6,2025-07-16 10:59:22.252160
Sydney,32.9,2025-12-20 10:59:22.252161
Tokyo,27.5,2026-01-27 10:59:22.252163
Sydney,22.0,2026-03-09 10:59:22.252165
Paris,11.4,2025-07-31 10:59:22.252167
Paris,24.0,2025-12-28 10:59:22.252169
Tokyo,24.2,2025-11-25 10:59:22.252170
Paris,32.3,2026-03-01 10:59:22.252172
New York,10.9,2025-07-29 10:59:22.252174
London,20.6,2026-01-11 10:59:22.252176
New York,33.1,2025-10-17 10:59:22.252178
London,13.7,2026-05-01 10:59:22.252180
New York,29.5,2026-06-30 10:59:22.252181
Tokyo,20.6,2026-03-12 10:59:22.252183
Tokyo,13.7,2025-12-04 10:59:22.252185
Sydney,14.9,2026-06-30 10:59:22.252187
London,13.8,2025-12-15 10:59:22.252189
Sydney,14.7,2025-10-09 10:59:22.252191
Sydney,31.8,2025-10-17 10:59:22.252192
New York,12.9,2026-02-28 10:59:22.252194
New York,10.2,2025-07-23 10:59:22.252196
New York,21.3,2025-11-29 10:59:22.252198
Sydney,34.1,2026-06-30 10:59:22.252200
London,32.7,2025-08-25 10:59:22.252202
Sydney,12.8,2025-09-09 10:59:22.252204
Paris,15.2,2025-11-12 10:59:22.252206
London,14.4,2025-11-29 10:59:22.252207
Sydney,29.4,2026-03-22 10:59:22.252209
Tokyo,11.8,2025-10-21 10:59:22.252211
Paris,32.1,2026-01-23 10:59:22.252213
London,33.5,2025-08-08 10:59:22.252215
Tokyo,10.5,2026-07-02 10:59:22.252216
London,34.3,2025-11-02 10:59:22.252218
London,19.3,2025-11-21 10:59:22.252220
Tokyo,14.1,2026-03-05 10:59:22.252222
Sydney,14.7,2026-07-01 10:59:22.252224
London,33.7,2025-08-31 10:59:22.252225
New York,14.6,2026-02-28 10:59:22.252227
New York,12.6,2025-07-23 10:59:22.252229
Sydney,20.9,2025-08-02 10:59:22.252231
London,26.8,2025-12-03 10:59:22.252233
London,25.6,2026-03-27 10:59:22.252235
Paris,22.3,2026-04-21 10:59:22.252237
Tokyo,23.0,2026-04-09 10:59:22.252239
Sydney,28.7,2025-12-28 10:59:22.252240
Sydney,32.1,2025-07-14 10:59:22.252242
New York,17.1,2026-02-08 10:59:22.252244
Sydney,17.7,2025-09-30 10:59:22.252246
Paris,22.4,2026-06-26 10:59:22.252248
Tokyo,19.5,2025-09-05 10:59:22.252249
Paris,25.9,2025-12-15 10:59:22.252251
New York,16.3,2025-11-28 10:59:22.252253
New York,23.8,2026-01-24 10:59:22.252255
Tokyo,24.1,2025-12-25 10:59:22.252257
New York,33.2,2025-11-24 10:59:22.252259
Sydney,26.2,2025-12-23 10:59:22.252261
Tokyo,28.8,2025-08-27 10:59:22.252262
Sydney,26.1,2025-11-25 10:59:22.252264
New York,19.8,2026-01-12 10:59:22.252266
New York,30.1,2026-01-28 10:59:22.252268
London,12.8,2025-11-03 10:59:22.252270
Paris,10.0,2025-10-17 10:59:22.252271
Tokyo,31.4,2026-03-24 10:59:22.252273
New York,25.2,2026-02-23 10:59:22.252275
Paris,30.9,2026-05-16 10:59:22.252277
London,28.4,2026-02-02 10:59:22.252279
London,27.7,2025-09-03 10:59:22.252281
New York,27.0,2026-01-24 10:59:22.252283
Sydney,11.5,2025-08-30 10:59:22.252284
Tokyo,11.2,2026-03-04 10:59:22.252286
New York,29.3,2026-02-23 10:59:22.252288
Tokyo,14.0,2025-12-26 10:59:22.252290
London,29.7,2025-11-27 10:59:22.252292
New York,22.3,2025-11-27 10:59:22.252294
London,28.9,2026-05-15 10:59:22.252296
Tokyo,34.1,2026-05-26 10:59:22.252297
Paris,18.4,2026-05-08 10:59:22.252299
New York,22.0,2025-07-28 10:59:22.252301
Paris,30.2,2025-10-10 10:59:22.252303
Paris,26.2,2025-11-19 10:59:22.252305
Paris,18.0,2025-07-16 10:59:22.252307
Tokyo,13.9,2025-08-13 10:59:22.252308
Sydney,29.2,2026-03-22 10:59:22.252310
London,21.8,2026-02-04 10:59:22.252312
Tokyo,19.9,2026-03-23 10:59:22.252314
New York,11.6,2026-02-25 10:59:22.252316
Tokyo,31.3,2025-11-06 10:59:22.252318
London,18.5,2026-02-04 10:59:22.252320
New York,17.4,2026-02-13 10:59:22.252322
New York,22.9,2026-04-19 10:59:22.252324
Sydney,19.6,2025-08-29 10:59:22.252325
Sydney,28.3,2026-02-03 10:59:22.252327
New York,33.4,2025-09-22 10:59:22.252329
Sydney,17.6,2025-10-08 10:59:22.252331
Tokyo,21.5,2025-07-03 10:59:22.252333
Sydney,14.5,2025-12-20 10:59:22.252335
Paris,19.7,2025-12-08 10:59:22.252337
Paris,26.7,2025-10-27 10:59:22.252338
Sydney,15.5,2025-10-30 10:59:22.252340
Tokyo,26.3,2026-04-30 10:59:22.252342
Tokyo,25.8,2025-10-27 10:59:22.252344
Tokyo,23.7,2025-07-27 10:59:22.252346
Sydney,27.6,2026-02-17 10:59:22.252347
New York,14.1,2026-04-18 10:59:22.252349
Sydney,32.3,2026-06-12 10:59:22.252351
Tokyo,27.9,2026-04-16 10:59:22.252353
Paris,34.1,2026-05-30 10:59:22.252355
Tokyo,22.5,2026-04-28 10:59:22.252357
Sydney,24.1,2025-11-16 10:59:22.252358
Tokyo,29.0,2026-04-05 10:59:22.252360
New York,31.7,2025-10-15 10:59:22.252362
Paris,32.0,2026-01-01 10:59:22.252364
Tokyo,16.6,2025-10-27 10:59:22.252365
Paris,13.4,2025-11-22 10:59:22.252367
London,10.2,2025-12-28 10:59:22.252369
New York,15.6,2025-07-15 10:59:22.252371
Paris,17.0,2025-10-31 10:59:22.252373
London,13.3,2026-05-23 10:59:22.252375
Tokyo,22.2,2025-12-27 10:59:22.252376
Paris,24.2,2025-09-19 10:59:22.252378
Tokyo,28.5,2025-10-31 10:59:22.252380
Sydney,15.9,2025-09-17 10:59:22.252382
London,10.3,2026-02-23 10:59:22.252384
Sydney,11.8,2026-06-14 10:59:22.252386
New York,31.1,2026-03-18 10:59:22.252388
Tokyo,16.1,2025-12-13 10:59:22.252390
London,19.3,2025-11-28 10:59:22.252391
Sydney,16.2,2026-01-01 10:59:22.252393
Paris,32.0,2026-01-28 10:59:22.252395
Paris,18.3,2026-02-13 10:59:22.252397
London,32.4,2026-02-04 10:59:22.252399
Tokyo,31.3,2025-07-25 10:59:22.252401
London,31.2,2025-12-28 10:59:22.252402
Paris,29.8,2026-03-14 10:59:22.252404
New York,19.2,2026-05-25 10:59:22.252406
Paris,11.5,2025-12-13 10:59:22.252408
Tokyo,12.6,2026-05-08 10:59:22.252410
Sydney,11.5,2026-04-13 10:59:22.252411
Sydney,30.1,2025-07-26 10:59:22.252413
Sydney,13.7,2026-02-02 10:59:22.252415
London,29.3,2026-04-17 10:59:22.252417
London,29.2,2025-08-26 10:59:22.252419
London,12.5,2026-03-28 10:59:22.252420
Tokyo,29.5,2026-01-11 10:59:22.252422
New York,10.4,2025-11-11 10:59:22.252424
London,25.6,2025-09-04 10:59:22.252426
London,12.9,2025-10-01 10:59:22.252428
Paris,28.0,2025-07-06 10:59:22.252429
New York,19.8,2025-10-03 10:59:22.252431
Paris,28.1,2026-01-20 10:59:22.252433
Tokyo,29.9,2025-07-23 10:59:22.252435
New York,10.4,2026-04-11 10:59:22.252437
Tokyo,19.3,2026-05-17 10:59:22.252439
Paris,18.3,2026-01-15 10:59:22.252440
Tokyo,11.4,2026-01-05 10:59:22.252442
London,12.4,2026-01-27 10:59:22.252444
London,16.2,2025-10-03 10:59:22.252446
Paris,27.3,2026-01-26 10:59:22.252448
New York,31.9,2025-12-25 10:59:22.252450
Tokyo,22.2,2026-06-01 10:59:22.252451
London,21.8,2026-01-07 10:59:22.252453
London,33.1,2025-12-03 10:59:22.252455
New York,17.9,2026-05-15 10:59:22.252457
London,29.8,2026-03-27 10:59:22.252467
Tokyo,24.4,2026-02-07 10:59:22.252469
Paris,26.9,2026-04-05 10:59:22.252471
Paris,17.7,2026-02-26 10:59:22.252473
Sydney,23.4,2025-09-10 10:59:22.252474
London,21.7,2025-09-12 10:59:22.252476
London,19.2,2026-05-11 10:59:22.252478
New York,18.6,2026-01-13 10:59:22.252480
Paris,26.7,2026-05-28 10:59:22.252482
Tokyo,33.8,2025-07-16 10:59:22.252484
Sydney,33.4,2025-08-24 10:59:22.252485
Sydney,10.3,2025-12-11 10:59:22.252487
New York,21.0,2026-04-06 10:59:22.252489
Tokyo,31.9,2026-03-28 10:59:22.252491
Tokyo,20.9,2026-03-09 10:59:22.252493
Tokyo,28.6,2026-03-22 10:59:22.252495
London,24.6,2026-06-18 10:59:22.252498
London,20.9,2026-06-06 10:59:22.252500
Sydney,27.8,2026-06-26 10:59:22.252502
New York,31.6,2025-12-27 10:59:22.252504
Tokyo,13.8,2026-02-03 10:59:22.252506
Paris,19.7,2025-11-18 10:59:22.252508
New York,34.3,2025-08-19 10:59:22.252510
London,11.4,2025-09-03 10:59:22.252513
New York,10.9,2026-05-02 10:59:22.252515
Paris,10.9,2025-11-08 10:59:22.252518
New York,31.4,2026-02-25 10:59:22.252520
Sydney,12.0,2026-01-21 10:59:22.252522
New York,21.7,2026-03-21 10:59:22.252524
Sydney,30.4,2026-01-10 10:59:22.252527
New York,33.7,2026-06-24 10:59:22.252529
London,20.2,2026-04-03 10:59:22.252531
Sydney,21.2,2025-12-16 10:59:22.252533
Sydney,26.2,2026-05-22 10:59:22.252535
London,12.0,2026-03-12 10:59:22.252536
Tokyo,22.6,2026-05-19 10:59:22.252538
Paris,18.2,2026-04-05 10:59:22.252540
Tokyo,23.3,2026-06-21 10:59:22.252542
New York,14.3,2026-02-23 10:59:22.252544
Tokyo,25.0,2026-04-20 10:59:22.252545
Paris,22.5,2026-06-13 10:59:22.252547
Sydney,24.5,2026-02-08 10:59:22.252549
New York,10.6,2026-04-04 10:59:22.252551
Sydney,11.6,2026-03-02 10:59:22.252553
New York,22.4,2025-10-28 10:59:22.252555
London,19.7,2025-12-25 10:59:22.252556
London,18.4,2026-05-13 10:59:22.252558
Sydney,25.4,2026-04-03 10:59:22.252560
London,24.2,2026-05-06 10:59:22.252562
New York,20.3,2025-12-19 10:59:22.252564
Sydney,17.0,2026-06-13 10:59:22.252566
London,14.7,2025-11-16 10:59:22.252567
Paris,29.3,2025-09-03 10:59:22.252569
Paris,11.8,2026-06-19 10:59:22.252571
London,34.5,2025-09-09 10:59:22.252573
Paris,18.4,2026-02-18 10:59:22.252575
New York,34.8,2025-12-23 10:59:22.252576
New York,27.6,2025-09-13 10:59:22.252578
New York,12.5,2026-05-06 10:59:22.252580
Sydney,20.9,2025-10-16 10:59:22.252582
Sydney,24.4,2026-06-08 10:59:22.252584
New York,24.0,2025-10-12 10:59:22.252586
Tokyo,17.4,2026-02-25 10:59:22.252587
Paris,31.6,2026-06-01 10:59:22.252589
London,21.6,2025-07-08 10:59:22.252591
Sydney,23.9,2026-03-04 10:59:22.252593
Sydney,19.6,2026-02-25 10:59:22.252595
Paris,17.6,2026-02-02 10:59:22.252597
Paris,24.8,2025-12-12 10:59:22.252598
New York,21.8,2026-02-19 10:59:22.252600
New York,26.4,2026-01-02 10:59:22.252602
London,17.2,2026-02-17 10:59:22.252604
New York,32.0,2025-10-06 10:59:22.252606
London,14.2,2026-06-18 10:59:22.252608
Sydney,16.6,2025-11-12 10:59:22.252609
New York,27.1,2025-10-25 10:59:22.252611
Sydney,34.5,2025-08-22 10:59:22.252613
New York,16.0,2025-08-28 10:59:22.252615
Tokyo,11.7,2026-05-22 10:59:22.252617
Tokyo,20.5,2025-10-08 10:59:22.252619
Tokyo,30.5,2025-07-18 10:59:22.252621
Tokyo,29.0,2025-11-28 10:59:22.252622
London,17.8,2025-11-16 10:59:22.252624
Tokyo,18.4,2026-06-12 10:59:22.252626
London,23.8,2026-01-25 10:59:22.252628
London,20.7,2025-12-12 10:59:22.252629
Sydney,23.4,2025-10-23 10:59:22.252631
Sydney,27.3,2025-10-12 10:59:22.252633
London,16.9,2026-06-04 10:59:22.252635
New York,21.9,2025-12-31 10:59:22.252637
Tokyo,12.5,2025-07-03 10:59:22.252639
Sydney,30.4,2026-01-12 10:59:22.252641
Tokyo,15.9,2025-12-10 10:59:22.252642
Paris,32.2,2025-11-01 10:59:22.252644
Paris,18.0,2026-02-22 10:59:22.252646
Sydney,22.3,2025-10-04 10:59:22.252648
London,33.2,2025-08-04 10:59:22.252649
London,18.8,2025-07-03 10:59:22.252651
Sydney,12.8,2025-07-22 10:59:22.252653
London,20.7,2025-08-30 10:59:22.252655
New York,16.3,2026-05-22 10:59:22.252657
Paris,30.5,2026-01-25 10:59:22.252659
Paris,21.7,2026-02-28 10:59:22.252661
Tokyo,30.5,2025-09-02 10:59:22.252662
Tokyo,23.4,2026-03-16 10:59:22.252664
Tokyo,23.5,2026-04-10 10:59:22.252666
Paris,10.3,2025-10-24 10:59:22.252668
Sydney,12.5,2025-10-28 10:59:22.252670
Sydney,11.3,2025-11-16 10:59:22.252672
Sydney,19.7,2026-03-20 10:59:22.252673
Paris,25.9,2026-04-19 10:59:22.252675
New York,29.3,2025-10-22 10:59:22.252677
Paris,29.4,2025-09-27 10:59:22.252679
New York,18.2,2025-07-17 10:59:22.252681
Sydney,31.4,2026-06-01 10:59:22.252682
Sydney,18.2,2026-01-28 10:59:22.252684
Tokyo,17.1,2025-07-14 10:59:22.252686
Sydney,21.3,2026-04-03 10:59:22.252688
Sydney,16.4,2026-02-20 10:59:22.252690
New York,16.5,2025-07-06 10:59:22.252692
Sydney,27.5,2025-07-30 10:59:22.252694
London,34.1,2026-02-17 10:59:22.252695
Tokyo,34.1,2026-03-19 10:59:22.252697
Paris,27.7,2026-05-04 10:59:22.252699
London,28.1,2026-01-29 10:59:22.252701
Tokyo,29.7,2026-03-26 10:59:22.252703
London,34.8,2026-02-01 10:59:22.252704
Sydney,14.6,2026-03-22 10:59:22.252706
Sydney,26.2,2026-03-23 10:59:22.252708
Tokyo,14.5,2025-10-17 10:59:22.252710
Paris,18.6,2026-05-24 10:59:22.252712
Paris,18.8,2025-11-27 10:59:22.252714
Paris,30.8,2026-04-28 10:59:22.252716
Sydney,22.4,2026-03-26 10:59:22.252717
Paris,21.1,2026-01-17 10:59:22.252719
Tokyo,25.8,2025-09-10 10:59:22.252721
Sydney,17.5,2026-05-22 10:59:22.252723
London,30.5,2026-05-23 10:59:22.252725
New York,22.0,2026-03-11 10:59:22.252727
Paris,25.7,2025-08-26 10:59:22.252728
London,34.1,2026-03-05 10:59:22.252730
Sydney,16.4,2026-03-04 10:59:22.252732
Tokyo,28.0,2026-04-30 10:59:22.252734
Tokyo,28.2,2025-12-01 10:59:22.252736
London,12.0,2026-03-03 10:59:22.252737
Tokyo,12.9,2025-09-05 10:59:22.252739
Paris,29.9,2025-09-01 10:59:22.252741
Sydney,34.1,2025-07-13 10:59:22.252743
New York,33.1,2025-10-18 10:59:22.252745
London,22.0,2026-01-23 10:59:22.252747
Tokyo,19.3,2026-04-08 10:59:22.252748
New York,24.0,2026-02-02 10:59:22.252750
Sydney,29.4,2026-05-07 10:59:22.252752
Sydney,21.7,2025-07-31 10:59:22.252754
Paris,16.5,2026-01-05 10:59:22.252756
London,14.9,2026-07-01 10:59:22.252758
Paris,14.1,2026-01-17 10:59:22.252759
Paris,17.4,2025-09-18 10:59:22.252761
Sydney,32.0,2025-07-19 10:59:22.252763
Sydney,16.0,2025-09-08 10:59:22.252765
New York,27.9,2025-11-29 10:59:22.252767
New York,21.4,2025-08-30 10:59:22.252768
Paris,31.4,2025-12-13 10:59:22.252770
Sydney,19.1,2025-08-17 10:59:22.252772
Sydney,30.4,2026-03-18 10:59:22.252774
Sydney,14.0,2026-01-20 10:59:22.252776
New York,34.7,2025-09-03 10:59:22.252777
London,28.2,2026-01-17 10:59:22.252779
Tokyo,30.9,2025-07-04 10:59:22.252781
Tokyo,17.8,2025-12-15 10:59:22.252783
London,28.8,2025-07-27 10:59:22.252785
New York,14.0,2025-11-21 10:59:22.252787
Sydney,23.6,2026-01-08 10:59:22.252789
London,10.9,2026-05-18 10:59:22.252791
New York,14.2,2025-10-16 10:59:22.252792
Tokyo,12.8,2025-11-10 10:59:22.252794
Paris,25.0,2025-09-30 10:59:22.252796
Tokyo,11.0,2025-07-24 10:59:22.252798
London,21.4,2026-06-05 10:59:22.252800
Tokyo,11.5,2025-10-22 10:59:22.252801
Sydney,12.0,2025-09-23 10:59:22.252803
Paris,28.7,2025-09-13 10:59:22.252805
Tokyo,19.6,2026-03-24 10:59:22.252807
New York,33.6,2026-06-01 10:59:22.252809
Paris,34.8,2025-10-17 10:59:22.252811
Paris,16.6,2025-10-04 10:59:22.252812
London,13.5,2025-12-18 10:59:22.252814
London,19.2,2026-04-17 10:59:22.252816
London,22.2,2025-12-02 10:59:22.252818
New York,17.3,2026-05-16 10:59:22.252820
New York,20.5,2025-08-12 10:59:22.252822
Tokyo,24.4,2025-12-23 10:59:22.252823
Sydney,33.5,2025-07-07 10:59:22.252825
Tokyo,31.0,2025-09-19 10:59:22.252827
Paris,34.9,2026-04-09 10:59:22.252829
New York,20.4,2025-07-20 10:59:22.252831
Paris,22.1,2026-05-21 10:59:22.252832
New York,27.5,2025-09-03 10:59:22.252834
Tokyo,28.1,2026-02-25 10:59:22.252836
Paris,21.8,2025-09-23 10:59:22.252838
New York,33.4,2026-03-19 10:59:22.252840
Sydney,21.4,2025-10-04 10:59:22.252842
New York,10.2,2026-01-21 10:59:22.252844
Paris,21.2,2025-10-08 10:59:22.252845
London,12.2,2026-03-06 10:59:22.252857
Sydney,19.2,2025-11-18 10:59:22.252859
Paris,25.2,2026-02-14 10:59:22.252861
London,17.6,2025-09-19 10:59:22.252863
Paris,19.6,2025-11-21 10:59:22.252865
Paris,12.2,2025-09-11 10:59:22.252867
New York,16.1,2026-07-03 10:59:22.252868
London,33.0,2025-09-07 10:59:22.252870
Sydney,28.5,2025-07-16 10:59:22.252872
Sydney,26.4,2025-07-12 10:59:22.252874
London,14.6,2026-06-03 10:59:22.252876
New York,24.3,2025-07-09 10:59:22.252878
Sydney,29.3,2025-10-22 10:59:22.252880
Sydney,10.2,2026-04-12 10:59:22.252882
Sydney,29.3,2025-12-11 10:59:22.252884
London,30.1,2025-08-31 10:59:22.252885
Paris,24.5,2026-06-29 10:59:22.252887
London,17.4,2026-04-24 10:59:22.252889
New York,28.8,2026-06-24 10:59:22.252891
Paris,27.6,2026-02-04 10:59:22.252893
Paris,12.2,2026-05-09 10:59:22.252894
Tokyo,25.9,2025-10-19 10:59:22.252896
New York,23.1,2025-08-27 10:59:22.252898
Paris,13.0,2026-03-13 10:59:22.252900
Tokyo,12.9,2026-01-20 10:59:22.252902
New York,23.8,2026-03-16 10:59:22.252904
Sydney,19.0,2025-09-17 10:59:22.252906
Tokyo,19.4,2025-12-02 10:59:22.252908
Tokyo,11.6,2026-05-17 10:59:22.252909
Tokyo,14.3,2025-08-14 10:59:22.252911
London,33.0,2025-12-28 10:59:22.252913
Tokyo,27.9,2026-05-19 10:59:22.252915
Tokyo,22.6,2026-05-30 10:59:22.252917
Paris,10.8,2025-09-24 10:59:22.252918
New York,34.9,2025-12-05 10:59:22.252920
Sydney,29.6,2026-02-22 10:59:22.252922
Tokyo,28.6,2025-10-03 10:59:22.252924
Paris,33.7,2025-07-25 10:59:22.252926
London,32.3,2025-12-19 10:59:22.252928
New York,20.7,2025-07-30 10:59:22.252929
Sydney,21.0,2026-05-07 10:59:22.252931
Tokyo,20.0,2025-11-12 10:59:22.252933
Tokyo,15.8,2025-07-16 10:59:22.252935
Tokyo,28.5,2026-06-15 10:59:22.252937
London,30.9,2025-12-18 10:59:22.252939
New York,29.4,2026-04-02 10:59:22.252940
Sydney,26.4,2025-10-07 10:59:22.252942
Paris,33.1,2025-08-03 10:59:22.252944
Sydney,13.4,2025-12-07 10:59:22.252946
Paris,34.3,2025-09-03 10:59:22.252948
Sydney,11.9,2025-07-15 10:59:22.252950
Sydney,33.2,2025-09-03 10:59:22.252951
Sydney,11.5,2025-12-28 10:59:22.252953
Paris,31.0,2025-11-24 10:59:22.252955
New York,32.3,2025-11-16 10:59:22.252957
Sydney,14.7,2025-09-08 10:59:22.252959
Paris,11.5,2026-03-27 10:59:22.252961
Tokyo,13.3,2025-11-14 10:59:22.252962
Tokyo,31.5,2025-12-02 10:59:22.252964
London,19.5,2026-04-07 10:59:22.252966
Tokyo,32.8,2025-10-28 10:59:22.252968
Tokyo,11.0,2026-04-14 10:59:22.252970
Tokyo,31.5,2026-03-05 10:59:22.252972
Tokyo,14.3,2025-08-16 10:59:22.252973
Paris,33.4,2026-01-29 10:59:22.252975
Paris,16.7,2026-04-19 10:59:22.252977
Tokyo,16.5,2025-11-01 10:59:22.252979
London,11.2,2025-08-09 10:59:22.252981
Tokyo,12.9,2026-02-16 10:59:22.252982
Sydney,16.4,2026-02-09 10:59:22.252984
Paris,12.8,2026-04-17 10:59:22.252986
London,25.7,2025-11-01 10:59:22.252988
Paris,11.7,2025-07-22 10:59:22.252990
New York,15.6,2026-03-07 10:59:22.252991
Tokyo,30.2,2025-09-18 10:59:22.252993
Sydney,30.8,2026-03-16 10:59:22.252995
New York,19.1,2026-01-15 10:59:22.252997
Sydney,24.4,2025-10-18 10:59:22.252999
New York,29.1,2025-09-19 10:59:22.253001
Sydney,15.4,2025-07-25 10:59:22.253002
New York,23.1,2026-07-01 10:59:22.253004
Paris,10.1,2025-10-04 10:59:22.253006
Tokyo,10.0,2025-07-03 10:59:22.253008
Sydney,17.6,2026-01-04 10:59:22.253010
London,31.2,2026-03-13 10:59:22.253012
New York,31.5,2025-07-31 10:59:22.253014
Paris,14.3,2026-03-16 10:59:22.253016
Tokyo,13.4,2026-03-06 10:59:22.253017
London,30.5,2025-11-21 10:59:22.253019
Paris,27.1,2025-09-08 10:59:22.253021
Tokyo,22.2,2026-06-24 10:59:22.253023
New York,12.3,2025-07-21 10:59:22.253025
London,24.2,2025-08-16 10:59:22.253027
Paris,28.2,2026-04-12 10:59:22.253029
Tokyo,30.3,2025-11-18 10:59:22.253030
Paris,12.1,2025-12-20 10:59:22.253032
New York,22.0,2026-02-03 10:59:22.253034
Paris,25.5,2025-09-21 10:59:22.253036
Paris,20.0,2026-06-26 10:59:22.253038
London,33.1,2026-06-29 10:59:22.253039
Tokyo,22.3,2026-01-11 10:59:22.253041
Paris,22.2,2025-11-08 10:59:22.253043
Tokyo,26.6,2026-02-10 10:59:22.253045
Paris,10.3,2025-07-24 10:59:22.253047
Sydney,17.1,2025-08-24 10:59:22.253049
London,22.0,2026-03-02 10:59:22.253050
Tokyo,34.8,2026-05-05 10:59:22.253052
London,20.9,2025-07-16 10:59:22.253054
Sydney,13.7,2026-04-26 10:59:22.253056
Sydney,18.1,2025-10-17 10:59:22.253058
Sydney,20.4,2025-11-05 10:59:22.253060
London,30.5,2026-06-29 10:59:22.253062
New York,30.9,2026-03-25 10:59:22.253063
Sydney,34.5,2025-12-18 10:59:22.253065
Sydney,17.6,2026-07-03 10:59:22.253067
London,16.3,2026-06-14 10:59:22.253069
Tokyo,19.8,2025-09-23 10:59:22.253071
London,12.6,2026-03-09 10:59:22.253073
Tokyo,23.9,2026-05-31 10:59:22.253074
New York,14.5,2026-03-12 10:59:22.253076
Paris,20.4,2025-07-31 10:59:22.253078
Paris,13.9,2025-08-23 10:59:22.253080
London,18.4,2025-12-02 10:59:22.253082
New York,18.2,2026-03-15 10:59:22.253084
Paris,25.9,2026-05-06 10:59:22.253085
New York,34.3,2025-08-31 10:59:22.253087
Sydney,28.8,2026-04-22 10:59:22.253089
London,13.2,2026-05-18 10:59:22.253091
Tokyo,17.7,2025-11-18 10:59:22.253093
Sydney,28.1,2026-01-26 10:59:22.253094
New York,25.2,2025-10-19 10:59:22.253096
New York,32.9,2026-06-26 10:59:22.253098
New York,13.1,2025-10-19 10:59:22.253100
Tokyo,27.3,2025-08-12 10:59:22.253102
London,33.7,2026-06-15 10:59:22.253104
London,12.3,2026-02-22 10:59:22.253106
London,18.8,2026-01-15 10:59:22.253108
Sydney,32.1,2026-06-12 10:59:22.253110
Sydney,31.5,2026-05-20 10:59:22.253111
London,19.9,2025-07-27 10:59:22.253113
New York,20.3,2026-06-08 10:59:22.253115
Paris,20.9,2026-04-22 10:59:22.253117
New York,12.6,2025-07-11 10:59:22.253119
London,17.8,2026-03-23 10:59:22.253121
London,33.3,2026-02-28 10:59:22.253123
Tokyo,18.9,2025-10-22 10:59:22.253124
London,11.1,2026-01-06 10:59:22.253126
New York,32.0,2025-11-02 10:59:22.253128
New York,19.4,2026-01-25 10:59:22.253130
London,14.5,2026-06-19 10:59:22.253132
Tokyo,17.7,2026-01-11 10:59:22.253134
London,20.8,2025-07-20 10:59:22.253135
Sydney,24.3,2026-02-24 10:59:22.253137
London,23.3,2025-09-07 10:59:22.253139
New York,26.6,2025-08-03 10:59:22.253141
Tokyo,12.3,2025-09-25 10:59:22.253143
Tokyo,25.0,2025-12-29 10:59:22.253145
Paris,22.2,2026-01-12 10:59:22.253146
New York,12.0,2025-12-05 10:59:22.253148
Paris,20.5,2025-10-16 10:59:22.253150
Paris,31.2,2026-05-20 10:59:22.253152
Paris,33.2,2026-02-16 10:59:22.253154
London,29.0,2025-12-08 10:59:22.253156
Paris,32.9,2025-10-27 10:59:22.253157
Sydney,24.9,2025-10-19 10:59:22.253159
Paris,15.8,2026-04-24 10:59:22.253161
Sydney,27.3,2025-09-18 10:59:22.253163
Sydney,29.7,2025-12-04 10:59:22.253165
New York,30.8,2026-04-27 10:59:22.253167
Tokyo,11.3,2025-11-10 10:59:22.253168
Tokyo,17.2,2026-02-08 10:59:22.253170
Tokyo,14.6,2026-06-22 10:59:22.253172
Sydney,34.7,2026-04-12 10:59:22.253174
Paris,10.2,2026-02-12 10:59:22.253176
New York,29.2,2025-11-13 10:59:22.253178
Paris,34.9,2026-05-23 10:59:22.253180
Sydney,13.8,2025-09-29 10:59:22.253181
London,21.3,2025-10-18 10:59:22.253183
New York,15.7,2026-06-09 10:59:22.253185
Sydney,17.9,2025-09-01 10:59:22.253187
Sydney,27.9,2025-09-26 10:59:22.253189
Paris,17.0,2025-09-13 10:59:22.253191
London,25.4,2026-01-09 10:59:22.253192
New York,10.3,2026-02-22 10:59:22.253194
Paris,13.3,2026-05-02 10:59:22.253196
Tokyo,13.9,2025-07-26 10:59:22.253198
London,17.8,2026-02-27 10:59:22.253200
Paris,29.0,2025-09-27 10:59:22.253202
New York,23.8,2025-09-01 10:59:22.253204
London,24.2,2025-08-05 10:59:22.253205
Sydney,23.6,2025-12-23 10:59:22.253207
Sydney,11.2,2026-03-19 10:59:22.253209
Sydney,20.6,2025-08-27 10:59:22.253211
Sydney,21.8,2026-02-11 10:59:22.253213
Tokyo,24.1,2025-11-11 10:59:22.253215
Tokyo,29.8,2026-06-04 10:59:22.253216
Sydney,20.5,2026-05-19 10:59:22.253218
New York,33.9,2025-08-26 10:59:22.253220
Paris,27.4,2026-03-21 10:59:22.253222
London,13.5,2025-08-03 10:59:22.253224
New York,25.0,2026-04-04 10:59:22.253226
Paris,34.6,2025-09-22 10:59:22.253228
Paris,29.3,2025-10-20 10:59:22.253229
Paris,24.0,2026-04-14 10:59:22.253231
Paris,19.8,2025-09-26 10:59:22.253233
Tokyo,23.5,2026-05-10 10:59:22.253243
Sydney,16.0,2026-05-10 10:59:22.253245
New York,28.1,2026-06-23 10:59:22.253247
New York,10.8,2025-10-15 10:59:22.253249
London,19.7,2026-03-02 10:59:22.253251
Sydney,33.1,2026-02-28 10:59:22.253252
Sydney,25.0,2025-10-18 10:59:22.253254
Tokyo,26.7,2026-01-12 10:59:22.253256
London,19.6,2025-10-22 10:59:22.253258
Paris,22.9,2026-06-09 10:59:22.253260
London,18.6,2025-11-29 10:59:22.253262
Tokyo,29.4,2025-10-13 10:59:22.253263
Sydney,30.7,2026-02-10 10:59:22.253265
Tokyo,15.3,2026-07-02 10:59:22.253267
Sydney,12.9,2026-04-24 10:59:22.253269
London,30.2,2026-03-03 10:59:22.253271
New York,29.6,2025-11-10 10:59:22.253273
Paris,11.9,2025-12-10 10:59:22.253274
Tokyo,21.0,2026-02-03 10:59:22.253276
Paris,29.1,2025-07-14 10:59:22.253278
New York,29.2,2025-09-07 10:59:22.253280
Tokyo,19.5,2026-02-11 10:59:22.253282
Paris,22.6,2026-01-12 10:59:22.253284
Sydney,24.4,2025-09-26 10:59:22.253285
Paris,15.8,2025-10-05 10:59:22.253287
New York,17.2,2026-03-06 10:59:22.253289
Tokyo,22.1,2026-03-15 10:59:22.253291
New York,19.6,2026-04-15 10:59:22.253293
Tokyo,15.3,2026-02-25 10:59:22.253295
Paris,13.9,2025-07-13 10:59:22.253296
London,32.2,2026-05-23 10:59:22.253298
Tokyo,19.8,2025-09-14 10:59:22.253300
Paris,21.1,2026-02-26 10:59:22.253302
Sydney,30.5,2026-03-10 10:59:22.253304
New York,26.3,2025-12-30 10:59:22.253305
London,20.2,2025-12-28 10:59:22.253307
New York,30.9,2025-09-23 10:59:22.253309
Sydney,18.6,2025-12-03 10:59:22.253311
London,15.2,2025-09-05 10:59:22.253313
Paris,24.0,2026-06-17 10:59:22.253315
London,26.0,2026-06-19 10:59:22.253316
London,13.9,2026-01-12 10:59:22.253318
Tokyo,27.9,2025-08-05 10:59:22.253320
Paris,15.5,2026-01-24 10:59:22.253322
Sydney,23.5,2026-02-25 10:59:22.253324
Sydney,14.7,2026-02-15 10:59:22.253325
Sydney,21.0,2026-02-07 10:59:22.253327
Paris,23.3,2025-12-10 10:59:22.253329
London,14.7,2025-08-24 10:59:22.253331
New York,19.0,2026-01-28 10:59:22.253333
New York,14.7,2025-12-15 10:59:22.253334
Sydney,28.2,2026-03-23 10:59:22.253337
London,25.6,2026-05-05 10:59:22.253339
Tokyo,20.6,2025-08-15 10:59:22.253340
Sydney,20.3,2026-04-13 10:59:22.253342
New York,17.8,2026-03-26 10:59:22.253344
Tokyo,23.3,2026-04-11 10:59:22.253346
New York,27.8,2025-10-15 10:59:22.253348
Tokyo,16.5,2026-04-10 10:59:22.253349
Paris,27.7,2025-10-12 10:59:22.253351
Paris,10.6,2026-03-13 10:59:22.253353
New York,31.8,2026-02-23 10:59:22.253355
Sydney,14.3,2026-03-16 10:59:22.253357
Paris,18.8,2025-11-19 10:59:22.253359
New York,20.2,2025-11-17 10:59:22.253361
Sydney,28.8,2026-01-21 10:59:22.253362
Tokyo,15.7,2025-12-28 10:59:22.253364
Paris,14.1,2025-12-26 10:59:22.253366
Sydney,15.7,2025-10-27 10:59:22.253368
New York,27.5,2025-12-17 10:59:22.253370
Tokyo,21.7,2025-08-16 10:59:22.253371
Paris,12.3,2026-05-06 10:59:22.253373
London,23.3,2026-04-29 10:59:22.253375
London,16.0,2026-06-26 10:59:22.253377
Tokyo,17.8,2025-09-02 10:59:22.253379
Paris,21.0,2025-08-10 10:59:22.253381
New York,21.1,2025-09-09 10:59:22.253382
Sydney,29.2,2026-05-03 10:59:22.253384
New York,27.3,2026-01-24 10:59:22.253386
London,17.6,2025-11-21 10:59:22.253388
Tokyo,32.0,2025-07-15 10:59:22.253390
New York,14.3,2025-10-25 10:59:22.253392
New York,27.9,2026-03-23 10:59:22.253394
New York,32.0,2025-08-23 10:59:22.253396
Sydney,14.7,2026-03-19 10:59:22.253397
London,14.3,2025-12-04 10:59:22.253399
New York,16.8,2026-01-26 10:59:22.253401
Tokyo,30.5,2026-04-27 10:59:22.253403
Paris,24.0,2026-02-03 10:59:22.253405
New York,14.0,2026-03-28 10:59:22.253407
Tokyo,25.6,2025-12-15 10:59:22.253408
Paris,19.4,2025-10-13 10:59:22.253410
London,14.5,2026-02-24 10:59:22.253412
Tokyo,13.1,2025-07-04 10:59:22.253414
London,33.7,2026-06-08 10:59:22.253416
Tokyo,23.8,2026-04-22 10:59:22.253417
New York,21.8,2025-08-19 10:59:22.253419
Sydney,29.6,2026-01-19 10:59:22.253421
London,22.1,2026-07-02 10:59:22.253423
Paris,24.4,2025-11-05 10:59:22.253425
New York,30.6,2026-05-12 10:59:22.253427
New York,20.1,2026-06-12 10:59:22.253428
London,30.3,2026-05-18 10:59:22.253430
New York,13.1,2026-01-01 10:59:22.253432
New York,28.8,2025-07-09 10:59:22.253434
London,34.9,2025-08-28 10:59:22.253436
Paris,13.7,2026-01-16 10:59:22.253438
New York,13.9,2025-10-28 10:59:22.253439
London,19.8,2025-12-08 10:59:22.253441
London,18.1,2025-11-28 10:59:22.253443
Tokyo,12.4,2026-05-27 10:59:22.253445
Sydney,25.2,2025-09-08 10:59:22.253447
New York,11.9,2025-07-08 10:59:22.253449
London,12.5,2026-01-09 10:59:22.253450
New York,34.1,2025-10-24 10:59:22.253452
London,29.7,2026-03-08 10:59:22.253454
New York,30.7,2025-12-26 10:59:22.253456
Sydney,30.3,2026-05-15 10:59:22.253458
London,26.3,2025-07-19 10:59:22.253460
Paris,20.9,2026-03-11 10:59:22.253461
Sydney,10.9,2026-04-11 10:59:22.253463
London,33.7,2026-03-13 10:59:22.253465
London,28.3,2026-05-16 10:59:22.253467
New York,33.0,2026-02-06 10:59:22.253468
Sydney,27.2,2025-12-22 10:59:22.253470
Sydney,32.1,2025-09-30 10:59:22.253472
Sydney,18.6,2026-01-18 10:59:22.253474
Sydney,25.1,2026-03-26 10:59:22.253476
Sydney,16.0,2025-10-11 10:59:22.253477
Sydney,29.9,2026-03-16 10:59:22.253479
Paris,13.2,2025-08-27 10:59:22.253481
New York,28.9,2026-03-20 10:59:22.253483
Sydney,16.0,2025-10-19 10:59:22.253485
Tokyo,27.9,2026-03-16 10:59:22.253487
Paris,14.7,2025-11-30 10:59:22.253489
Tokyo,26.5,2026-01-05 10:59:22.253490
Sydney,32.5,2026-03-13 10:59:22.253492
Tokyo,29.9,2025-09-20 10:59:22.253494
New York,30.8,2025-08-14 10:59:22.253496
Sydney,33.6,2025-08-23 10:59:22.253498
Tokyo,24.8,2025-07-27 10:59:22.253500
Tokyo,26.2,2026-03-25 10:59:22.253502
London,31.4,2025-10-27 10:59:22.253503
Paris,14.1,2026-01-28 10:59:22.253505
Sydney,32.6,2026-05-16 10:59:22.253507
Paris,18.6,2026-02-10 10:59:22.253509
London,15.2,2025-12-25 10:59:22.253511
Paris,18.7,2026-06-05 10:59:22.253513
Sydney,24.7,2025-12-06 10:59:22.253515
Paris,28.2,2026-06-22 10:59:22.253516
Paris,33.7,2026-03-28 10:59:22.253518
Paris,19.8,2025-07-10 10:59:22.253520
Tokyo,25.5,2026-03-01 10:59:22.253522
Paris,26.9,2025-10-29 10:59:22.253524
Paris,32.3,2025-08-06 10:59:22.253525
London,17.0,2025-10-31 10:59:22.253527
Tokyo,13.3,2025-09-28 10:59:22.253529
Tokyo,29.6,2025-07-07 10:59:22.253531
New York,30.8,2026-04-07 10:59:22.253533
Sydney,10.1,2025-12-12 10:59:22.253535
Tokyo,23.3,2026-06-16 10:59:22.253536
London,26.8,2026-02-04 10:59:22.253538
New York,25.6,2026-02-22 10:59:22.253540
London,24.6,2026-03-06 10:59:22.253542
Paris,32.7,2025-09-13 10:59:22.253544
Sydney,10.8,2025-09-18 10:59:22.253545
Sydney,27.0,2026-02-15 10:59:22.253547
London,12.9,2026-05-02 10:59:22.253549
New York,13.2,2026-02-17 10:59:22.253551
New York,10.5,2025-09-06 10:59:22.253553
Sydney,24.8,2025-09-13 10:59:22.253555
Paris,30.2,2025-07-23 10:59:22.253557
New York,33.5,2025-08-19 10:59:22.253559
London,32.2,2025-11-01 10:59:22.253561
London,15.2,2025-09-29 10:59:22.253562
New York,12.7,2026-06-29 10:59:22.253564
London,17.7,2025-09-19 10:59:22.253566
Tokyo,23.8,2025-09-02 10:59:22.253569
Sydney,29.5,2026-03-01 10:59:22.253571
London,19.6,2026-01-01 10:59:22.253573
Paris,26.6,2025-10-24 10:59:22.253575
Sydney,15.1,2025-08-04 10:59:22.253578
Tokyo,35.0,2025-11-23 10:59:22.253580
Tokyo,20.2,2025-11-11 10:59:22.253582
New York,20.3,2025-10-16 10:59:22.253585
New York,22.7,2026-06-09 10:59:22.253587
Sydney,25.7,2026-05-01 10:59:22.253589
Sydney,11.1,2025-11-12 10:59:22.253592
London,26.3,2025-09-07 10:59:22.253594
New York,19.9,2025-10-02 10:59:22.253596
Tokyo,32.7,2026-05-16 10:59:22.253598
Tokyo,17.1,2026-04-18 10:59:22.253601
New York,12.3,2025-07-11 10:59:22.253602
New York,27.7,2025-11-03 10:59:22.253604
Tokyo,10.5,2025-12-19 10:59:22.253606
Sydney,10.0,2025-12-25 10:59:22.253608
Paris,11.9,2025-08-31 10:59:22.253610
London,25.3,2026-07-03 10:59:22.253612
Tokyo,19.8,2025-11-24 10:59:22.253613
London,32.9,2025-12-27 10:59:22.253615
Sydney,18.1,2026-01-03 10:59:22.253617
Paris,12.9,2025-11-01 10:59:22.253619
Sydney,22.5,2025-12-31 10:59:22.253621
New York,18.7,2026-06-16 10:59:22.253622
Tokyo,25.5,2026-05-13 10:59:22.253631
Tokyo,19.9,2025-12-22 10:59:22.253633
Paris,24.8,2026-05-21 10:59:22.253635
Sydney,16.9,2025-07-18 10:59:22.253637
Paris,28.8,2026-03-12 10:59:22.253639
London,29.2,2026-03-09 10:59:22.253640
New York,23.3,2025-12-10 10:59:22.253642
Paris,32.5,2026-06-07 10:59:22.253644
Tokyo,31.9,2025-07-09 10:59:22.253646
Sydney,11.8,2025-09-28 10:59:22.253648
Paris,27.2,2025-07-28 10:59:22.253650
New York,10.6,2025-10-30 10:59:22.253652
Tokyo,29.9,2026-06-30 10:59:22.253653
New York,21.5,2025-12-15 10:59:22.253655
Sydney,17.6,2026-03-07 10:59:22.253657
New York,32.5,2026-03-11 10:59:22.253659
Paris,28.9,2026-02-02 10:59:22.253661
Sydney,11.2,2025-07-19 10:59:22.253663
London,29.3,2026-05-06 10:59:22.253664
Tokyo,34.8,2025-07-26 10:59:22.253666
London,22.4,2026-02-05 10:59:22.253668
London,13.7,2025-09-27 10:59:22.253670
London,26.6,2025-07-17 10:59:22.253672
Sydney,26.6,2025-10-17 10:59:22.253674
Sydney,20.6,2025-08-27 10:59:22.253675
Tokyo,26.2,2025-08-08 10:59:22.253677
New York,30.0,2025-10-08 10:59:22.253679
New York,16.1,2026-04-08 10:59:22.253681
Paris,12.3,2026-05-11 10:59:22.253683
New York,28.6,2026-02-04 10:59:22.253685
Paris,31.5,2026-02-16 10:59:22.253687
Paris,13.8,2025-11-12 10:59:22.253688
Tokyo,23.9,2026-05-17 10:59:22.253690
London,29.1,2025-11-11 10:59:22.253692
Paris,26.7,2026-05-01 10:59:22.253694
London,23.3,2026-03-12 10:59:22.253696
New York,16.3,2026-03-08 10:59:22.253697
Paris,32.4,2026-05-20 10:59:22.253699
Sydney,19.5,2025-09-16 10:59:22.253701
New York,33.8,2026-04-30 10:59:22.253703
Sydney,15.7,2026-05-27 10:59:22.253705
Sydney,25.8,2026-05-15 10:59:22.253707
London,29.8,2026-02-19 10:59:22.253708
New York,20.6,2026-01-28 10:59:22.253710
Paris,23.8,2026-05-22 10:59:22.253712
Tokyo,18.5,2026-01-14 10:59:22.253714
Sydney,16.4,2026-01-06 10:59:22.253716
Tokyo,21.8,2026-06-19 10:59:22.253717
London,14.9,2026-03-04 10:59:22.253719
London,20.7,2025-07-27 10:59:22.253721
Tokyo,22.6,2026-04-16 10:59:22.253723
Paris,14.9,2025-07-30 10:59:22.253725
Paris,33.7,2025-10-21 10:59:22.253727
London,32.8,2025-11-08 10:59:22.253728
New York,24.3,2026-04-22 10:59:22.253730
Paris,22.0,2026-01-05 10:59:22.253732
Tokyo,24.9,2026-03-15 10:59:22.253734
Sydney,21.4,2025-08-01 10:59:22.253736
Tokyo,14.3,2025-11-07 10:59:22.253737
London,26.7,2026-03-22 10:59:22.253739
New York,31.4,2026-05-19 10:59:22.253741
Paris,30.2,2025-09-10 10:59:22.253743
Tokyo,29.9,2025-08-18 10:59:22.253745
Paris,23.2,2026-06-19 10:59:22.253747
London,29.3,2026-03-13 10:59:22.253749
Sydney,13.0,2025-07-11 10:59:22.253750
Paris,32.6,2025-11-09 10:59:22.253752
Tokyo,31.7,2026-03-06 10:59:22.253754
Tokyo,13.3,2025-08-04 10:59:22.253756
London,26.5,2026-03-23 10:59:22.253757
Tokyo,16.4,2026-01-04 10:59:22.253759
Paris,31.9,2025-10-28 10:59:22.253761
Sydney,31.7,2026-05-21 10:59:22.253763
Tokyo,20.1,2025-07-07 10:59:22.253765
Sydney,27.1,2025-09-02 10:59:22.253766
Tokyo,24.0,2025-10-04 10:59:22.253768
Sydney,30.4,2026-04-19 10:59:22.253770
New York,10.1,2026-06-20 10:59:22.253772
Paris,30.9,2025-09-27 10:59:22.253774
New York,19.3,2025-09-22 10:59:22.253776
New York,29.3,2026-05-16 10:59:22.253778
London,22.6,2025-10-13 10:59:22.253779
Tokyo,26.0,2025-12-06 10:59:22.253781
Tokyo,27.4,2025-10-28 10:59:22.253783
Tokyo,18.1,2025-10-30 10:59:22.253785
Sydney,15.3,2026-02-22 10:59:22.253787
London,26.0,2025-10-03 10:59:22.253788
New York,33.3,2025-09-27 10:59:22.253790
Tokyo,28.3,2026-01-27 10:59:22.253792
Paris,18.8,2026-02-10 10:59:22.253794
New York,19.7,2025-12-06 10:59:22.253796
Tokyo,25.4,2025-09-15 10:59:22.253798
London,22.0,2025-11-25 10:59:22.253800
Sydney,33.1,2026-06-05 10:59:22.253801
London,29.9,2026-04-22 10:59:22.253804
Sydney,30.2,2025-07-27 10:59:22.253806
Paris,17.5,2026-02-18 10:59:22.253809
Paris,19.8,2026-01-18 10:59:22.253811
Sydney,12.5,2026-03-20 10:59:22.253813
Tokyo,26.9,2026-03-18 10:59:22.253815
Tokyo,27.7,2026-04-27 10:59:22.253817
London,16.9,2026-02-07 10:59:22.253819
New York,19.8,2026-04-15 10:59:22.253821
Tokyo,32.0,2025-12-06 10:59:22.253823
Paris,10.5,2025-11-07 10:59:22.253824
London,29.5,2025-10-09 10:59:22.253826
Tokyo,11.9,2026-04-07 10:59:22.253828
New York,30.8,2026-01-30 10:59:22.253830
Paris,15.0,2025-09-12 10:59:22.253832
Paris,15.5,2025-09-17 10:59:22.253834
London,26.0,2025-07-28 10:59:22.253836
London,22.6,2026-06-05 10:59:22.253837
Sydney,27.3,2025-11-22 10:59:22.253839
Paris,27.0,2025-11-16 10:59:22.253841
London,18.0,2025-12-23 10:59:22.253843
New York,17.6,2025-10-30 10:59:22.253844
Tokyo,27.9,2025-12-20 10:59:22.253846
London,19.9,2025-07-20 10:59:22.253848
Tokyo,29.3,2026-03-03 10:59:22.253850
London,16.6,2026-04-11 10:59:22.253852
Sydney,18.2,2025-11-07 10:59:22.253853
Tokyo,13.9,2026-03-13 10:59:22.253855
Tokyo,13.2,2025-12-09 10:59:22.253857
Tokyo,22.3,2026-02-13 10:59:22.253859
London,11.0,2025-07-28 10:59:22.253862
New York,25.9,2026-05-30 10:59:22.253864
London,22.4,2025-11-29 10:59:22.253866
New York,30.2,2025-08-02 10:59:22.253869
New York,23.5,2026-06-14 10:59:22.253871
Sydney,26.0,2025-07-21 10:59:22.253873
Tokyo,22.6,2026-06-06 10:59:22.253874
New York,10.2,2025-12-31 10:59:22.253876
Paris,26.1,2025-11-27 10:59:22.253878
Sydney,19.7,2026-05-12 10:59:22.253880
Tokyo,22.6,2025-09-29 10:59:22.253882
New York,28.2,2025-07-07 10:59:22.253885
London,34.5,2026-06-14 10:59:22.253887
New York,13.1,2025-12-03 10:59:22.253890
Paris,21.7,2026-01-26 10:59:22.253892
Sydney,29.3,2025-09-08 10:59:22.253894
Tokyo,13.7,2026-03-12 10:59:22.253896
Tokyo,12.5,2026-06-11 10:59:22.253898
Sydney,30.0,2025-07-26 10:59:22.253900
Sydney,17.1,2026-02-11 10:59:22.253902
London,27.2,2026-04-13 10:59:22.253904
Paris,27.5,2026-03-24 10:59:22.253905
Tokyo,28.8,2026-06-01 10:59:22.253907
Sydney,16.1,2026-04-09 10:59:22.253909
Tokyo,25.3,2026-02-20 10:59:22.253911
Sydney,17.0,2025-08-29 10:59:22.253913
Paris,15.1,2025-12-03 10:59:22.253915
Tokyo,20.5,2026-05-30 10:59:22.253917
London,18.0,2026-03-10 10:59:22.253919
Sydney,12.1,2025-07-11 10:59:22.253920
Paris,29.4,2026-01-25 10:59:22.253922
Paris,10.7,2025-12-04 10:59:22.253924
New York,13.7,2026-04-14 10:59:22.253926
Tokyo,18.8,2026-06-27 10:59:22.253928
New York,32.4,2025-12-26 10:59:22.253930
New York,23.3,2026-04-07 10:59:22.253931
London,13.3,2026-04-28 10:59:22.253933
Sydney,27.6,2025-09-09 10:59:22.253935
Sydney,20.1,2026-02-10 10:59:22.253937
London,20.1,2025-07-10 10:59:22.253939
London,24.6,2026-04-10 10:59:22.253940
New York,15.7,2026-06-13 10:59:22.253942
Tokyo,34.3,2026-03-09 10:59:22.253944
Sydney,11.6,2025-12-24 10:59:22.253946
New York,26.3,2026-03-05 10:59:22.253948
London,11.6,2026-05-30 10:59:22.253950
Sydney,33.6,2025-09-23 10:59:22.253952
Sydney,11.0,2025-10-08 10:59:22.253953
Sydney,26.3,2026-06-20 10:59:22.253955
London,22.8,2026-02-18 10:59:22.253957
Tokyo,22.5,2026-06-17 10:59:22.253959
Tokyo,23.2,2025-07-09 10:59:22.253961
Paris,29.5,2025-09-28 10:59:22.253963
Paris,12.3,2025-11-04 10:59:22.253965
London,25.4,2026-04-29 10:59:22.253967
Tokyo,31.4,2026-04-24 10:59:22.253969
London,21.0,2025-12-10 10:59:22.253971
Tokyo,16.5,2026-05-10 10:59:22.253973
Tokyo,18.9,2026-02-22 10:59:22.253975
London,12.6,2025-12-14 10:59:22.253978
Paris,19.4,2026-01-07 10:59:22.253980
London,14.4,2025-11-17 10:59:22.253982
Sydney,10.1,2025-11-02 10:59:22.253985
London,20.1,2025-07-26 10:59:22.253987
Sydney,20.5,2026-06-30 10:59:22.253988
New York,32.5,2025-07-20 10:59:22.253990
Paris,34.5,2025-10-06 10:59:22.253992
Paris,15.6,2025-11-23 10:59:22.253994
Tokyo,22.8,2026-04-11 10:59:22.253996
Sydney,16.2,2025-11-15 10:59:22.253998
Tokyo,10.5,2025-08-10 10:59:22.253999
Sydney,34.0,2026-01-08 10:59:22.254001
London,30.3,2025-10-05 10:59:22.254003
London,30.2,2026-02-21 10:59:22.254005
Paris,12.7,2026-01-12 10:59:22.254007
Paris,25.3,2025-08-10 10:59:22.254008
Sydney,34.8,2026-06-29 10:59:22.254010
Paris,34.8,2026-03-03 10:59:22.254012
New York,30.0,2026-04-26 10:59:22.254014
Sydney,22.6,2026-06-07 10:59:22.254016
Tokyo,12.6,2026-02-12 10:59:22.254018
London,11.1,2025-10-01 10:59:22.254027
Sydney,12.9,2025-11-15 10:59:22.254029
New York,14.2,2025-08-27 10:59:22.254031
London,12.5,2026-05-08 10:59:22.254033
Sydney,28.5,2025-08-10 10:59:22.254035
Tokyo,15.0,2025-09-06 10:59:22.254037
New York,20.0,2025-07-29 10:59:22.254039
London,23.9,2026-02-23 10:59:22.254040
London,10.5,2025-07-22 10:59:22.254042
London,12.8,2026-01-30 10:59:22.254044
Tokyo,26.5,2025-09-27 10:59:22.254046
Paris,27.3,2026-01-30 10:59:22.254048
Tokyo,33.2,2025-07-23 10:59:22.254050
Paris,24.8,2025-08-23 10:59:22.254052
London,31.6,2026-05-28 10:59:22.254054
London,25.9,2025-09-06 10:59:22.254055
Sydney,32.4,2025-10-10 10:59:22.254057
New York,29.9,2026-02-06 10:59:22.254059
London,33.1,2026-05-29 10:59:22.254061
Paris,19.8,2025-12-08 10:59:22.254063
Sydney,16.0,2025-12-17 10:59:22.254064
Sydney,25.2,2025-09-21 10:59:22.254066
Sydney,14.0,2026-03-06 10:59:22.254068
Tokyo,33.7,2025-09-10 10:59:22.254070
New York,10.7,2025-11-05 10:59:22.254072
Paris,17.8,2026-06-04 10:59:22.254074
Paris,26.8,2026-05-26 10:59:22.254075
New York,12.9,2025-09-13 10:59:22.254077
Sydney,13.9,2026-04-26 10:59:22.254079
New York,18.2,2026-02-22 10:59:22.254081
London,26.1,2026-01-01 10:59:22.254083
London,21.8,2025-10-14 10:59:22.254085
London,17.8,2026-07-02 10:59:22.254086
Tokyo,25.4,2026-06-06 10:59:22.254088
Tokyo,12.8,2026-05-24 10:59:22.254090
Paris,29.3,2025-10-11 10:59:22.254092
Paris,14.7,2026-04-26 10:59:22.254094
New York,22.6,2025-12-31 10:59:22.254095
New York,12.5,2025-09-06 10:59:22.254097
Tokyo,10.5,2026-04-19 10:59:22.254099
New York,10.7,2025-08-22 10:59:22.254101
London,20.3,2025-11-18 10:59:22.254103
New York,12.0,2026-07-03 10:59:22.254105
Paris,21.4,2025-12-26 10:59:22.254107
Tokyo,33.1,2026-02-25 10:59:22.254108
New York,11.4,2026-04-27 10:59:22.254110
Sydney,29.7,2025-12-12 10:59:22.254112
New York,19.6,2025-07-23 10:59:22.254114
New York,29.0,2025-08-26 10:59:22.254116
Sydney,21.9,2025-07-18 10:59:22.254118
London,15.0,2025-08-16 10:59:22.254120
Sydney,20.7,2025-11-23 10:59:22.254121
Sydney,24.6,2026-05-26 10:59:22.254123
Tokyo,27.3,2025-09-09 10:59:22.254125
London,28.4,2026-05-23 10:59:22.254127
Tokyo,24.7,2026-03-30 10:59:22.254129
Sydney,22.0,2025-12-04 10:59:22.254131
New York,12.3,2026-02-04 10:59:22.254132
Paris,13.9,2026-03-16 10:59:22.254134
Paris,32.9,2025-10-09 10:59:22.254136
London,14.5,2026-03-31 10:59:22.254138
London,33.8,2026-01-07 10:59:22.254140
Paris,32.0,2025-07-29 10:59:22.254141
Paris,26.1,2026-02-02 10:59:22.254143
Tokyo,21.2,2026-01-23 10:59:22.254145
Paris,22.2,2025-10-14 10:59:22.254147
London,30.5,2025-12-02 10:59:22.254149
New York,17.2,2026-02-15 10:59:22.254151
Tokyo,14.1,2025-09-25 10:59:22.254152
Paris,19.3,2025-07-15 10:59:22.254154
London,16.3,2026-05-25 10:59:22.254156
Tokyo,21.9,2025-08-20 10:59:22.254158
London,27.6,2026-03-21 10:59:22.254160
Paris,10.0,2025-12-08 10:59:22.254162
Paris,19.9,2025-11-09 10:59:22.254163
London,34.2,2026-05-19 10:59:22.254165
Sydney,30.3,2025-10-09 10:59:22.254167
New York,22.0,2025-09-02 10:59:22.254169
Sydney,28.6,2025-12-26 10:59:22.254171
London,13.3,2026-05-19 10:59:22.254173
Sydney,32.2,2026-06-04 10:59:22.254174
Paris,28.8,2025-12-31 10:59:22.254176
London,18.1,2025-08-22 10:59:22.254178
New York,17.1,2026-02-12 10:59:22.254180
London,18.6,2026-04-15 10:59:22.254181
Sydney,28.0,2025-08-02 10:59:22.254183
London,12.1,2025-09-14 10:59:22.254185
Sydney,16.3,2026-06-07 10:59:22.254187
Tokyo,28.8,2025-09-10 10:59:22.254189
Tokyo,14.2,2026-06-07 10:59:22.254191
Sydney,10.9,2026-02-08 10:59:22.254192
Paris,23.6,2026-05-18 10:59:22.254194
Tokyo,12.7,2025-12-07 10:59:22.254196
Tokyo,19.2,2025-10-29 10:59:22.254198
London,12.5,2025-12-05 10:59:22.254200
Sydney,16.4,2026-06-17 10:59:22.254202
Paris,14.2,2025-12-10 10:59:22.254203
Tokyo,31.7,2026-05-06 10:59:22.254205
London,25.6,2025-11-30 10:59:22.254207
London,26.8,2025-12-27 10:59:22.254209
Sydney,16.6,2025-07-26 10:59:22.254211
Tokyo,34.9,2026-05-07 10:59:22.254213
Sydney,28.7,2026-06-11 10:59:22.254214
Tokyo,34.6,2025-08-30 10:59:22.254216
Sydney,10.2,2026-01-29 10:59:22.254218
Sydney,16.9,2026-05-21 10:59:22.254220
New York,16.1,2026-06-19 10:59:22.254222
New York,25.5,2025-11-10 10:59:22.254224
Tokyo,15.9,2025-08-13 10:59:22.254226
New York,31.8,2025-07-31 10:59:22.254227
Paris,28.5,2025-08-29 10:59:22.254229
London,30.5,2026-04-04 10:59:22.254231
New York,22.0,2026-06-05 10:59:22.254233
London,27.4,2025-09-02 10:59:22.254235
Tokyo,31.5,2025-09-03 10:59:22.254237
Paris,13.6,2025-10-01 10:59:22.254239
Tokyo,21.1,2026-01-28 10:59:22.254240
London,24.2,2025-11-20 10:59:22.254242
Paris,24.4,2025-08-02 10:59:22.254244
New York,11.5,2026-06-17 10:59:22.254246
Tokyo,20.9,2025-07-08 10:59:22.254248
Paris,29.6,2025-09-13 10:59:22.254250
London,30.5,2025-07-12 10:59:22.254251
New York,11.9,2026-06-30 10:59:22.254253
Paris,33.5,2026-04-14 10:59:22.254255
Sydney,21.2,2025-07-21 10:59:22.254257
Sydney,21.9,2026-02-07 10:59:22.254259
New York,18.6,2026-03-19 10:59:22.254261
Tokyo,28.2,2026-06-06 10:59:22.254263
Tokyo,25.7,2025-12-20 10:59:22.254264
London,16.0,2025-07-06 10:59:22.254266
Sydney,22.7,2026-04-24 10:59:22.254268
London,14.1,2026-05-10 10:59:22.254270
New York,24.1,2025-12-21 10:59:22.254272
Tokyo,29.7,2026-03-25 10:59:22.254274
New York,27.7,2025-07-06 10:59:22.254276
Tokyo,17.8,2026-06-25 10:59:22.254278
New York,18.7,2025-07-26 10:59:22.254279
New York,13.4,2025-12-19 10:59:22.254281
Sydney,29.9,2026-05-10 10:59:22.254283
Sydney,15.8,2025-10-05 10:59:22.254285
Paris,34.4,2025-10-19 10:59:22.254287
New York,28.9,2026-03-04 10:59:22.254288
Paris,26.8,2025-07-14 10:59:22.254290
London,15.9,2026-05-22 10:59:22.254292
Tokyo,16.3,2026-05-06 10:59:22.254294
Paris,11.6,2026-04-15 10:59:22.254296
London,17.6,2026-07-03 10:59:22.254297
New York,13.5,2026-01-17 10:59:22.254299
Tokyo,14.2,2026-01-15 10:59:22.254301
London,29.5,2025-10-03 10:59:22.254303
London,11.5,2026-05-28 10:59:22.254305
Tokyo,13.5,2026-05-05 10:59:22.254307
Sydney,15.9,2026-04-09 10:59:22.254309
Paris,22.3,2025-07-13 10:59:22.254311
New York,13.2,2025-12-21 10:59:22.254312
New York,30.0,2026-02-25 10:59:22.254314
Tokyo,11.6,2025-09-05 10:59:22.254316
Paris,28.2,2026-03-01 10:59:22.254318
Tokyo,29.1,2026-06-26 10:59:22.254320
London,22.5,2025-07-04 10:59:22.254322
Sydney,35.0,2025-10-08 10:59:22.254324
New York,16.7,2026-06-24 10:59:22.254325
London,12.3,2025-07-07 10:59:22.254327
New York,12.4,2026-06-03 10:59:22.254329
New York,13.4,2025-11-25 10:59:22.254331
Tokyo,12.6,2025-07-24 10:59:22.254333
Tokyo,32.0,2026-01-29 10:59:22.254335
London,13.2,2025-09-05 10:59:22.254336
New York,21.7,2026-02-07 10:59:22.254338
Tokyo,12.3,2025-11-22 10:59:22.254340
London,12.3,2026-02-19 10:59:22.254342
Tokyo,10.5,2026-04-26 10:59:22.254344
Paris,32.3,2026-04-09 10:59:22.254346
London,18.0,2026-05-09 10:59:22.254348
London,17.0,2026-04-05 10:59:22.254349
London,13.4,2025-12-18 10:59:22.254351
London,16.4,2026-06-19 10:59:22.254353
Paris,28.9,2026-04-20 10:59:22.254355
Paris,18.9,2025-09-13 10:59:22.254357
London,26.2,2025-11-01 10:59:22.254358
New York,27.8,2026-07-02 10:59:22.254360
Tokyo,23.7,2026-06-17 10:59:22.254362
Tokyo,33.0,2026-03-30 10:59:22.254364
New York,29.4,2026-02-17 10:59:22.254366
Sydney,28.2,2026-06-23 10:59:22.254368
Sydney,18.8,2026-02-01 10:59:22.254369
Tokyo,20.7,2026-05-18 10:59:22.254371
Tokyo,27.7,2026-02-07 10:59:22.254373
Paris,10.8,2026-04-16 10:59:22.254375
Sydney,21.9,2025-09-01 10:59:22.254376
Paris,31.0,2025-08-18 10:59:22.254378
Paris,16.8,2025-09-08 10:59:22.254380
Paris,28.2,2025-12-22 10:59:22.254382
Tokyo,14.2,2026-01-27 10:59:22.254384
Tokyo,33.4,2025-12-05 10:59:22.254385
Sydney,20.6,2026-04-25 10:59:22.254387
Sydney,34.5,2026-01-24 10:59:22.254389
Tokyo,15.5,2026-03-06 10:59:22.254391
Sydney,21.9,2026-05-26 10:59:22.254393
Sydney,14.4,2025-10-13 10:59:22.254395
Sydney,25.4,2026-04-08 10:59:22.254397
Sydney,23.7,2025-12-05 10:59:22.254398
Paris,15.8,2025-12-06 10:59:22.254400
Paris,12.2,2025-07-29 10:59:22.254408
Tokyo,13.8,2026-02-11 10:59:22.254411
Paris,12.8,2026-06-18 10:59:22.254412
New York,18.0,2025-07-28 10:59:22.254414
London,19.7,2025-10-12 10:59:22.254416
Sydney,21.5,2025-07-28 10:59:22.254418
Paris,30.7,2026-03-26 10:59:22.254420
Tokyo,12.4,2026-01-31 10:59:22.254422
New York,19.5,2025-08-19 10:59:22.254424
Sydney,14.3,2026-06-27 10:59:22.254425
Tokyo,20.9,2025-07-19 10:59:22.254427
London,33.5,2025-07-24 10:59:22.254429
Tokyo,30.0,2025-07-09 10:59:22.254431
Sydney,12.8,2026-02-16 10:59:22.254433
Paris,16.0,2026-04-16 10:59:22.254435
New York,12.3,2026-04-11 10:59:22.254436
Paris,10.5,2025-11-09 10:59:22.254438
Tokyo,32.7,2026-02-02 10:59:22.254440
Sydney,21.6,2025-08-24 10:59:22.254442
London,26.1,2025-12-17 10:59:22.254444
Paris,18.5,2025-10-08 10:59:22.254446
New York,11.7,2026-05-12 10:59:22.254447
Sydney,17.1,2026-05-27 10:59:22.254449
New York,12.2,2025-12-04 10:59:22.254451
New York,28.5,2026-04-18 10:59:22.254453
New York,27.3,2026-06-29 10:59:22.254455
New York,24.8,2025-08-04 10:59:22.254457
Tokyo,11.9,2026-05-29 10:59:22.254459
Sydney,22.1,2026-06-22 10:59:22.254460
Paris,12.9,2026-03-31 10:59:22.254462
New York,26.2,2026-06-19 10:59:22.254464
Paris,10.5,2025-12-25 10:59:22.254466
Tokyo,18.7,2026-01-21 10:59:22.254468
New York,12.2,2026-06-05 10:59:22.254470
Sydney,20.8,2025-08-03 10:59:22.254472
London,11.3,2025-11-30 10:59:22.254473
Tokyo,28.1,2025-11-12 10:59:22.254475
Tokyo,13.6,2026-01-13 10:59:22.254477
London,13.4,2025-11-21 10:59:22.254479
Paris,24.0,2026-03-19 10:59:22.254481
Paris,28.9,2026-01-31 10:59:22.254482
Sydney,15.8,2026-02-12 10:59:22.254484
Tokyo,30.3,2025-10-03 10:59:22.254486
Tokyo,15.6,2026-02-04 10:59:22.254488
Paris,11.5,2025-08-07 10:59:22.254490
London,32.2,2026-05-10 10:59:22.254492
London,29.7,2026-02-05 10:59:22.254493
Tokyo,29.7,2025-10-13 10:59:22.254495
Sydney,26.7,2025-12-09 10:59:22.254497
Sydney,15.2,2026-03-08 10:59:22.254499
New York,13.7,2025-08-16 10:59:22.254501
Paris,20.1,2026-01-28 10:59:22.254503
New York,33.2,2026-05-07 10:59:22.254505
London,23.9,2025-09-30 10:59:22.254507
Paris,16.9,2026-02-23 10:59:22.254509
New York,24.1,2025-07-27 10:59:22.254512
London,27.4,2026-03-05 10:59:22.254514
London,12.7,2026-04-20 10:59:22.254516
Paris,11.9,2026-02-13 10:59:22.254519
London,18.2,2026-05-18 10:59:22.254521
Paris,22.3,2025-12-29 10:59:22.254523
New York,26.7,2026-02-24 10:59:22.254525
Sydney,25.2,2025-10-22 10:59:22.254528
New York,24.4,2025-11-07 10:59:22.254530
Sydney,10.7,2025-10-25 10:59:22.254532
London,17.5,2026-05-14 10:59:22.254534
New York,17.6,2025-08-03 10:59:22.254537
London,31.9,2025-10-13 10:59:22.254539
Sydney,32.3,2025-11-04 10:59:22.254541
New York,27.7,2025-08-19 10:59:22.254542
Paris,13.8,2026-02-26 10:59:22.254544
Tokyo,11.2,2025-10-23 10:59:22.254546
Tokyo,12.9,2025-12-09 10:59:22.254548
Sydney,26.6,2026-02-12 10:59:22.254550
Paris,30.6,2025-11-22 10:59:22.254551
Paris,15.9,2026-04-03 10:59:22.254553
London,34.0,2025-11-20 10:59:22.254555
London,28.6,2026-05-12 10:59:22.254557
Tokyo,27.8,2026-04-19 10:59:22.254559
Sydney,30.3,2026-02-12 10:59:22.254561
Sydney,13.8,2025-12-21 10:59:22.254562
New York,12.6,2026-03-12 10:59:22.254564
Paris,29.2,2026-07-03 10:59:22.254566
Tokyo,19.2,2026-04-05 10:59:22.254568
Tokyo,25.4,2025-07-20 10:59:22.254569
London,19.0,2026-01-03 10:59:22.254571
Paris,20.4,2026-04-22 10:59:22.254573
London,27.9,2025-10-19 10:59:22.254575
Paris,20.6,2026-04-04 10:59:22.254577
Sydney,31.2,2026-02-28 10:59:22.254579
Sydney,22.2,2025-07-19 10:59:22.254580
Sydney,16.1,2026-02-09 10:59:22.254582
New York,29.4,2026-04-20 10:59:22.254584
Paris,13.0,2025-11-18 10:59:22.254586
Sydney,33.9,2026-05-06 10:59:22.254588
Paris,11.6,2026-04-24 10:59:22.254589
London,29.1,2026-01-01 10:59:22.254591
New York,13.9,2025-08-03 10:59:22.254593
Tokyo,27.3,2025-08-10 10:59:22.254595
New York,31.2,2026-04-15 10:59:22.254597
Paris,13.2,2026-06-09 10:59:22.254599
Paris,10.0,2026-05-30 10:59:22.254600
London,29.8,2026-03-11 10:59:22.254602
New York,14.5,2026-04-25 10:59:22.254604
London,21.6,2025-10-12 10:59:22.254606
Sydney,34.6,2025-11-07 10:59:22.254608
Paris,10.6,2025-11-09 10:59:22.254610
New York,20.6,2025-10-20 10:59:22.254611
Tokyo,32.3,2025-07-12 10:59:22.254613
Tokyo,15.5,2026-03-16 10:59:22.254615
New York,27.4,2025-10-03 10:59:22.254617
Sydney,21.1,2025-09-30 10:59:22.254619
Sydney,29.5,2025-09-03 10:59:22.254621
New York,28.9,2026-04-12 10:59:22.254623
London,23.0,2025-12-17 10:59:22.254624
London,12.3,2026-02-25 10:59:22.254626
Paris,15.9,2026-01-07 10:59:22.254628
Paris,14.8,2025-12-22 10:59:22.254630
New York,18.1,2026-03-03 10:59:22.254632
Tokyo,17.8,2025-08-11 10:59:22.254633
London,26.4,2026-06-16 10:59:22.254635
New York,19.4,2025-07-19 10:59:22.254637
Sydney,10.5,2025-11-20 10:59:22.254639
New York,22.4,2025-11-02 10:59:22.254641
London,30.5,2025-09-21 10:59:22.254643
Sydney,29.5,2025-10-09 10:59:22.254644
New York,19.0,2026-06-07 10:59:22.254646
Paris,10.4,2026-04-05 10:59:22.254648
London,33.3,2026-03-03 10:59:22.254650
New York,17.2,2025-12-13 10:59:22.254652
Sydney,30.4,2025-08-30 10:59:22.254654
New York,14.4,2026-02-27 10:59:22.254655
Paris,11.8,2025-08-14 10:59:22.254657
New York,19.4,2026-04-22 10:59:22.254659
Sydney,24.9,2025-12-15 10:59:22.254661
London,13.9,2025-09-24 10:59:22.254663
Sydney,24.0,2025-09-25 10:59:22.254665
Tokyo,34.7,2026-06-28 10:59:22.254666
Sydney,33.9,2026-06-16 10:59:22.254668
Tokyo,15.8,2026-07-02 10:59:22.254670
London,31.7,2026-01-13 10:59:22.254672
Paris,25.4,2025-08-17 10:59:22.254674
London,28.6,2025-12-26 10:59:22.254675
London,15.4,2025-08-02 10:59:22.254677
New York,34.4,2025-12-10 10:59:22.254679
New York,12.8,2025-12-09 10:59:22.254681
Tokyo,27.2,2025-11-11 10:59:22.254683
Paris,23.9,2025-11-25 10:59:22.254685
Sydney,31.7,2026-05-23 10:59:22.254687
London,18.2,2025-09-02 10:59:22.254688
Tokyo,28.1,2025-07-16 10:59:22.254690
New York,24.1,2025-10-21 10:59:22.254692
Sydney,22.4,2025-09-01 10:59:22.254694
Sydney,20.4,2025-07-19 10:59:22.254696
London,27.6,2026-03-25 10:59:22.254698
London,24.1,2026-03-15 10:59:22.254699
Sydney,20.9,2026-04-10 10:59:22.254701
Tokyo,29.0,2025-09-02 10:59:22.254703
London,31.5,2025-09-03 10:59:22.254705
New York,16.2,2026-03-26 10:59:22.254707
New York,21.6,2026-05-16 10:59:22.254708
Tokyo,16.7,2026-02-02 10:59:22.254710
Tokyo,32.3,2025-11-14 10:59:22.254712
Paris,21.0,2026-01-07 10:59:22.254714
London,11.1,2026-02-12 10:59:22.254716
London,12.0,2025-08-01 10:59:22.254717
Tokyo,30.0,2026-06-13 10:59:22.254719
Tokyo,22.3,2026-02-19 10:59:22.254721
Tokyo,15.4,2025-08-19 10:59:22.254723
London,10.6,2025-12-10 10:59:22.254725
Tokyo,28.3,2026-02-05 10:59:22.254727
London,28.3,2026-03-11 10:59:22.254728
London,26.5,2025-08-19 10:59:22.254730
Paris,28.6,2026-05-01 10:59:22.254732
Tokyo,33.8,2025-09-08 10:59:22.254734
Paris,28.2,2026-06-24 10:59:22.254736
Sydney,19.6,2025-09-01 10:59:22.254738
London,20.0,2026-03-09 10:59:22.254740
Tokyo,29.2,2026-04-29 10:59:22.254742
Paris,34.0,2025-10-13 10:59:22.254743
New York,26.4,2026-05-21 10:59:22.254745
Sydney,31.2,2026-01-25 10:59:22.254747
Paris,25.6,2026-06-03 10:59:22.254749
Paris,16.8,2025-10-23 10:59:22.254751
Sydney,24.3,2026-01-10 10:59:22.254752
Tokyo,31.0,2026-03-15 10:59:22.254754
Sydney,10.5,2025-11-03 10:59:22.254756
Tokyo,10.2,2025-12-04 10:59:22.254758
New York,30.1,2025-10-13 10:59:22.254760
New York,18.4,2025-08-26 10:59:22.254761
Sydney,26.4,2025-11-07 10:59:22.254763
Tokyo,30.6,2025-07-05 10:59:22.254765
New York,34.9,2025-12-27 10:59:22.254767
Tokyo,34.5,2025-10-31 10:59:22.254769
Tokyo,27.3,2025-11-15 10:59:22.254771
New York,31.0,2025-10-21 10:59:22.254773
London,29.1,2026-04-02 10:59:22.254774
Paris,26.3,2025-09-03 10:59:22.254776
Tokyo,31.7,2026-05-03 10:59:22.254778
New York,17.2,2026-03-08 10:59:22.254780
Sydney,26.7,2026-03-03 10:59:22.254782
Sydney,27.7,2025-10-07 10:59:22.254783
London,23.7,2025-10-18 10:59:22.254785
New York,26.1,2025-10-17 10:59:22.254787
Paris,12.0,2025-10-21 10:59:22.254799
New York,22.4,2025-08-04 10:59:22.254801
New York,32.5,2026-03-18 10:59:22.254803
Tokyo,29.5,2025-11-14 10:59:22.254805
Sydney,19.9,2026-03-30 10:59:22.254807
London,10.1,2026-04-19 10:59:22.254808
Paris,23.6,2025-10-14 10:59:22.254810
Tokyo,12.5,2026-02-12 10:59:22.254812
London,15.6,2025-12-22 10:59:22.254814
Tokyo,33.0,2026-04-25 10:59:22.254816
Tokyo,19.4,2026-03-08 10:59:22.254818
Tokyo,30.9,2026-06-06 10:59:22.254820
Tokyo,24.2,2026-06-21 10:59:22.254821
Paris,26.5,2026-03-05 10:59:22.254823
Tokyo,16.0,2026-06-06 10:59:22.254825
London,20.6,2025-10-10 10:59:22.254827
London,16.2,2026-03-27 10:59:22.254829
Tokyo,24.9,2026-03-22 10:59:22.254831
New York,24.6,2026-05-09 10:59:22.254832
Sydney,34.5,2025-12-27 10:59:22.254834
Sydney,29.6,2026-02-04 10:59:22.254836
London,17.0,2025-09-09 10:59:22.254838
Sydney,19.2,2026-01-17 10:59:22.254840
Paris,32.6,2026-06-16 10:59:22.254842
Paris,29.2,2026-04-12 10:59:22.254844
London,23.6,2026-03-29 10:59:22.254845
Sydney,27.2,2025-12-29 10:59:22.254847
London,30.5,2026-03-02 10:59:22.254849
New York,11.7,2026-06-07 10:59:22.254851
Tokyo,31.2,2026-01-05 10:59:22.254853
Sydney,17.9,2025-12-24 10:59:22.254855
Sydney,13.2,2025-12-12 10:59:22.254856
New York,14.4,2026-06-10 10:59:22.254858
London,11.2,2026-02-26 10:59:22.254860
London,34.0,2026-02-24 10:59:22.254862
New York,21.8,2026-06-19 10:59:22.254864
Tokyo,29.6,2026-01-11 10:59:22.254865
Paris,31.8,2025-12-10 10:59:22.254867
New York,10.8,2025-07-27 10:59:22.254869
London,34.4,2026-04-20 10:59:22.254871
Sydney,13.3,2026-05-25 10:59:22.254873
Tokyo,33.1,2026-04-17 10:59:22.254874
Sydney,20.9,2026-03-05 10:59:22.254876
New York,12.5,2025-09-27 10:59:22.254878
Paris,33.2,2025-10-05 10:59:22.254880
New York,19.1,2025-08-10 10:59:22.254882
New York,33.3,2026-01-10 10:59:22.254884
Sydney,29.2,2026-06-20 10:59:22.254886
Tokyo,31.1,2025-07-16 10:59:22.254887
Sydney,32.6,2026-04-16 10:59:22.254889
Paris,16.3,2026-01-09 10:59:22.254891
Tokyo,15.0,2026-03-05 10:59:22.254893
Tokyo,16.4,2026-01-07 10:59:22.254895
Sydney,11.4,2026-04-06 10:59:22.254897
London,32.8,2026-05-25 10:59:22.254899
Paris,17.3,2025-10-21 10:59:22.254900
New York,28.5,2025-12-07 10:59:22.254902
Tokyo,34.7,2026-05-26 10:59:22.254904
London,28.8,2025-12-02 10:59:22.254906
London,21.6,2026-05-15 10:59:22.254907
Sydney,25.3,2025-08-03 10:59:22.254909
New York,21.2,2025-12-03 10:59:22.254911
Tokyo,33.5,2026-05-17 10:59:22.254913
Paris,31.2,2026-01-23 10:59:22.254915
Tokyo,32.8,2026-06-03 10:59:22.254916
Tokyo,29.3,2026-06-27 10:59:22.254918
Sydney,14.5,2025-11-17 10:59:22.254920
New York,30.9,2026-02-21 10:59:22.254922
Tokyo,22.2,2026-06-21 10:59:22.254924
Paris,22.8,2026-01-06 10:59:22.254925
Paris,13.2,2026-05-09 10:59:22.254927
London,11.4,2026-05-06 10:59:22.254929
Sydney,28.5,2026-02-08 10:59:22.254931
Tokyo,33.6,2026-02-19 10:59:22.254933
London,31.3,2026-01-07 10:59:22.254934
New York,28.1,2026-06-07 10:59:22.254936
Tokyo,10.8,2025-09-10 10:59:22.254938
Tokyo,10.4,2025-10-02 10:59:22.254940
London,15.4,2025-10-18 10:59:22.254942
Paris,30.8,2025-10-15 10:59:22.254944
Paris,26.6,2025-12-22 10:59:22.254946
London,29.2,2025-12-12 10:59:22.254948
New York,12.7,2025-12-13 10:59:22.254949
Sydney,33.3,2026-02-19 10:59:22.254951
Paris,12.3,2025-11-29 10:59:22.254953
Sydney,28.9,2026-04-24 10:59:22.254955
London,29.2,2026-02-04 10:59:22.254957
London,28.1,2025-11-25 10:59:22.254958
London,34.1,2026-05-16 10:59:22.254960
London,32.1,2026-06-03 10:59:22.254962
London,30.1,2026-06-03 10:59:22.254964
New York,24.9,2025-10-15 10:59:22.254965
New York,20.7,2026-04-09 10:59:22.254968
New York,20.3,2026-06-09 10:59:22.254969
London,32.5,2026-06-11 10:59:22.254971
Sydney,19.0,2025-09-21 10:59:22.254973
Tokyo,14.3,2026-01-11 10:59:22.254975
London,11.4,2026-05-17 10:59:22.254977
Sydney,13.4,2025-11-13 10:59:22.254979
New York,28.6,2026-03-11 10:59:22.254981
London,32.1,2025-07-06 10:59:22.254982
Sydney,34.6,2025-12-03 10:59:22.254984
Sydney,16.2,2026-04-07 10:59:22.254986
Paris,33.9,2026-06-01 10:59:22.254988
London,25.5,2026-01-24 10:59:22.254990
Sydney,29.6,2025-10-11 10:59:22.254991
Paris,14.8,2025-08-31 10:59:22.254993
Sydney,34.2,2026-05-27 10:59:22.254995
Paris,17.1,2026-01-04 10:59:22.254997
Paris,10.5,2026-06-23 10:59:22.254999
Sydney,17.0,2026-04-12 10:59:22.255001
Paris,22.4,2026-02-25 10:59:22.255002
Paris,31.8,2026-05-15 10:59:22.255004
Paris,19.1,2025-12-15 10:59:22.255006
London,12.7,2025-08-17 10:59:22.255008
Sydney,25.6,2025-08-22 10:59:22.255009
Sydney,18.7,2025-09-21 10:59:22.255011
New York,30.5,2025-11-28 10:59:22.255013
Tokyo,33.8,2025-10-22 10:59:22.255015
Tokyo,26.4,2025-09-29 10:59:22.255017
New York,13.9,2025-08-22 10:59:22.255019
Sydney,30.0,2026-02-05 10:59:22.255020
Paris,14.4,2025-07-23 10:59:22.255022
New York,22.4,2025-08-02 10:59:22.255024
Paris,13.6,2026-02-07 10:59:22.255026
Sydney,14.5,2025-10-21 10:59:22.255028
Paris,26.1,2025-11-20 10:59:22.255030
New York,16.5,2026-01-17 10:59:22.255032
Sydney,32.6,2026-01-12 10:59:22.255034
Paris,26.2,2026-01-21 10:59:22.255035
Tokyo,21.5,2025-10-28 10:59:22.255037
London,30.0,2025-10-05 10:59:22.255039
London,24.6,2026-04-06 10:59:22.255041
New York,14.5,2026-02-28 10:59:22.255043
Tokyo,24.3,2025-09-04 10:59:22.255044
Tokyo,15.8,2025-09-29 10:59:22.255046
New York,14.4,2025-07-03 10:59:22.255048
Sydney,17.8,2026-06-28 10:59:22.255050
London,34.7,2026-05-28 10:59:22.255052
New York,34.2,2026-06-27 10:59:22.255053
Tokyo,28.8,2026-03-14 10:59:22.255055
Tokyo,32.7,2026-01-10 10:59:22.255057
New York,31.3,2026-04-16 10:59:22.255059
Tokyo,16.9,2025-12-12 10:59:22.255061
Paris,26.7,2026-05-21 10:59:22.255063
New York,14.1,2025-11-06 10:59:22.255064
New York,10.7,2025-12-04 10:59:22.255066
London,21.6,2026-02-07 10:59:22.255068
Sydney,13.1,2026-03-09 10:59:22.255070
London,31.6,2025-07-24 10:59:22.255072
London,31.4,2025-10-07 10:59:22.255073
London,22.0,2026-01-10 10:59:22.255075
London,26.0,2026-04-22 10:59:22.255077
New York,33.9,2026-05-17 10:59:22.255079
Sydney,23.4,2026-04-21 10:59:22.255081
New York,21.2,2026-01-09 10:59:22.255083
Sydney,14.8,2026-02-02 10:59:22.255084
Sydney,34.6,2025-08-15 10:59:22.255086
London,12.8,2026-06-02 10:59:22.255088
New York,11.9,2025-07-17 10:59:22.255090
New York,27.0,2025-07-25 10:59:22.255092
Sydney,29.6,2026-05-20 10:59:22.255094
Sydney,23.1,2025-12-09 10:59:22.255095
London,28.7,2025-10-28 10:59:22.255097
Sydney,32.1,2026-03-16 10:59:22.255099
Paris,25.9,2026-02-13 10:59:22.255101
London,19.8,2026-06-05 10:59:22.255103
Paris,30.8,2026-06-17 10:59:22.255104
London,24.6,2025-07-25 10:59:22.255106
New York,31.3,2025-11-13 10:59:22.255108
London,33.3,2026-02-03 10:59:22.255110
Tokyo,16.8,2025-12-01 10:59:22.255112
New York,23.4,2025-12-19 10:59:22.255114
Tokyo,32.9,2026-02-13 10:59:22.255115
Tokyo,12.3,2026-06-28 10:59:22.255117
London,22.1,2026-02-25 10:59:22.255119
Tokyo,22.2,2026-05-29 10:59:22.255121
London,27.1,2025-09-15 10:59:22.255123
Paris,12.3,2025-12-26 10:59:22.255125
Tokyo,22.6,2025-10-14 10:59:22.255127
London,22.8,2026-04-10 10:59:22.255128
Tokyo,25.9,2026-03-02 10:59:22.255130
Sydney,10.6,2026-02-12 10:59:22.255132
Sydney,27.1,2025-12-09 10:59:22.255134
Sydney,10.5,2025-07-19 10:59:22.255135
London,33.0,2025-09-01 10:59:22.255137
Sydney,22.7,2025-07-23 10:59:22.255139
Paris,19.3,2026-03-05 10:59:22.255141
Tokyo,24.2,2025-09-28 10:59:22.255143
London,12.0,2025-10-10 10:59:22.255145
Tokyo,26.7,2026-03-24 10:59:22.255146
Paris,31.0,2025-10-28 10:59:22.255148
New York,23.8,2025-10-11 10:59:22.255150
Tokyo,31.1,2025-09-06 10:59:22.255152
Sydney,34.9,2025-12-02 10:59:22.255154
Tokyo,11.4,2026-05-01 10:59:22.255155
Tokyo,24.9,2026-06-22 10:59:22.255157
New York,29.3,2025-08-02 10:59:22.255159
New York,32.8,2025-10-25 10:59:22.255161
Tokyo,33.8,2026-06-02 10:59:22.255163
Paris,13.1,2026-06-12 10:59:22.255165
Sydney,17.3,2025-11-22 10:59:22.255166
Paris,24.4,2026-04-03 10:59:22.255168
Sydney,31.8,2026-03-16 10:59:22.255170
Tokyo,31.0,2025-09-12 10:59:22.255178
London,30.7,2026-01-19 10:59:22.255180
London,23.1,2025-09-15 10:59:22.255182
Tokyo,25.5,2026-05-04 10:59:22.255184
Sydney,15.4,2026-01-04 10:59:22.255186
London,16.6,2025-11-28 10:59:22.255188
Paris,19.9,2025-09-01 10:59:22.255189
New York,32.5,2026-01-08 10:59:22.255191
Sydney,26.0,2026-03-11 10:59:22.255193
Paris,24.5,2025-12-13 10:59:22.255195
Paris,22.9,2025-09-17 10:59:22.255197
Sydney,33.9,2026-02-10 10:59:22.255199
Paris,10.2,2025-11-16 10:59:22.255201
London,10.2,2025-09-13 10:59:22.255202
Paris,19.9,2025-07-25 10:59:22.255204
New York,30.0,2025-08-26 10:59:22.255206
Tokyo,23.2,2026-06-20 10:59:22.255208
Tokyo,20.9,2025-10-27 10:59:22.255210
Tokyo,34.8,2026-04-27 10:59:22.255212
London,29.7,2025-10-04 10:59:22.255214
New York,15.0,2026-03-07 10:59:22.255216
Paris,17.2,2026-05-06 10:59:22.255218
Paris,35.0,2025-09-17 10:59:22.255220
Tokyo,25.6,2026-01-09 10:59:22.255221
Tokyo,19.4,2026-02-10 10:59:22.255223
Tokyo,18.5,2026-05-11 10:59:22.255225
Tokyo,32.2,2025-10-11 10:59:22.255227
New York,20.5,2025-11-05 10:59:22.255229
New York,23.2,2026-04-20 10:59:22.255231
London,27.1,2025-12-22 10:59:22.255233
Paris,21.5,2025-10-10 10:59:22.255234
Sydney,27.8,2025-07-16 10:59:22.255236
Tokyo,29.3,2025-07-08 10:59:22.255238
New York,29.4,2025-10-02 10:59:22.255240
Tokyo,33.0,2025-09-16 10:59:22.255242
Sydney,14.1,2026-05-22 10:59:22.255244
London,23.5,2026-01-15 10:59:22.255246
Paris,11.6,2026-05-15 10:59:22.255247
Sydney,12.4,2025-07-25 10:59:22.255249
Sydney,21.1,2025-07-18 10:59:22.255251
New York,32.4,2026-01-24 10:59:22.255253
New York,17.2,2025-11-17 10:59:22.255255
London,22.6,2025-12-21 10:59:22.255257
Paris,27.5,2026-02-05 10:59:22.255259
Sydney,31.7,2026-02-26 10:59:22.255261
New York,11.7,2025-08-15 10:59:22.255262
New York,24.7,2026-06-06 10:59:22.255264
Tokyo,23.4,2025-12-21 10:59:22.255266
New York,14.0,2026-04-26 10:59:22.255268
Paris,20.6,2025-11-27 10:59:22.255270
Sydney,19.5,2026-04-13 10:59:22.255271
New York,14.3,2025-12-06 10:59:22.255273
London,14.1,2026-02-24 10:59:22.255275
London,27.8,2025-10-30 10:59:22.255277
Paris,22.0,2026-02-26 10:59:22.255279
Paris,11.6,2025-09-13 10:59:22.255280
Sydney,31.9,2026-05-05 10:59:22.255282
Sydney,25.3,2025-07-09 10:59:22.255284
London,31.0,2026-01-15 10:59:22.255286
Tokyo,20.4,2025-12-31 10:59:22.255288
London,12.6,2026-06-17 10:59:22.255289
New York,15.5,2026-01-07 10:59:22.255291
London,26.1,2025-10-30 10:59:22.255293
New York,30.8,2026-06-23 10:59:22.255295
New York,24.1,2025-10-17 10:59:22.255297
Tokyo,12.4,2026-04-23 10:59:22.255299
New York,18.8,2026-04-15 10:59:22.255300
Tokyo,18.5,2026-05-05 10:59:22.255302
Sydney,25.6,2026-06-15 10:59:22.255304
Paris,16.3,2025-09-28 10:59:22.255306
London,13.9,2025-09-19 10:59:22.255308
Tokyo,31.6,2026-05-09 10:59:22.255309
Sydney,33.8,2026-04-29 10:59:22.255311
Tokyo,10.9,2025-12-06 10:59:22.255313
Paris,14.9,2026-03-11 10:59:22.255315
Tokyo,22.4,2026-01-24 10:59:22.255317
Sydney,32.3,2025-12-11 10:59:22.255319
New York,10.1,2026-04-26 10:59:22.255320
Paris,34.2,2025-09-11 10:59:22.255322
Tokyo,12.3,2025-12-01 10:59:22.255324
Tokyo,30.7,2026-03-10 10:59:22.255326
Sydney,16.1,2026-02-11 10:59:22.255327
New York,31.0,2026-05-27 10:59:22.255329
Sydney,28.2,2026-01-19 10:59:22.255331
Paris,33.0,2026-01-26 10:59:22.255333
New York,13.2,2026-05-04 10:59:22.255335
New York,10.6,2025-10-26 10:59:22.255337
Sydney,14.2,2026-04-24 10:59:22.255339
New York,23.2,2025-08-15 10:59:22.255340
Paris,13.7,2025-12-06 10:59:22.255342
Sydney,28.0,2025-12-13 10:59:22.255344
New York,17.3,2025-11-26 10:59:22.255346
London,12.3,2026-03-25 10:59:22.255348
London,28.1,2026-03-04 10:59:22.255350
London,24.4,2026-04-28 10:59:22.255352
Tokyo,10.9,2026-01-27 10:59:22.255353
London,33.8,2025-08-26 10:59:22.255355
London,16.0,2026-07-02 10:59:22.255357
New York,21.2,2025-09-01 10:59:22.255359
London,22.3,2025-11-28 10:59:22.255361
Sydney,20.1,2026-06-05 10:59:22.255362
Tokyo,16.7,2025-08-02 10:59:22.255364
Tokyo,29.2,2025-08-30 10:59:22.255366
Sydney,13.6,2026-05-07 10:59:22.255368
Tokyo,15.0,2025-09-16 10:59:22.255370
Tokyo,31.2,2026-04-23 10:59:22.255371
Tokyo,14.5,2026-02-18 10:59:22.255373
Paris,32.4,2026-03-08 10:59:22.255375
Tokyo,13.8,2025-12-16 10:59:22.255377
New York,12.6,2025-12-31 10:59:22.255379
London,22.5,2026-04-24 10:59:22.255381
Tokyo,15.4,2025-07-17 10:59:22.255382
Tokyo,28.0,2026-03-10 10:59:22.255384
Sydney,15.3,2026-06-05 10:59:22.255386
Sydney,28.5,2025-12-03 10:59:22.255388
Sydney,17.5,2026-03-14 10:59:22.255390
New York,20.6,2026-06-29 10:59:22.255392
London,34.3,2025-11-07 10:59:22.255393
Paris,12.6,2026-04-18 10:59:22.255395
Paris,26.0,2026-01-10 10:59:22.255397
New York,25.7,2025-07-29 10:59:22.255399
Tokyo,30.3,2026-03-20 10:59:22.255401
Paris,23.7,2025-08-28 10:59:22.255403
Paris,23.9,2025-09-17 10:59:22.255405
Tokyo,26.5,2025-08-13 10:59:22.255406
Sydney,20.5,2025-09-03 10:59:22.255408
Tokyo,13.8,2025-09-12 10:59:22.255410
Sydney,21.9,2026-06-14 10:59:22.255412
Tokyo,18.9,2025-07-11 10:59:22.255414
Sydney,12.5,2025-11-18 10:59:22.255416
New York,21.1,2026-03-31 10:59:22.255418
Tokyo,28.7,2026-05-10 10:59:22.255419
Paris,10.5,2026-05-13 10:59:22.255421
Sydney,18.7,2025-07-23 10:59:22.255423
Paris,17.9,2026-04-08 10:59:22.255425
New York,30.4,2025-07-22 10:59:22.255427
Paris,23.4,2026-03-01 10:59:22.255429
Paris,26.7,2025-12-28 10:59:22.255430
London,13.6,2025-11-07 10:59:22.255432
Paris,12.5,2026-04-20 10:59:22.255434
New York,25.1,2025-11-05 10:59:22.255436
London,22.7,2026-05-29 10:59:22.255438
New York,15.7,2026-04-29 10:59:22.255439
New York,25.7,2026-01-18 10:59:22.255441
Sydney,15.0,2026-02-05 10:59:22.255443
New York,31.5,2025-10-30 10:59:22.255445
Tokyo,22.8,2025-08-17 10:59:22.255447
Paris,15.4,2026-04-07 10:59:22.255449
London,25.5,2025-07-13 10:59:22.255451
Sydney,17.8,2026-01-20 10:59:22.255453
Tokyo,25.3,2025-10-30 10:59:22.255454
London,21.3,2026-03-19 10:59:22.255456
London,24.2,2025-10-09 10:59:22.255458
London,26.3,2026-07-03 10:59:22.255460
London,20.4,2026-04-03 10:59:22.255462
Sydney,13.3,2025-08-06 10:59:22.255463
Sydney,16.1,2025-12-05 10:59:22.255465
Tokyo,15.3,2026-03-17 10:59:22.255467
New York,26.4,2026-03-18 10:59:22.255469
London,16.9,2025-09-23 10:59:22.255471
London,32.4,2025-08-24 10:59:22.255473
Sydney,22.6,2025-12-01 10:59:22.255474
New York,23.7,2025-09-06 10:59:22.255476
Sydney,15.0,2026-06-30 10:59:22.255478
London,34.4,2025-08-10 10:59:22.255480
London,26.0,2025-11-22 10:59:22.255482
Sydney,32.1,2025-12-20 10:59:22.255484
London,17.3,2026-06-08 10:59:22.255485
Paris,31.7,2025-10-24 10:59:22.255487
Paris,34.9,2026-01-21 10:59:22.255489
Sydney,10.9,2025-10-01 10:59:22.255491
Paris,32.2,2025-07-09 10:59:22.255493
Sydney,27.1,2025-10-22 10:59:22.255495
New York,26.9,2026-01-25 10:59:22.255496
Sydney,16.1,2025-11-27 10:59:22.255498
New York,29.1,2026-03-25 10:59:22.255500
Paris,14.5,2026-03-18 10:59:22.255502
Sydney,13.9,2026-03-10 10:59:22.255503
Tokyo,25.0,2025-12-24 10:59:22.255505
New York,22.9,2025-10-23 10:59:22.255507
Sydney,18.2,2026-01-22 10:59:22.255509
London,24.5,2026-01-30 10:59:22.255511
London,17.7,2025-08-15 10:59:22.255512
New York,32.0,2026-06-17 10:59:22.255514
London,17.7,2026-04-06 10:59:22.255516
Tokyo,31.8,2026-02-21 10:59:22.255518
London,12.7,2026-02-08 10:59:22.255520
London,34.3,2025-08-04 10:59:22.255521
Tokyo,32.7,2026-03-23 10:59:22.255523
Paris,22.3,2025-10-24 10:59:22.255525
Paris,21.3,2026-02-14 10:59:22.255527
Tokyo,28.1,2026-01-02 10:59:22.255529
Paris,16.6,2026-05-24 10:59:22.255531
Tokyo,28.1,2025-12-02 10:59:22.255532
London,26.2,2025-10-16 10:59:22.255534
Tokyo,26.0,2025-08-01 10:59:22.255536
London,12.5,2026-02-10 10:59:22.255538
New York,29.8,2026-06-11 10:59:22.255540
Sydney,33.8,2025-12-30 10:59:22.255541
Sydney,31.0,2025-09-07 10:59:22.255543
Tokyo,26.7,2026-06-30 10:59:22.255545
Paris,18.3,2025-08-26 10:59:22.255547
Paris,20.2,2026-05-08 10:59:22.255549
London,30.6,2026-01-20 10:59:22.255551
Sydney,34.1,2025-07-25 10:59:22.255563
Sydney,32.8,2026-01-12 10:59:22.255565
Sydney,34.2,2026-03-18 10:59:22.255567
Tokyo,17.1,2026-06-25 10:59:22.255569
Tokyo,24.0,2025-10-18 10:59:22.255571
London,26.0,2025-11-25 10:59:22.255573
Sydney,31.9,2025-09-14 10:59:22.255574
London,29.4,2026-07-03 10:59:22.255576
London,13.6,2026-06-21 10:59:22.255578
Paris,27.7,2025-08-11 10:59:22.255580
New York,31.0,2025-09-20 10:59:22.255582
Tokyo,26.0,2026-04-22 10:59:22.255583
Tokyo,14.8,2026-06-03 10:59:22.255585
London,13.5,2026-01-25 10:59:22.255587
London,22.0,2026-02-25 10:59:22.255589
Tokyo,10.0,2025-10-27 10:59:22.255591
Paris,11.4,2026-04-13 10:59:22.255593
New York,16.7,2026-02-24 10:59:22.255594
London,29.0,2025-11-11 10:59:22.255596
Paris,15.0,2025-09-01 10:59:22.255598
New York,23.9,2026-02-22 10:59:22.255600
Tokyo,31.6,2025-09-20 10:59:22.255602
London,10.0,2025-09-16 10:59:22.255604
Paris,28.6,2026-01-12 10:59:22.255605
London,18.4,2026-04-04 10:59:22.255607
Sydney,32.2,2025-11-21 10:59:22.255609
Sydney,25.9,2025-08-18 10:59:22.255611
Paris,14.0,2025-07-30 10:59:22.255613
Paris,28.5,2025-11-26 10:59:22.255615
Tokyo,10.7,2026-05-04 10:59:22.255616
Sydney,10.8,2025-12-17 10:59:22.255618
Paris,16.1,2025-07-19 10:59:22.255620
Paris,20.3,2025-09-09 10:59:22.255622
Paris,20.9,2026-06-16 10:59:22.255624
Sydney,12.4,2026-03-28 10:59:22.255626
Tokyo,15.4,2025-08-08 10:59:22.255627
Sydney,32.8,2025-08-18 10:59:22.255629
Paris,34.3,2025-10-09 10:59:22.255631
Tokyo,24.4,2025-11-18 10:59:22.255633
New York,15.7,2026-05-29 10:59:22.255635
London,28.3,2025-08-15 10:59:22.255637
Paris,27.5,2026-05-24 10:59:22.255638
London,32.5,2026-02-04 10:59:22.255640
Paris,26.1,2026-05-01 10:59:22.255642
Tokyo,15.8,2026-03-26 10:59:22.255644
Tokyo,16.0,2025-12-03 10:59:22.255645
Paris,10.6,2026-02-19 10:59:22.255647
Sydney,27.4,2025-07-30 10:59:22.255649
Paris,25.9,2025-10-21 10:59:22.255651
New York,20.3,2025-11-16 10:59:22.255653
New York,26.7,2026-01-19 10:59:22.255655
London,23.8,2025-07-13 10:59:22.255656
Paris,18.2,2025-12-25 10:59:22.255658
Paris,33.6,2026-06-01 10:59:22.255660
Sydney,22.1,2026-01-27 10:59:22.255662
London,18.2,2025-09-17 10:59:22.255664
Sydney,13.1,2026-06-12 10:59:22.255665
Tokyo,17.3,2025-11-12 10:59:22.255667
Sydney,33.9,2025-10-20 10:59:22.255669
Tokyo,18.2,2026-01-17 10:59:22.255671
Paris,32.9,2026-04-20 10:59:22.255673
Tokyo,34.8,2025-09-14 10:59:22.255674
London,27.0,2025-10-15 10:59:22.255676
Tokyo,34.1,2025-11-03 10:59:22.255678
London,30.5,2025-10-17 10:59:22.255680
New York,34.1,2025-07-27 10:59:22.255682
Tokyo,15.3,2026-05-03 10:59:22.255684
Tokyo,33.8,2025-11-18 10:59:22.255686
Sydney,16.4,2025-09-10 10:59:22.255687
New York,26.1,2026-06-25 10:59:22.255689
New York,13.1,2026-05-28 10:59:22.255691
New York,12.0,2025-07-25 10:59:22.255693
New York,14.3,2025-10-24 10:59:22.255695
Sydney,25.4,2025-09-20 10:59:22.255697
Sydney,32.3,2025-08-26 10:59:22.255699
Tokyo,14.0,2026-03-09 10:59:22.255700
London,21.8,2026-06-28 10:59:22.255702
London,28.9,2026-04-14 10:59:22.255704
New York,20.1,2025-10-19 10:59:22.255706
Paris,29.5,2026-03-12 10:59:22.255708
London,27.8,2026-03-18 10:59:22.255710
Sydney,33.5,2025-10-26 10:59:22.255712
New York,34.1,2025-11-12 10:59:22.255713
Tokyo,30.5,2025-10-08 10:59:22.255715
Tokyo,24.8,2026-01-01 10:59:22.255717
New York,11.4,2026-06-16 10:59:22.255719
Sydney,21.3,2026-06-24 10:59:22.255721
Sydney,11.0,2026-06-01 10:59:22.255723
Sydney,14.3,2026-05-23 10:59:22.255724
London,17.9,2026-01-19 10:59:22.255726
London,34.3,2025-11-18 10:59:22.255728
New York,29.5,2025-09-12 10:59:22.255730
Tokyo,11.7,2025-12-27 10:59:22.255732
London,22.8,2025-07-12 10:59:22.255734
Sydney,26.1,2025-10-25 10:59:22.255735
London,29.9,2026-03-17 10:59:22.255737
Tokyo,27.8,2025-07-20 10:59:22.255739
London,16.3,2026-01-29 10:59:22.255741
New York,14.3,2025-11-11 10:59:22.255742
Tokyo,32.8,2026-01-11 10:59:22.255744
New York,16.6,2025-12-12 10:59:22.255746
Paris,23.5,2026-03-20 10:59:22.255748
Sydney,19.7,2025-12-26 10:59:22.255750
New York,31.5,2025-12-18 10:59:22.255751
Tokyo,13.9,2026-06-26 10:59:22.255753
Paris,32.6,2026-01-24 10:59:22.255755
London,22.1,2025-09-06 10:59:22.255757
Paris,21.4,2025-10-19 10:59:22.255759
New York,17.6,2026-02-14 10:59:22.255761
Paris,20.1,2026-05-14 10:59:22.255763
Tokyo,20.8,2025-12-04 10:59:22.255764
New York,16.4,2026-06-27 10:59:22.255766
New York,17.0,2026-06-13 10:59:22.255768
London,32.9,2026-02-14 10:59:22.255770
New York,14.8,2026-04-04 10:59:22.255772
London,19.0,2025-12-29 10:59:22.255773
New York,24.9,2025-08-14 10:59:22.255775
London,23.4,2026-03-05 10:59:22.255777
Paris,29.6,2026-01-17 10:59:22.255779
Paris,28.9,2025-11-29 10:59:22.255781
London,20.9,2026-05-19 10:59:22.255783
New York,23.2,2025-07-23 10:59:22.255784
Tokyo,29.5,2025-10-24 10:59:22.255786
London,10.5,2026-01-12 10:59:22.255788
London,33.9,2026-04-05 10:59:22.255790
London,25.4,2026-01-22 10:59:22.255792
Paris,30.6,2026-02-13 10:59:22.255793
Sydney,33.9,2025-08-20 10:59:22.255795
New York,34.2,2025-08-06 10:59:22.255797
Paris,23.4,2026-03-10 10:59:22.255799
Tokyo,29.1,2025-08-04 10:59:22.255801
London,32.5,2025-08-21 10:59:22.255803
Tokyo,18.8,2026-05-28 10:59:22.255805
Paris,14.2,2026-04-14 10:59:22.255807
Tokyo,27.9,2025-08-07 10:59:22.255808
London,18.3,2025-08-18 10:59:22.255810
Paris,11.1,2026-04-03 10:59:22.255812
Sydney,16.3,2025-09-26 10:59:22.255814
Paris,10.1,2026-01-05 10:59:22.255816
Paris,11.7,2026-04-29 10:59:22.255818
Sydney,16.2,2026-03-05 10:59:22.255819
New York,20.8,2025-07-19 10:59:22.255821
Tokyo,21.7,2026-06-12 10:59:22.255823
Paris,25.3,2025-12-09 10:59:22.255825
New York,21.5,2025-09-05 10:59:22.255827
Sydney,12.8,2025-08-08 10:59:22.255829
New York,22.4,2026-06-15 10:59:22.255830
Tokyo,24.9,2025-07-17 10:59:22.255832
Tokyo,16.5,2026-03-26 10:59:22.255834
London,24.8,2025-11-03 10:59:22.255836
Sydney,27.6,2026-01-13 10:59:22.255838
Sydney,32.9,2025-11-29 10:59:22.255840
New York,27.8,2025-09-20 10:59:22.255841
Paris,33.6,2025-07-17 10:59:22.255843
London,13.6,2026-03-29 10:59:22.255845
Paris,10.5,2025-12-07 10:59:22.255847
New York,28.0,2026-03-07 10:59:22.255849
Tokyo,10.4,2025-07-04 10:59:22.255851
New York,18.1,2025-12-12 10:59:22.255853
New York,29.1,2025-12-19 10:59:22.255855
New York,17.8,2025-11-01 10:59:22.255856
Paris,19.8,2026-05-28 10:59:22.255858
New York,33.5,2026-03-02 10:59:22.255860
New York,28.2,2025-07-14 10:59:22.255862
London,35.0,2026-03-30 10:59:22.255864
Sydney,33.4,2026-02-09 10:59:22.255865
London,13.1,2026-01-09 10:59:22.255867
London,16.7,2026-05-26 10:59:22.255869
Paris,26.6,2026-01-17 10:59:22.255871
Tokyo,31.4,2026-04-04 10:59:22.255873
Paris,33.7,2026-05-19 10:59:22.255875
Sydney,23.8,2026-04-08 10:59:22.255876
Paris,17.8,2025-12-31 10:59:22.255878
Tokyo,24.7,2026-03-15 10:59:22.255880
Sydney,12.5,2025-08-31 10:59:22.255882
New York,25.8,2026-05-15 10:59:22.255884
Tokyo,24.1,2025-08-09 10:59:22.255886
New York,24.6,2025-08-13 10:59:22.255888
Sydney,31.5,2026-01-21 10:59:22.255889
New York,29.1,2025-10-21 10:59:22.255891
London,27.4,2025-08-17 10:59:22.255893
New York,32.3,2025-12-26 10:59:22.255895
London,25.0,2026-04-08 10:59:22.255897
Paris,26.3,2026-06-05 10:59:22.255898
Tokyo,27.5,2026-05-06 10:59:22.255900
Tokyo,19.0,2026-05-20 10:59:22.255902
Tokyo,19.4,2025-08-29 10:59:22.255904
London,35.0,2026-04-26 10:59:22.255905
Paris,21.2,2026-03-01 10:59:22.255907
London,17.9,2026-03-22 10:59:22.255909
New York,23.3,2025-10-23 10:59:22.255911
London,11.0,2025-07-27 10:59:22.255913
Tokyo,22.8,2025-10-26 10:59:22.255915
Sydney,17.8,2025-09-30 10:59:22.255917
Paris,27.0,2025-07-13 10:59:22.255919
Tokyo,33.1,2025-09-15 10:59:22.255920
London,12.7,2026-03-13 10:59:22.255922
Sydney,17.8,2025-09-07 10:59:22.255924
Paris,13.1,2025-07-03 10:59:22.255926
Tokyo,26.7,2025-12-04 10:59:22.255928
New York,32.5,2026-06-14 10:59:22.255930
London,26.6,2026-05-04 10:59:22.255931
London,24.6,2026-06-10 10:59:22.255933
Tokyo,19.8,2025-09-19 10:59:22.255935
Sydney,17.6,2025-11-20 10:59:22.255943
New York,32.0,2026-02-20 10:59:22.255945
London,15.0,2026-01-06 10:59:22.255947
London,33.7,2025-09-27 10:59:22.255949
Tokyo,32.5,2026-02-06 10:59:22.255951
London,32.9,2026-05-09 10:59:22.255953
Paris,14.0,2025-12-07 10:59:22.255954
Tokyo,12.6,2025-12-28 10:59:22.255956
Sydney,13.4,2025-09-26 10:59:22.255958
Sydney,23.7,2026-02-25 10:59:22.255960
Tokyo,16.4,2026-04-18 10:59:22.255962
Paris,21.1,2025-08-29 10:59:22.255963
Tokyo,34.1,2026-05-15 10:59:22.255965
Sydney,16.7,2026-02-18 10:59:22.255967
New York,30.8,2026-01-29 10:59:22.255969
London,15.2,2026-02-25 10:59:22.255971
Sydney,32.6,2025-10-28 10:59:22.255973
Paris,31.6,2026-04-20 10:59:22.255974
New York,28.5,2025-08-12 10:59:22.255976
Tokyo,11.5,2026-05-30 10:59:22.255978
Paris,13.0,2025-08-10 10:59:22.255980
Sydney,30.8,2026-05-20 10:59:22.255982
London,13.3,2026-05-02 10:59:22.255983
Tokyo,10.4,2025-09-21 10:59:22.255985
London,20.0,2025-07-21 10:59:22.255987
New York,31.4,2025-07-27 10:59:22.255989
Sydney,10.9,2025-12-12 10:59:22.255991
Tokyo,11.1,2026-03-05 10:59:22.255993
London,27.8,2025-09-27 10:59:22.255995
Tokyo,34.6,2025-07-22 10:59:22.255996
New York,14.0,2025-07-17 10:59:22.255998
New York,29.3,2025-12-01 10:59:22.256000
Sydney,31.9,2026-02-09 10:59:22.256002
Paris,11.2,2026-04-29 10:59:22.256004
New York,19.2,2025-11-10 10:59:22.256006
Sydney,27.7,2025-08-21 10:59:22.256008
New York,28.6,2025-09-02 10:59:22.256009
New York,22.8,2025-12-13 10:59:22.256011
Paris,19.8,2025-12-11 10:59:22.256013
New York,22.8,2026-02-07 10:59:22.256015
New York,17.0,2026-03-13 10:59:22.256017
Paris,14.8,2026-02-02 10:59:22.256019
New York,19.4,2026-04-11 10:59:22.256021
London,13.3,2026-04-11 10:59:22.256022
New York,19.9,2025-09-02 10:59:22.256024
London,34.7,2026-01-11 10:59:22.256026
Tokyo,23.8,2026-02-16 10:59:22.256028
Tokyo,19.7,2026-04-24 10:59:22.256030
Paris,13.6,2026-05-16 10:59:22.256032
New York,19.5,2025-10-20 10:59:22.256033
London,17.1,2026-04-11 10:59:22.256035
Sydney,16.0,2025-07-31 10:59:22.256037
London,17.5,2026-03-20 10:59:22.256039
Sydney,10.3,2026-02-22 10:59:22.256041
New York,28.1,2026-04-05 10:59:22.256043
London,15.2,2026-02-17 10:59:22.256045
London,34.0,2026-05-29 10:59:22.256046
Paris,18.7,2026-03-20 10:59:22.256048
Sydney,14.0,2025-10-18 10:59:22.256050
Tokyo,31.8,2025-10-27 10:59:22.256052
Tokyo,25.2,2025-11-15 10:59:22.256054
London,24.5,2026-01-07 10:59:22.256055
Paris,33.5,2025-07-20 10:59:22.256057
London,24.4,2025-10-02 10:59:22.256059
Paris,25.5,2026-05-09 10:59:22.256061
London,25.5,2025-09-14 10:59:22.256063
Sydney,28.2,2025-07-18 10:59:22.256065
London,18.8,2025-07-13 10:59:22.256067
Paris,17.4,2026-05-18 10:59:22.256068
Tokyo,31.8,2025-08-27 10:59:22.256070
New York,30.9,2025-10-21 10:59:22.256072
Tokyo,12.5,2026-03-21 10:59:22.256074
Sydney,32.1,2026-04-13 10:59:22.256076
New York,17.3,2026-05-01 10:59:22.256077
London,20.1,2025-07-11 10:59:22.256079
Sydney,20.8,2026-03-01 10:59:22.256081
New York,20.2,2026-01-23 10:59:22.256083
New York,12.5,2025-07-19 10:59:22.256085
Sydney,12.0,2026-02-18 10:59:22.256087
London,11.6,2026-06-27 10:59:22.256089
Tokyo,10.0,2025-11-13 10:59:22.256090
Sydney,16.0,2026-07-01 10:59:22.256092
Sydney,13.9,2025-09-13 10:59:22.256094
New York,32.0,2025-12-23 10:59:22.256096
New York,25.6,2026-07-01 10:59:22.256098
Sydney,28.3,2026-03-09 10:59:22.256099
London,28.1,2026-02-22 10:59:22.256101
London,23.9,2026-07-03 10:59:22.256103
London,28.7,2025-10-27 10:59:22.256105
Tokyo,31.1,2026-04-02 10:59:22.256107
Tokyo,26.0,2026-04-02 10:59:22.256109
New York,17.3,2025-11-01 10:59:22.256110
Sydney,29.4,2026-06-02 10:59:22.256112
Tokyo,28.0,2025-12-28 10:59:22.256114
London,10.7,2025-07-03 10:59:22.256116
Sydney,11.7,2025-10-03 10:59:22.256118
Paris,31.0,2025-07-31 10:59:22.256120
New York,10.1,2025-12-03 10:59:22.256121
Tokyo,26.2,2026-05-07 10:59:22.256123
London,21.8,2026-04-29 10:59:22.256125
Tokyo,16.6,2025-07-29 10:59:22.256127
Sydney,11.2,2025-10-14 10:59:22.256129
Sydney,20.5,2026-05-26 10:59:22.256131
London,15.1,2025-09-21 10:59:22.256132
Paris,20.1,2026-03-15 10:59:22.256134
Paris,13.4,2026-05-08 10:59:22.256136
Paris,21.4,2026-07-03 10:59:22.256138
Tokyo,14.6,2026-05-27 10:59:22.256140
London,16.3,2026-02-04 10:59:22.256141
New York,26.3,2026-01-14 10:59:22.256144
Paris,14.3,2026-01-09 10:59:22.256146
London,16.4,2026-02-27 10:59:22.256147
Tokyo,31.2,2026-02-09 10:59:22.256149
Sydney,14.3,2025-08-28 10:59:22.256151
Tokyo,34.3,2026-01-06 10:59:22.256153
Sydney,24.5,2025-07-13 10:59:22.256155
Paris,28.0,2025-08-22 10:59:22.256156
Sydney,23.3,2025-09-26 10:59:22.256158
Sydney,18.0,2025-10-24 10:59:22.256160
London,31.8,2026-06-25 10:59:22.256162
Sydney,31.3,2025-12-11 10:59:22.256164
London,17.4,2025-11-28 10:59:22.256165
Sydney,24.5,2025-10-05 10:59:22.256167
London,22.5,2026-04-20 10:59:22.256169
Paris,11.1,2025-09-29 10:59:22.256171
London,22.4,2026-05-07 10:59:22.256173
London,28.6,2025-11-12 10:59:22.256174
Tokyo,22.6,2026-06-29 10:59:22.256176
Paris,14.5,2026-04-27 10:59:22.256178
Tokyo,29.3,2026-02-28 10:59:22.256180
Tokyo,27.8,2026-03-21 10:59:22.256182
New York,23.2,2026-02-26 10:59:22.256183
London,28.6,2026-01-04 10:59:22.256185
Sydney,21.6,2026-02-19 10:59:22.256187
Sydney,17.2,2025-12-20 10:59:22.256189
Tokyo,11.7,2025-10-28 10:59:22.256191
Sydney,22.7,2026-01-26 10:59:22.256193
Sydney,30.3,2026-07-03 10:59:22.256194
Tokyo,16.3,2026-02-15 10:59:22.256196
New York,30.8,2025-11-03 10:59:22.256198
Tokyo,34.6,2026-02-20 10:59:22.256200
Paris,31.5,2025-10-03 10:59:22.256202
Sydney,19.5,2025-10-19 10:59:22.256204
Paris,29.4,2026-07-03 10:59:22.256205
Paris,26.3,2025-12-01 10:59:22.256207
Sydney,29.9,2026-03-15 10:59:22.256209
Paris,12.5,2026-06-09 10:59:22.256211
Sydney,24.1,2025-10-17 10:59:22.256213
Tokyo,30.7,2026-05-26 10:59:22.256214
New York,26.1,2025-08-02 10:59:22.256216
New York,31.3,2025-08-12 10:59:22.256218
Sydney,15.3,2026-04-28 10:59:22.256220
Sydney,11.0,2026-05-26 10:59:22.256222
New York,27.7,2025-10-26 10:59:22.256223
Sydney,10.0,2025-08-19 10:59:22.256225
New York,30.4,2025-10-27 10:59:22.256227
Paris,14.3,2025-09-29 10:59:22.256229
New York,10.4,2026-05-20 10:59:22.256231
London,33.7,2025-10-16 10:59:22.256233
Paris,14.2,2026-07-01 10:59:22.256234
Paris,30.6,2025-09-25 10:59:22.256236
New York,12.4,2026-06-23 10:59:22.256238
Sydney,32.5,2026-01-13 10:59:22.256240
New York,26.8,2025-09-02 10:59:22.256242
London,25.3,2026-05-14 10:59:22.256244
London,17.6,2026-05-23 10:59:22.256245
Paris,16.9,2025-07-09 10:59:22.256247
Sydney,27.8,2026-06-24 10:59:22.256249
Sydney,11.8,2025-10-31 10:59:22.256251
Tokyo,28.9,2025-09-02 10:59:22.256253
Tokyo,21.8,2026-06-30 10:59:22.256255
Sydney,10.9,2026-03-18 10:59:22.256256
New York,34.0,2025-07-06 10:59:22.256258
Tokyo,26.4,2026-04-01 10:59:22.256260
Tokyo,25.5,2025-09-08 10:59:22.256262
London,28.3,2026-05-23 10:59:22.256264
Paris,16.6,2025-11-09 10:59:22.256266
Paris,10.1,2026-04-22 10:59:22.256267
London,19.7,2026-04-13 10:59:22.256269
New York,32.9,2026-02-16 10:59:22.256271
London,11.6,2026-05-30 10:59:22.256273
Paris,31.1,2025-12-17 10:59:22.256275
Paris,19.7,2025-12-07 10:59:22.256277
London,30.4,2025-08-11 10:59:22.256278
Sydney,32.8,2025-11-11 10:59:22.256280
Paris,33.1,2025-07-29 10:59:22.256282
New York,14.4,2025-10-12 10:59:22.256284
New York,20.6,2025-08-13 10:59:22.256286
Paris,19.8,2025-12-03 10:59:22.256288
Tokyo,29.9,2025-10-28 10:59:22.256290
Sydney,23.8,2025-12-11 10:59:22.256291
Paris,10.0,2026-06-03 10:59:22.256293
Paris,13.5,2025-11-08 10:59:22.256295
Tokyo,31.2,2025-11-20 10:59:22.256297
Tokyo,21.7,2026-03-07 10:59:22.256298
Paris,22.3,2025-09-13 10:59:22.256300
Sydney,32.4,2025-09-18 10:59:22.256302
New York,25.5,2026-04-22 10:59:22.256304
Tokyo,33.2,2026-02-01 10:59:22.256306
New York,24.1,2025-11-27 10:59:22.256308
London,24.5,2026-02-10 10:59:22.256310
New York,23.6,2025-09-14 10:59:22.256312
Tokyo,32.0,2026-03-21 10:59:22.256313
London,33.4,2025-07-23 10:59:22.256315
New York,25.8,2025-12-06 10:59:22.256324
Tokyo,15.0,2025-07-10 10:59:22.256326
Sydney,25.4,2026-04-22 10:59:22.256328
Sydney,32.8,2025-10-12 10:59:22.256330
Tokyo,32.9,2025-12-27 10:59:22.256332
Tokyo,21.4,2026-04-19 10:59:22.256334
Paris,26.4,2025-12-20 10:59:22.256336
Paris,13.5,2025-12-17 10:59:22.256337
Paris,34.2,2026-05-08 10:59:22.256339
Paris,16.6,2026-05-25 10:59:22.256341
London,16.8,2025-07-21 10:59:22.256343
London,30.9,2026-06-17 10:59:22.256345
Tokyo,27.1,2026-06-26 10:59:22.256347
Sydney,15.1,2026-06-13 10:59:22.256348
Tokyo,10.6,2026-01-05 10:59:22.256350
London,23.9,2025-12-23 10:59:22.256352
London,31.1,2025-11-24 10:59:22.256354
London,27.0,2025-11-02 10:59:22.256356
Sydney,28.3,2026-03-07 10:59:22.256357
New York,34.9,2025-08-31 10:59:22.256359
New York,13.1,2025-09-16 10:59:22.256361
New York,12.9,2026-05-26 10:59:22.256363
Tokyo,24.0,2026-02-27 10:59:22.256365
Sydney,13.1,2026-05-05 10:59:22.256366
London,31.9,2026-01-16 10:59:22.256368
New York,20.7,2025-11-11 10:59:22.256370
Paris,23.3,2025-09-16 10:59:22.256372
Sydney,29.2,2025-08-31 10:59:22.256374
London,19.9,2025-08-07 10:59:22.256376
Tokyo,31.5,2025-08-17 10:59:22.256378
New York,30.9,2025-08-12 10:59:22.256379
Sydney,17.7,2025-12-03 10:59:22.256381
London,19.3,2026-02-07 10:59:22.256383
Sydney,15.3,2025-07-16 10:59:22.256385
Sydney,34.0,2026-05-17 10:59:22.256387
Tokyo,17.5,2025-12-07 10:59:22.256389
Paris,28.7,2025-12-23 10:59:22.256391
Sydney,31.8,2025-07-08 10:59:22.256392
Tokyo,20.2,2026-05-08 10:59:22.256394
New York,20.9,2026-02-24 10:59:22.256396
Tokyo,25.5,2026-03-18 10:59:22.256398
Paris,12.2,2026-05-07 10:59:22.256400
Tokyo,14.4,2026-02-10 10:59:22.256402
Paris,13.3,2026-05-16 10:59:22.256403
Paris,16.6,2025-07-14 10:59:22.256405
Sydney,13.4,2026-06-22 10:59:22.256407
New York,29.5,2025-09-23 10:59:22.256409
London,32.1,2025-09-04 10:59:22.256411
London,17.5,2025-07-23 10:59:22.256413
London,15.6,2026-05-22 10:59:22.256415
London,29.4,2025-12-18 10:59:22.256416
Paris,20.6,2026-05-13 10:59:22.256418
Paris,17.9,2025-12-13 10:59:22.256420
Sydney,20.2,2026-02-15 10:59:22.256422
Sydney,20.4,2026-01-28 10:59:22.256424
London,32.7,2026-03-04 10:59:22.256425
London,10.3,2025-08-17 10:59:22.256427
New York,16.2,2026-02-02 10:59:22.256429
Tokyo,31.7,2026-01-20 10:59:22.256431
Paris,14.2,2025-07-27 10:59:22.256433
London,16.4,2025-09-02 10:59:22.256434
Paris,23.0,2025-09-10 10:59:22.256436
Tokyo,34.5,2026-06-06 10:59:22.256438
London,12.7,2025-09-20 10:59:22.256440
Sydney,28.7,2025-08-12 10:59:22.256442
London,28.9,2025-08-26 10:59:22.256444
Tokyo,19.7,2026-05-29 10:59:22.256446
London,13.7,2026-03-05 10:59:22.256447
Sydney,27.6,2025-11-13 10:59:22.256449
Paris,28.0,2025-10-05 10:59:22.256451
Tokyo,29.2,2026-06-18 10:59:22.256453
London,18.9,2025-07-28 10:59:22.256455
Paris,23.7,2026-05-31 10:59:22.256457
London,20.0,2026-07-01 10:59:22.256458
London,11.5,2026-05-29 10:59:22.256460
London,24.2,2025-09-21 10:59:22.256462
Sydney,22.6,2025-08-25 10:59:22.256464
Sydney,34.7,2025-11-18 10:59:22.256466
Paris,29.2,2026-01-03 10:59:22.256468
Sydney,11.7,2026-06-02 10:59:22.256469
London,15.3,2026-04-02 10:59:22.256471
New York,17.9,2026-03-29 10:59:22.256473
Paris,29.0,2026-06-25 10:59:22.256475
New York,22.9,2026-04-11 10:59:22.256477
Paris,18.2,2026-02-20 10:59:22.256478
Paris,20.1,2025-10-21 10:59:22.256480
Sydney,26.3,2025-08-09 10:59:22.256482
Sydney,24.7,2026-05-21 10:59:22.256484
Paris,31.1,2025-09-17 10:59:22.256486
Tokyo,10.2,2026-06-21 10:59:22.256487
New York,19.3,2026-06-05 10:59:22.256489
Paris,21.2,2026-01-08 10:59:22.256491
Paris,24.5,2026-06-04 10:59:22.256493
Paris,34.7,2025-08-14 10:59:22.256495
New York,22.2,2025-10-12 10:59:22.256496
London,29.4,2025-08-30 10:59:22.256498
New York,33.2,2025-09-20 10:59:22.256500
London,20.4,2026-04-12 10:59:22.256502
Sydney,30.9,2026-03-28 10:59:22.256504
Tokyo,21.7,2026-06-21 10:59:22.256506
London,32.4,2026-04-21 10:59:22.256507
London,19.0,2025-11-21 10:59:22.256509
Tokyo,25.9,2026-02-26 10:59:22.256511
London,21.4,2025-12-31 10:59:22.256513
Tokyo,19.4,2026-06-13 10:59:22.256514
New York,32.1,2026-01-21 10:59:22.256516
Sydney,29.5,2026-02-06 10:59:22.256518
London,16.7,2025-12-10 10:59:22.256520
Paris,12.0,2026-07-02 10:59:22.256522
Paris,27.0,2026-01-04 10:59:22.256524
London,23.4,2026-06-20 10:59:22.256525
Tokyo,21.2,2025-08-20 10:59:22.256527
New York,16.2,2025-12-26 10:59:22.256529
New York,30.1,2026-04-26 10:59:22.256531
London,32.6,2026-05-22 10:59:22.256533
Tokyo,17.3,2025-09-14 10:59:22.256535
London,21.7,2025-08-30 10:59:22.256536
Tokyo,34.2,2026-06-25 10:59:22.256538
Tokyo,17.5,2026-02-14 10:59:22.256540
Tokyo,31.4,2026-04-23 10:59:22.256542
Tokyo,11.2,2026-07-03 10:59:22.256544
London,16.5,2025-07-11 10:59:22.256545
London,23.4,2025-12-01 10:59:22.256547
New York,17.5,2026-04-29 10:59:22.256549
London,22.6,2025-10-14 10:59:22.256551
New York,28.0,2025-10-14 10:59:22.256553
New York,31.2,2026-06-04 10:59:22.256555
Tokyo,28.9,2026-06-13 10:59:22.256557
New York,31.8,2026-03-03 10:59:22.256559
Paris,10.7,2025-11-04 10:59:22.256560
London,14.4,2026-05-31 10:59:22.256562
Sydney,12.2,2025-08-26 10:59:22.256564
New York,31.1,2025-09-10 10:59:22.256566
Tokyo,19.6,2025-11-03 10:59:22.256568
Paris,24.7,2025-12-14 10:59:22.256570
Tokyo,13.2,2025-11-29 10:59:22.256571
Paris,30.3,2025-10-09 10:59:22.256573
Tokyo,33.0,2026-01-05 10:59:22.256575
Tokyo,14.9,2026-01-09 10:59:22.256577
Paris,14.5,2026-01-08 10:59:22.256579
London,12.5,2026-05-03 10:59:22.256580
New York,15.0,2026-04-15 10:59:22.256582
New York,33.8,2025-08-24 10:59:22.256584
London,13.7,2025-12-11 10:59:22.256586
London,10.4,2025-09-21 10:59:22.256587
Sydney,23.8,2026-01-20 10:59:22.256589
Sydney,16.5,2025-07-23 10:59:22.256591
New York,28.9,2026-06-15 10:59:22.256593
New York,26.8,2025-10-20 10:59:22.256595
London,21.1,2025-09-13 10:59:22.256597
Sydney,13.9,2026-01-21 10:59:22.256599
Paris,22.3,2026-03-20 10:59:22.256600
Sydney,29.6,2026-05-08 10:59:22.256602
New York,10.6,2026-01-23 10:59:22.256604
Paris,32.3,2025-12-22 10:59:22.256606
Tokyo,25.9,2026-04-11 10:59:22.256608
Tokyo,12.4,2026-03-24 10:59:22.256609
Sydney,33.4,2025-08-03 10:59:22.256611
Paris,21.0,2025-08-27 10:59:22.256613
New York,19.1,2025-11-05 10:59:22.256615
Paris,31.5,2026-06-09 10:59:22.256617
London,27.4,2026-03-20 10:59:22.256619
Sydney,30.8,2025-10-19 10:59:22.256621
London,16.2,2026-05-12 10:59:22.256623
Tokyo,20.8,2025-07-19 10:59:22.256624
New York,33.0,2026-01-20 10:59:22.256626
Sydney,32.0,2025-09-17 10:59:22.256628
Tokyo,26.2,2025-07-20 10:59:22.256630
Tokyo,23.5,2026-01-17 10:59:22.256632
Tokyo,25.4,2026-05-11 10:59:22.256633
New York,33.2,2026-05-16 10:59:22.256635
Paris,29.6,2026-03-21 10:59:22.256637
Tokyo,22.7,2026-05-18 10:59:22.256639
Tokyo,13.0,2025-07-23 10:59:22.256641
Paris,17.4,2026-06-10 10:59:22.256642
Sydney,26.4,2026-04-23 10:59:22.256644
Paris,25.2,2026-06-07 10:59:22.256646
Tokyo,13.5,2026-06-10 10:59:22.256648
New York,25.3,2025-11-27 10:59:22.256650
Tokyo,29.7,2026-04-03 10:59:22.256651
Sydney,22.8,2026-01-02 10:59:22.256653
New York,24.2,2026-03-03 10:59:22.256655
New York,34.1,2025-07-11 10:59:22.256657
Sydney,27.4,2026-05-11 10:59:22.256659
Tokyo,14.2,2025-11-14 10:59:22.256661
New York,27.9,2026-02-13 10:59:22.256662
London,26.8,2025-07-07 10:59:22.256664
Tokyo,13.6,2026-01-29 10:59:22.256666
Sydney,27.1,2025-09-06 10:59:22.256668
London,16.0,2026-03-02 10:59:22.256670
New York,19.6,2026-04-25 10:59:22.256672
Sydney,11.2,2025-07-27 10:59:22.256673
Paris,14.4,2026-04-05 10:59:22.256675
London,30.4,2025-12-25 10:59:22.256677
Tokyo,24.5,2025-12-22 10:59:22.256679
Tokyo,31.1,2026-01-18 10:59:22.256681
Paris,23.0,2026-05-07 10:59:22.256683
New York,22.6,2026-03-31 10:59:22.256684
Tokyo,11.7,2025-12-15 10:59:22.256686
New York,22.7,2025-12-24 10:59:22.256688
London,14.8,2026-04-19 10:59:22.256690
Tokyo,29.2,2026-03-19 10:59:22.256692
Sydney,15.5,2025-08-04 10:59:22.256693
London,29.4,2026-01-05 10:59:22.256695
Paris,30.3,2026-01-30 10:59:22.256697
Tokyo,27.4,2025-09-24 10:59:22.256705
Paris,16.7,2025-07-25 10:59:22.256707
London,16.7,2026-01-07 10:59:22.256709
Paris,34.4,2026-03-09 10:59:22.256711
Sydney,11.5,2025-11-18 10:59:22.256713
Tokyo,10.7,2025-08-12 10:59:22.256715
Sydney,13.6,2026-03-28 10:59:22.256717
Tokyo,23.3,2025-08-29 10:59:22.256718
Sydney,11.8,2026-02-25 10:59:22.256720
Paris,28.0,2025-10-19 10:59:22.256722
New York,12.7,2026-06-06 10:59:22.256724
Paris,22.8,2025-08-22 10:59:22.256726
Sydney,10.8,2026-03-12 10:59:22.256728
Paris,10.7,2025-12-23 10:59:22.256730
Sydney,24.2,2025-09-13 10:59:22.256732
New York,26.9,2025-12-09 10:59:22.256733
Tokyo,27.9,2026-05-15 10:59:22.256735
Paris,23.2,2025-07-09 10:59:22.256737
London,14.9,2026-05-05 10:59:22.256739
Paris,29.2,2025-07-25 10:59:22.256741
Paris,13.0,2025-12-21 10:59:22.256743
Tokyo,32.9,2025-08-06 10:59:22.256744
Tokyo,25.7,2026-03-03 10:59:22.256746
Paris,15.8,2026-02-11 10:59:22.256748
Tokyo,26.8,2025-07-22 10:59:22.256750
Tokyo,17.5,2026-02-13 10:59:22.256752
Sydney,30.7,2025-10-15 10:59:22.256754
New York,27.4,2026-04-02 10:59:22.256755
New York,23.5,2026-02-09 10:59:22.256757
London,30.0,2025-12-23 10:59:22.256759
Sydney,27.3,2025-10-17 10:59:22.256761
Paris,27.1,2025-07-20 10:59:22.256763
Tokyo,19.8,2026-06-08 10:59:22.256765
Sydney,16.2,2025-07-03 10:59:22.256767
Sydney,33.0,2025-12-10 10:59:22.256768
New York,25.5,2025-07-15 10:59:22.256770
Tokyo,11.4,2025-09-26 10:59:22.256772
Paris,28.5,2026-02-24 10:59:22.256774
New York,25.5,2025-11-28 10:59:22.256776
Sydney,27.9,2026-06-10 10:59:22.256777
Sydney,34.3,2026-01-04 10:59:22.256779
Paris,26.6,2025-09-04 10:59:22.256781
London,28.3,2026-01-07 10:59:22.256783
Paris,26.0,2025-12-10 10:59:22.256785
Sydney,17.6,2025-11-20 10:59:22.256787
Tokyo,11.9,2026-04-21 10:59:22.256788
London,16.7,2025-09-06 10:59:22.256790
Tokyo,34.9,2025-11-24 10:59:22.256792
New York,17.4,2025-11-10 10:59:22.256794
Sydney,26.3,2026-01-09 10:59:22.256796
Paris,28.3,2026-06-30 10:59:22.256797
Tokyo,28.7,2025-07-27 10:59:22.256799
London,13.0,2025-11-28 10:59:22.256801
Tokyo,25.8,2025-09-27 10:59:22.256803
Sydney,23.8,2026-03-06 10:59:22.256805
New York,15.1,2026-02-23 10:59:22.256807
Tokyo,19.7,2025-12-06 10:59:22.256808
Paris,33.4,2026-02-23 10:59:22.256810
London,22.6,2026-01-04 10:59:22.256812
London,15.8,2025-09-08 10:59:22.256814
Sydney,14.7,2026-01-10 10:59:22.256816
Paris,17.0,2026-03-21 10:59:22.256818
Tokyo,15.8,2026-01-11 10:59:22.256819
New York,31.0,2025-11-14 10:59:22.256821
Paris,13.1,2026-05-10 10:59:22.256823
Sydney,27.8,2025-08-23 10:59:22.256825
London,26.1,2026-05-19 10:59:22.256827
New York,17.3,2025-10-01 10:59:22.256828
Paris,20.9,2025-09-09 10:59:22.256830
Sydney,19.4,2025-07-17 10:59:22.256832
Sydney,32.4,2025-11-01 10:59:22.256834
Tokyo,11.4,2025-10-01 10:59:22.256836
Tokyo,34.9,2026-04-19 10:59:22.256838
Sydney,25.7,2025-09-16 10:59:22.256839
Sydney,34.2,2026-04-22 10:59:22.256841
Tokyo,32.0,2025-10-29 10:59:22.256843
Sydney,20.4,2026-04-19 10:59:22.256845
Paris,20.3,2026-05-24 10:59:22.256847
Sydney,19.0,2026-02-11 10:59:22.256848
Paris,13.1,2026-07-01 10:59:22.256850
Sydney,28.8,2026-04-11 10:59:22.256852
New York,17.5,2026-02-08 10:59:22.256854
New York,18.1,2025-12-11 10:59:22.256856
London,20.3,2026-03-30 10:59:22.256858
New York,17.3,2026-06-09 10:59:22.256860
Sydney,17.5,2026-05-03 10:59:22.256861
Tokyo,24.9,2025-07-28 10:59:22.256863
Tokyo,31.5,2026-03-22 10:59:22.256865
Sydney,15.9,2026-01-03 10:59:22.256867
Sydney,24.1,2026-06-03 10:59:22.256869
London,28.9,2025-11-22 10:59:22.256871
London,25.9,2026-03-04 10:59:22.256873
Tokyo,30.0,2025-07-06 10:59:22.256874
New York,18.8,2026-02-02 10:59:22.256876
Paris,34.8,2025-12-25 10:59:22.256878
London,20.0,2025-11-27 10:59:22.256880
London,13.7,2025-09-27 10:59:22.256882
Paris,18.0,2026-04-11 10:59:22.256884
Tokyo,27.7,2025-07-19 10:59:22.256885
London,27.0,2025-11-30 10:59:22.256887
London,14.0,2026-01-06 10:59:22.256889
Paris,11.5,2025-11-07 10:59:22.256891
Paris,11.2,2026-01-10 10:59:22.256893
Sydney,13.3,2025-07-12 10:59:22.256895
Tokyo,18.2,2026-03-03 10:59:22.256896
Tokyo,20.2,2025-12-03 10:59:22.256898
Paris,20.2,2026-03-05 10:59:22.256900
London,24.4,2026-06-11 10:59:22.256902
London,23.9,2025-11-09 10:59:22.256904
Paris,25.6,2025-08-06 10:59:22.256906
New York,29.1,2026-01-18 10:59:22.256907
Tokyo,14.9,2025-08-04 10:59:22.256909
Paris,34.0,2025-09-07 10:59:22.256911
New York,14.3,2025-11-20 10:59:22.256913
Tokyo,10.4,2025-08-28 10:59:22.256915
Paris,27.4,2026-04-29 10:59:22.256917
London,29.2,2025-10-08 10:59:22.256919
Sydney,25.8,2025-07-20 10:59:22.256920
Paris,10.2,2026-07-02 10:59:22.256922
London,25.8,2026-06-27 10:59:22.256924
New York,31.6,2026-02-09 10:59:22.256926
London,12.1,2026-01-01 10:59:22.256928
London,14.3,2026-06-02 10:59:22.256929
Paris,12.7,2025-08-16 10:59:22.256931
London,19.1,2025-08-13 10:59:22.256933
Paris,29.6,2025-08-25 10:59:22.256935
New York,29.8,2026-03-10 10:59:22.256937
New York,23.0,2025-07-10 10:59:22.256939
Sydney,25.9,2026-04-17 10:59:22.256940
Tokyo,19.1,2025-07-05 10:59:22.256942
Sydney,30.8,2026-05-10 10:59:22.256944
Sydney,29.9,2025-12-07 10:59:22.256946
Paris,22.8,2026-04-02 10:59:22.256948
Tokyo,30.6,2025-09-05 10:59:22.256950
New York,26.2,2026-02-02 10:59:22.256951
Paris,11.0,2025-09-29 10:59:22.256953
Paris,12.9,2025-09-04 10:59:22.256955
London,22.6,2026-01-05 10:59:22.256957
Paris,14.0,2026-01-06 10:59:22.256959
Tokyo,26.5,2026-02-01 10:59:22.256960
Paris,15.1,2026-04-06 10:59:22.256962
New York,10.2,2025-08-26 10:59:22.256964
London,23.5,2026-05-02 10:59:22.256966
New York,13.7,2026-04-09 10:59:22.256968
New York,31.8,2026-05-20 10:59:22.256970
Sydney,29.5,2026-05-23 10:59:22.256971
New York,23.2,2025-08-12 10:59:22.256973
New York,19.1,2026-03-02 10:59:22.256975
London,12.6,2025-10-05 10:59:22.256977
New York,29.2,2026-02-20 10:59:22.256979
London,25.6,2026-03-06 10:59:22.256981
London,10.4,2026-01-31 10:59:22.256983
New York,24.7,2025-07-27 10:59:22.256984
Paris,27.2,2025-07-04 10:59:22.256986
New York,28.5,2025-11-01 10:59:22.256988
Paris,27.4,2025-11-04 10:59:22.256990
Tokyo,27.8,2026-06-01 10:59:22.256992
London,21.6,2026-03-12 10:59:22.256994
Paris,31.7,2025-08-18 10:59:22.256995
Sydney,18.0,2026-02-23 10:59:22.256997
Sydney,30.8,2026-05-08 10:59:22.256999
Paris,11.9,2026-03-06 10:59:22.257001
Paris,31.4,2025-12-17 10:59:22.257003
Tokyo,32.2,2026-02-13 10:59:22.257005
New York,13.9,2026-01-11 10:59:22.257007
Tokyo,16.4,2025-10-17 10:59:22.257008
Paris,34.6,2025-12-26 10:59:22.257010
London,14.2,2026-03-14 10:59:22.257012
Paris,14.7,2025-11-13 10:59:22.257014
London,24.9,2025-11-24 10:59:22.257016
Sydney,19.7,2026-01-01 10:59:22.257018
Tokyo,32.7,2025-08-26 10:59:22.257019
Paris,15.9,2026-01-07 10:59:22.257021
London,18.0,2025-09-15 10:59:22.257023
Sydney,28.3,2025-10-22 10:59:22.257025
Paris,11.6,2026-03-27 10:59:22.257027
London,30.1,2026-03-12 10:59:22.257029
Paris,28.0,2025-07-30 10:59:22.257031
London,32.0,2025-10-09 10:59:22.257033
Tokyo,19.2,2025-11-29 10:59:22.257034
London,10.5,2026-01-03 10:59:22.257036
Paris,21.2,2025-08-09 10:59:22.257038
Paris,20.4,2026-05-29 10:59:22.257040
New York,29.5,2025-07-10 10:59:22.257042
New York,12.1,2026-06-08 10:59:22.257044
London,14.1,2026-04-04 10:59:22.257045
Paris,25.9,2026-03-05 10:59:22.257047
Tokyo,16.6,2026-06-12 10:59:22.257049
London,14.5,2025-07-08 10:59:22.257051
London,17.2,2025-12-29 10:59:22.257053
Tokyo,11.7,2026-05-31 10:59:22.257054
Tokyo,15.9,2026-05-20 10:59:22.257056
Tokyo,28.2,2026-01-31 10:59:22.257058
New York,20.4,2026-03-12 10:59:22.257060
Sydney,17.1,2025-09-04 10:59:22.257062
Paris,31.5,2026-01-06 10:59:22.257063
Sydney,11.3,2026-05-25 10:59:22.257065
London,11.7,2025-08-14 10:59:22.257067
Sydney,18.9,2026-05-15 10:59:22.257069
London,13.0,2025-09-09 10:59:22.257071
New York,30.7,2025-08-11 10:59:22.257073
New York,17.1,2026-05-28 10:59:22.257075
London,21.8,2025-10-11 10:59:22.257077
New York,32.8,2026-01-14 10:59:22.257079
New York,33.8,2026-06-10 10:59:22.257081
London,25.8,2025-10-11 10:59:22.257090
Tokyo,31.3,2026-02-25 10:59:22.257092
Tokyo,11.2,2026-01-14 10:59:22.257094
Paris,29.8,2025-12-12 10:59:22.257096
Tokyo,18.8,2025-10-25 10:59:22.257098
Sydney,33.8,2026-03-08 10:59:22.257099
Sydney,28.0,2026-03-10 10:59:22.257101
Tokyo,27.4,2025-07-08 10:59:22.257103
Sydney,24.1,2026-03-14 10:59:22.257105
Paris,32.7,2026-02-13 10:59:22.257107
Sydney,30.3,2026-06-16 10:59:22.257109
Sydney,20.8,2025-07-29 10:59:22.257110
London,19.0,2025-10-15 10:59:22.257112
Paris,23.0,2025-09-18 10:59:22.257114
New York,10.7,2026-04-11 10:59:22.257116
Paris,15.4,2026-01-11 10:59:22.257117
New York,13.8,2025-11-27 10:59:22.257119
Sydney,14.3,2025-09-11 10:59:22.257121
Sydney,28.0,2025-12-06 10:59:22.257123
London,26.2,2025-10-16 10:59:22.257125
Tokyo,21.9,2026-05-10 10:59:22.257127
London,11.8,2026-04-24 10:59:22.257128
Sydney,18.2,2025-12-18 10:59:22.257130
Sydney,31.1,2026-02-16 10:59:22.257132
New York,11.8,2026-03-25 10:59:22.257134
Tokyo,22.9,2026-04-10 10:59:22.257136
London,30.7,2025-08-21 10:59:22.257138
Tokyo,14.9,2026-03-21 10:59:22.257139
Paris,33.4,2026-06-29 10:59:22.257141
Tokyo,34.0,2026-03-07 10:59:22.257143
New York,25.9,2025-11-16 10:59:22.257145
Sydney,24.6,2025-09-27 10:59:22.257147
Paris,30.6,2025-09-13 10:59:22.257149
London,24.8,2026-03-30 10:59:22.257151
Paris,29.8,2025-11-02 10:59:22.257152
London,32.5,2025-08-19 10:59:22.257154
Sydney,25.1,2025-07-15 10:59:22.257156
Tokyo,27.4,2026-03-24 10:59:22.257158
Paris,18.7,2025-08-23 10:59:22.257160
Tokyo,15.5,2026-01-14 10:59:22.257162
London,17.6,2025-11-18 10:59:22.257163
Tokyo,28.0,2026-06-27 10:59:22.257165
Paris,22.2,2025-11-15 10:59:22.257167
Tokyo,11.5,2026-02-08 10:59:22.257169
New York,15.5,2025-10-23 10:59:22.257170
Paris,24.7,2025-08-20 10:59:22.257172
London,24.8,2026-06-08 10:59:22.257174
New York,16.6,2025-10-27 10:59:22.257176
Paris,15.3,2025-12-07 10:59:22.257178
New York,16.0,2026-02-26 10:59:22.257179
London,23.7,2025-12-23 10:59:22.257181
Tokyo,10.9,2025-09-30 10:59:22.257183
London,31.9,2026-05-27 10:59:22.257185
Tokyo,24.3,2026-01-04 10:59:22.257187
New York,15.3,2025-10-30 10:59:22.257189
New York,24.3,2026-06-18 10:59:22.257190
New York,15.9,2025-07-11 10:59:22.257192
Tokyo,26.6,2025-08-16 10:59:22.257194
Paris,14.1,2025-09-23 10:59:22.257196
New York,13.5,2025-12-19 10:59:22.257198
Sydney,20.4,2026-05-11 10:59:22.257200
London,14.9,2025-10-24 10:59:22.257201
London,11.9,2025-10-28 10:59:22.257204
Tokyo,12.0,2026-03-31 10:59:22.257205
New York,21.3,2026-02-16 10:59:22.257207
Paris,27.8,2025-10-12 10:59:22.257209
New York,26.7,2025-11-01 10:59:22.257211
London,27.6,2025-08-14 10:59:22.257213
Tokyo,17.7,2026-03-09 10:59:22.257215
London,24.7,2026-01-31 10:59:22.257216
Tokyo,21.8,2026-05-07 10:59:22.257218
Paris,32.7,2026-03-24 10:59:22.257220
London,30.1,2025-11-23 10:59:22.257222
New York,31.4,2025-11-02 10:59:22.257224
Tokyo,30.5,2025-07-25 10:59:22.257226
Tokyo,17.5,2026-02-07 10:59:22.257228
Tokyo,16.0,2026-03-31 10:59:22.257230
Tokyo,22.0,2026-01-19 10:59:22.257231
Sydney,23.4,2026-03-19 10:59:22.257233
Tokyo,21.3,2025-07-10 10:59:22.257235
Tokyo,27.3,2026-06-12 10:59:22.257237
London,10.5,2026-06-18 10:59:22.257239
New York,22.0,2025-11-03 10:59:22.257240
Tokyo,10.3,2025-11-29 10:59:22.257242
London,26.5,2025-11-24 10:59:22.257244
Tokyo,19.0,2025-11-13 10:59:22.257246
Sydney,18.3,2026-06-02 10:59:22.257248
London,26.7,2025-07-28 10:59:22.257250
London,26.6,2026-01-22 10:59:22.257252
Sydney,25.3,2026-01-06 10:59:22.257254
London,15.9,2025-12-16 10:59:22.257255
London,14.2,2025-12-04 10:59:22.257257
London,19.1,2025-09-01 10:59:22.257259
Tokyo,12.9,2026-04-02 10:59:22.257261
London,16.0,2025-10-05 10:59:22.257263
Sydney,23.0,2026-06-04 10:59:22.257265
Tokyo,22.4,2026-02-06 10:59:22.257266
Sydney,19.3,2025-08-31 10:59:22.257268
New York,28.7,2026-05-12 10:59:22.257270
London,27.7,2026-06-19 10:59:22.257272
New York,26.3,2025-12-05 10:59:22.257274
Paris,19.7,2025-08-28 10:59:22.257276
Tokyo,13.7,2026-05-16 10:59:22.257278
Tokyo,13.4,2025-12-22 10:59:22.257279
Tokyo,24.1,2025-09-10 10:59:22.257281
Tokyo,26.5,2026-01-28 10:59:22.257283
Tokyo,27.5,2026-05-31 10:59:22.257285
Tokyo,16.9,2025-12-06 10:59:22.257287
Sydney,32.1,2026-06-28 10:59:22.257289
Sydney,23.6,2026-02-12 10:59:22.257291
London,35.0,2026-03-24 10:59:22.257292
Paris,34.4,2026-06-02 10:59:22.257294
London,12.8,2025-12-26 10:59:22.257296
New York,33.5,2026-05-16 10:59:22.257298
Paris,22.9,2025-11-22 10:59:22.257300
Sydney,16.4,2025-10-13 10:59:22.257302
Sydney,16.1,2026-05-17 10:59:22.257304
London,22.3,2026-03-17 10:59:22.257305
London,21.9,2026-05-03 10:59:22.257308
London,10.5,2026-04-29 10:59:22.257309
Tokyo,13.7,2025-11-15 10:59:22.257311
New York,30.1,2026-04-12 10:59:22.257313
Tokyo,25.6,2026-05-11 10:59:22.257315
Paris,32.8,2026-03-25 10:59:22.257317
Sydney,15.4,2025-07-17 10:59:22.257319
Paris,13.0,2025-08-28 10:59:22.257321
London,17.3,2025-08-02 10:59:22.257323
Tokyo,18.7,2026-01-13 10:59:22.257324
New York,32.6,2026-03-17 10:59:22.257326
Tokyo,25.2,2026-06-20 10:59:22.257328
Tokyo,22.1,2025-11-15 10:59:22.257330
London,18.2,2025-10-06 10:59:22.257332
New York,13.8,2025-09-23 10:59:22.257334
London,17.3,2025-11-22 10:59:22.257336
Paris,18.2,2025-12-06 10:59:22.257338
Paris,22.8,2025-07-11 10:59:22.257339
London,26.7,2026-03-25 10:59:22.257341
Tokyo,30.3,2025-12-13 10:59:22.257343
New York,15.7,2025-09-17 10:59:22.257345
Sydney,20.8,2026-02-21 10:59:22.257347
Sydney,27.1,2025-12-25 10:59:22.257349
Paris,16.7,2025-11-22 10:59:22.257351
New York,16.2,2026-05-10 10:59:22.257352
New York,31.3,2026-03-30 10:59:22.257354
London,15.6,2026-06-26 10:59:22.257356
Sydney,32.0,2025-08-12 10:59:22.257358
Tokyo,19.9,2025-09-28 10:59:22.257360
London,34.2,2025-12-24 10:59:22.257362
Paris,10.7,2026-01-11 10:59:22.257364
London,12.5,2026-04-19 10:59:22.257365
Tokyo,15.7,2026-06-13 10:59:22.257367
Paris,29.1,2025-08-04 10:59:22.257369
Paris,10.9,2026-04-24 10:59:22.257371
New York,15.1,2026-01-03 10:59:22.257373
Paris,21.5,2026-04-13 10:59:22.257375
London,19.5,2025-11-03 10:59:22.257377
London,33.9,2025-08-27 10:59:22.257379
London,13.7,2026-01-13 10:59:22.257382
Sydney,25.9,2025-10-23 10:59:22.257384
Paris,25.2,2025-08-06 10:59:22.257386
Paris,21.7,2026-06-15 10:59:22.257389
Sydney,21.0,2025-07-05 10:59:22.257391
London,10.2,2025-08-11 10:59:22.257393
London,18.2,2025-12-24 10:59:22.257395
Paris,18.6,2026-02-17 10:59:22.257398
London,30.2,2025-12-24 10:59:22.257400
London,17.2,2026-04-19 10:59:22.257402
New York,14.3,2026-04-02 10:59:22.257405
London,10.5,2026-06-24 10:59:22.257407
New York,16.1,2026-02-22 10:59:22.257408
New York,34.6,2025-07-06 10:59:22.257410
London,12.3,2025-08-10 10:59:22.257412
Tokyo,30.2,2025-07-13 10:59:22.257414
Tokyo,15.3,2025-08-05 10:59:22.257416
London,31.2,2025-12-26 10:59:22.257418
London,25.2,2025-08-13 10:59:22.257420
London,25.1,2026-05-23 10:59:22.257422
Tokyo,11.0,2025-12-08 10:59:22.257423
Paris,17.0,2025-08-24 10:59:22.257425
New York,13.3,2025-08-27 10:59:22.257427
Paris,13.5,2025-07-03 10:59:22.257429
Sydney,30.4,2025-10-21 10:59:22.257431
Tokyo,18.9,2026-03-04 10:59:22.257433
New York,19.2,2025-07-31 10:59:22.257434
Tokyo,12.4,2025-09-13 10:59:22.257436
Paris,11.6,2026-01-22 10:59:22.257438
Sydney,18.1,2026-01-04 10:59:22.257440
London,25.9,2025-08-06 10:59:22.257442
London,16.6,2025-09-07 10:59:22.257444
New York,32.1,2026-01-27 10:59:22.257446
Sydney,11.6,2026-03-21 10:59:22.257448
London,26.9,2026-06-20 10:59:22.257449
Sydney,31.3,2025-11-12 10:59:22.257451
Paris,31.9,2025-08-01 10:59:22.257453
London,19.5,2025-07-10 10:59:22.257455
London,15.0,2025-08-10 10:59:22.257457
London,19.4,2026-06-12 10:59:22.257458
Sydney,13.4,2025-12-22 10:59:22.257460
Tokyo,13.5,2025-07-24 10:59:22.257462
Sydney,11.1,2026-05-13 10:59:22.257464
New York,13.1,2025-12-05 10:59:22.257466
Paris,19.4,2025-12-04 10:59:22.257468
London,35.0,2026-05-29 10:59:22.257470
Tokyo,14.3,2026-05-24 10:59:22.257471
New York,10.1,2026-06-26 10:59:22.257473
London,29.8,2025-09-30 10:59:22.257482
New York,14.5,2026-04-08 10:59:22.257484
Paris,33.7,2026-06-26 10:59:22.257486
London,33.3,2025-12-02 10:59:22.257487
Paris,19.9,2026-01-27 10:59:22.257489
London,15.8,2025-10-27 10:59:22.257491
London,23.1,2026-01-20 10:59:22.257493
Paris,10.5,2026-06-21 10:59:22.257495
Tokyo,13.3,2025-10-27 10:59:22.257497
Tokyo,11.4,2025-09-02 10:59:22.257498
London,31.9,2026-05-10 10:59:22.257500
Sydney,34.8,2026-05-31 10:59:22.257502
Paris,30.8,2025-07-15 10:59:22.257504
London,17.0,2025-07-13 10:59:22.257506
London,10.3,2026-06-02 10:59:22.257507
London,33.5,2025-10-03 10:59:22.257509
London,21.0,2026-04-07 10:59:22.257511
New York,28.0,2026-06-13 10:59:22.257513
London,27.4,2025-10-14 10:59:22.257515
Sydney,17.3,2025-07-16 10:59:22.257517
London,31.5,2025-12-31 10:59:22.257519
London,12.2,2026-01-09 10:59:22.257520
London,28.3,2026-05-15 10:59:22.257522
New York,29.7,2025-11-15 10:59:22.257524
New York,13.2,2026-06-23 10:59:22.257526
Tokyo,18.0,2026-02-22 10:59:22.257528
Paris,26.2,2026-05-14 10:59:22.257529
London,27.0,2025-11-29 10:59:22.257531
Sydney,30.6,2026-01-09 10:59:22.257533
Paris,10.1,2025-09-29 10:59:22.257535
Tokyo,31.9,2025-11-14 10:59:22.257537
Tokyo,21.0,2025-09-25 10:59:22.257538
New York,27.7,2026-02-02 10:59:22.257540
Sydney,23.6,2026-05-18 10:59:22.257542
Sydney,24.8,2026-04-18 10:59:22.257544
New York,25.1,2025-11-09 10:59:22.257546
New York,23.3,2025-08-10 10:59:22.257548
Tokyo,15.2,2026-04-15 10:59:22.257550
Sydney,29.7,2026-01-10 10:59:22.257551
Tokyo,33.8,2025-08-26 10:59:22.257553
Sydney,10.3,2026-01-12 10:59:22.257555
London,34.3,2025-12-18 10:59:22.257557
Sydney,27.4,2025-10-10 10:59:22.257559
Tokyo,14.3,2025-08-22 10:59:22.257560
Paris,21.7,2026-06-10 10:59:22.257562
Sydney,14.0,2026-06-09 10:59:22.257564
Paris,17.8,2026-03-08 10:59:22.257566
London,28.4,2026-01-15 10:59:22.257568
London,17.5,2025-11-30 10:59:22.257570
Tokyo,29.6,2026-01-26 10:59:22.257571
Paris,15.7,2025-11-15 10:59:22.257573
Sydney,30.2,2025-12-18 10:59:22.257575
Sydney,26.9,2026-01-03 10:59:22.257577
Paris,21.2,2025-07-23 10:59:22.257579
Tokyo,20.2,2025-08-17 10:59:22.257580
Sydney,17.4,2025-08-21 10:59:22.257582
London,19.4,2026-05-14 10:59:22.257584
London,19.8,2026-04-18 10:59:22.257586
London,24.6,2026-04-22 10:59:22.257588
London,23.6,2026-06-10 10:59:22.257590
New York,31.4,2026-04-20 10:59:22.257591
Sydney,34.3,2025-10-18 10:59:22.257593
London,25.3,2026-02-17 10:59:22.257595
Paris,10.3,2026-05-30 10:59:22.257597
London,17.0,2026-04-05 10:59:22.257599
Paris,19.5,2025-10-22 10:59:22.257600
Tokyo,11.1,2026-05-25 10:59:22.257602
Tokyo,34.9,2025-08-20 10:59:22.257604
Sydney,26.2,2026-02-18 10:59:22.257606
London,32.3,2026-05-20 10:59:22.257608
Tokyo,13.3,2025-08-08 10:59:22.257609
London,19.9,2026-03-17 10:59:22.257611
London,29.5,2026-05-18 10:59:22.257613
Tokyo,20.2,2025-08-02 10:59:22.257615
Paris,17.3,2026-01-20 10:59:22.257617
London,29.0,2026-03-28 10:59:22.257618
London,28.7,2026-01-24 10:59:22.257620
New York,16.5,2026-06-20 10:59:22.257622
Paris,21.5,2026-03-16 10:59:22.257624
Paris,29.8,2025-08-01 10:59:22.257626
London,27.8,2025-10-29 10:59:22.257627
Tokyo,27.5,2026-05-25 10:59:22.257629
Paris,27.5,2026-01-22 10:59:22.257631
London,23.1,2026-06-25 10:59:22.257633
London,32.1,2025-10-31 10:59:22.257635
London,19.1,2025-07-18 10:59:22.257636
Tokyo,30.9,2025-10-23 10:59:22.257638
New York,16.4,2025-08-14 10:59:22.257640
Tokyo,26.2,2026-05-19 10:59:22.257642
Sydney,10.5,2025-07-18 10:59:22.257644
New York,23.4,2025-09-18 10:59:22.257646
Sydney,28.3,2026-02-06 10:59:22.257647
New York,20.5,2026-07-01 10:59:22.257649
Paris,25.2,2026-06-01 10:59:22.257651
Sydney,22.8,2026-03-28 10:59:22.257653
Sydney,33.3,2026-06-12 10:59:22.257655
Paris,27.7,2026-06-25 10:59:22.257657
New York,20.0,2026-03-31 10:59:22.257658
Paris,31.6,2026-04-17 10:59:22.257660
Tokyo,20.7,2026-03-02 10:59:22.257662
New York,18.0,2026-03-11 10:59:22.257664
Sydney,10.8,2025-12-03 10:59:22.257666
Tokyo,25.5,2025-11-06 10:59:22.257668
Sydney,25.6,2026-01-30 10:59:22.257669
Sydney,22.0,2026-04-04 10:59:22.257671
Paris,30.6,2026-03-05 10:59:22.257673
New York,28.2,2026-02-08 10:59:22.257675
Paris,13.4,2026-04-04 10:59:22.257677
Tokyo,16.1,2025-11-08 10:59:22.257679
Paris,11.3,2026-02-21 10:59:22.257681
Tokyo,21.8,2026-03-08 10:59:22.257682
Tokyo,18.4,2026-02-21 10:59:22.257684
Sydney,25.5,2025-12-18 10:59:22.257686
Paris,25.0,2026-02-04 10:59:22.257688
Paris,14.7,2026-06-17 10:59:22.257689
London,10.4,2026-05-13 10:59:22.257691
Paris,20.8,2025-09-19 10:59:22.257693
London,22.3,2026-06-19 10:59:22.257695
Tokyo,21.3,2026-06-19 10:59:22.257697
London,21.5,2025-12-16 10:59:22.257698
Tokyo,13.0,2026-02-10 10:59:22.257700
Paris,33.9,2025-11-02 10:59:22.257702
Sydney,11.0,2026-04-13 10:59:22.257704
London,23.4,2025-10-13 10:59:22.257706
London,20.5,2026-06-13 10:59:22.257708
Tokyo,21.2,2026-04-10 10:59:22.257709
New York,27.5,2026-01-16 10:59:22.257711
New York,14.0,2025-12-24 10:59:22.257713
London,33.4,2026-01-24 10:59:22.257715
Paris,29.9,2026-03-03 10:59:22.257717
New York,25.3,2026-02-06 10:59:22.257719
New York,10.2,2025-11-30 10:59:22.257721
New York,19.7,2026-04-03 10:59:22.257722
Paris,31.9,2026-01-03 10:59:22.257724
London,10.3,2026-02-25 10:59:22.257726
Tokyo,14.4,2025-12-29 10:59:22.257728
Paris,28.7,2026-06-09 10:59:22.257730
Paris,19.1,2026-06-11 10:59:22.257732
New York,13.5,2026-03-02 10:59:22.257733
Paris,20.8,2025-12-04 10:59:22.257735
Paris,19.9,2025-09-01 10:59:22.257737
New York,13.4,2026-06-11 10:59:22.257739
Tokyo,31.4,2025-07-22 10:59:22.257741
Tokyo,28.9,2025-08-02 10:59:22.257743
New York,21.2,2025-10-08 10:59:22.257744
Paris,32.1,2026-04-26 10:59:22.257746
New York,33.7,2026-04-03 10:59:22.257748
Paris,28.1,2025-10-15 10:59:22.257750
Tokyo,34.8,2026-04-17 10:59:22.257752
Sydney,23.3,2025-11-29 10:59:22.257754
London,29.9,2026-04-27 10:59:22.257756
Paris,26.8,2025-12-12 10:59:22.257757
Tokyo,34.1,2025-07-10 10:59:22.257759
Paris,26.0,2026-03-01 10:59:22.257761
New York,17.4,2025-10-06 10:59:22.257763
New York,33.7,2025-11-23 10:59:22.257765
New York,28.4,2025-07-23 10:59:22.257766
New York,10.6,2026-04-04 10:59:22.257768
Tokyo,30.3,2026-04-06 10:59:22.257771
London,22.7,2026-03-19 10:59:22.257772
New York,18.3,2026-01-25 10:59:22.257774
London,14.0,2025-07-13 10:59:22.257776
London,21.4,2025-10-09 10:59:22.257779
London,26.8,2025-08-29 10:59:22.257781
London,29.4,2026-05-31 10:59:22.257783
London,15.6,2026-03-10 10:59:22.257785
Tokyo,14.1,2026-05-04 10:59:22.257787
London,25.6,2025-07-06 10:59:22.257789
Tokyo,15.8,2026-02-10 10:59:22.257791
New York,13.3,2026-06-13 10:59:22.257793
London,24.7,2025-08-20 10:59:22.257795
London,13.9,2026-02-02 10:59:22.257797
New York,28.6,2026-07-02 10:59:22.257799
Paris,17.3,2026-05-21 10:59:22.257800
London,14.9,2025-08-09 10:59:22.257802
Paris,30.1,2025-09-18 10:59:22.257804
Sydney,30.3,2026-03-22 10:59:22.257806
Sydney,16.4,2025-12-26 10:59:22.257808
Paris,23.5,2026-01-09 10:59:22.257810
London,22.0,2025-10-08 10:59:22.257811
Paris,30.4,2025-09-01 10:59:22.257813
Sydney,31.9,2026-03-18 10:59:22.257815
Tokyo,23.6,2026-05-08 10:59:22.257817
New York,25.3,2026-03-28 10:59:22.257819
London,24.8,2025-09-04 10:59:22.257821
Sydney,13.2,2026-04-05 10:59:22.257822
Tokyo,29.9,2026-01-12 10:59:22.257824
London,23.6,2025-11-20 10:59:22.257826
London,31.7,2025-12-08 10:59:22.257828
Tokyo,22.1,2025-11-07 10:59:22.257829
Tokyo,25.0,2026-03-24 10:59:22.257831
Paris,34.8,2025-11-27 10:59:22.257833
Paris,23.2,2025-09-28 10:59:22.257835
Sydney,16.0,2025-12-11 10:59:22.257837
London,10.4,2025-11-01 10:59:22.257839
Sydney,21.7,2025-12-01 10:59:22.257841
London,33.0,2025-08-03 10:59:22.257842
Sydney,34.7,2026-06-16 10:59:22.257844
Sydney,31.1,2026-05-11 10:59:22.257846
London,10.7,2026-04-12 10:59:22.257848
Paris,25.9,2026-04-07 10:59:22.257850
Tokyo,16.1,2026-01-08 10:59:22.257851
Paris,10.3,2025-11-20 10:59:22.257853
Sydney,25.0,2025-11-03 10:59:22.257855
Tokyo,17.7,2026-05-22 10:59:22.257857
Paris,13.5,2025-10-24 10:59:22.257869
New York,29.5,2025-10-06 10:59:22.257871
Tokyo,11.1,2026-04-13 10:59:22.257873
Tokyo,13.1,2026-02-08 10:59:22.257875
Tokyo,20.7,2026-06-11 10:59:22.257877
New York,33.4,2026-04-23 10:59:22.257878
Sydney,31.4,2026-01-31 10:59:22.257880
London,33.5,2026-05-06 10:59:22.257882
Tokyo,21.8,2026-04-20 10:59:22.257884
London,26.1,2025-12-12 10:59:22.257886
London,15.0,2025-08-07 10:59:22.257888
New York,16.4,2026-06-26 10:59:22.257889
London,17.1,2025-11-17 10:59:22.257891
Tokyo,11.4,2025-12-28 10:59:22.257893
Tokyo,15.1,2025-12-25 10:59:22.257895
New York,11.8,2025-08-14 10:59:22.257897
New York,11.3,2026-03-22 10:59:22.257898
Tokyo,26.4,2026-06-22 10:59:22.257900
Sydney,23.5,2025-09-05 10:59:22.257902
Sydney,30.6,2026-05-10 10:59:22.257904
Paris,27.9,2025-09-11 10:59:22.257906
Paris,25.2,2026-03-24 10:59:22.257907
Sydney,14.0,2026-04-23 10:59:22.257909
Paris,21.4,2026-03-20 10:59:22.257911
London,12.6,2026-03-18 10:59:22.257913
New York,22.1,2026-05-06 10:59:22.257915
New York,23.6,2025-08-05 10:59:22.257916
Tokyo,15.7,2026-02-16 10:59:22.257918
London,10.6,2026-06-16 10:59:22.257920
Paris,16.6,2025-08-23 10:59:22.257922
Sydney,22.6,2026-04-17 10:59:22.257924
Tokyo,33.4,2026-05-20 10:59:22.257926
Tokyo,25.1,2025-12-19 10:59:22.257927
New York,27.4,2025-08-16 10:59:22.257929
Tokyo,21.4,2025-07-12 10:59:22.257931
Sydney,22.3,2025-08-08 10:59:22.257933
Paris,17.4,2025-12-16 10:59:22.257935
Paris,23.8,2025-07-12 10:59:22.257937
London,32.1,2026-05-19 10:59:22.257939
London,15.0,2025-12-22 10:59:22.257940
Tokyo,26.1,2026-04-13 10:59:22.257942
Sydney,15.4,2025-11-18 10:59:22.257944
Paris,14.1,2026-02-05 10:59:22.257946
Paris,26.7,2025-12-22 10:59:22.257948
Paris,29.8,2025-08-01 10:59:22.257949
Sydney,35.0,2025-08-18 10:59:22.257951
London,19.8,2025-12-25 10:59:22.257953
London,16.7,2025-12-07 10:59:22.257955
Paris,21.0,2025-10-14 10:59:22.257957
Sydney,14.6,2025-11-06 10:59:22.257958
Tokyo,11.2,2025-09-26 10:59:22.257960
London,27.6,2025-12-31 10:59:22.257962
Tokyo,32.0,2026-01-01 10:59:22.257964
New York,18.2,2026-02-16 10:59:22.257966
Sydney,23.6,2026-05-20 10:59:22.257968
Paris,25.4,2025-10-02 10:59:22.257969
Paris,15.0,2025-10-30 10:59:22.257971
Sydney,25.7,2026-05-18 10:59:22.257973
Paris,19.5,2025-10-16 10:59:22.257975
Tokyo,13.5,2025-08-04 10:59:22.257977
London,14.9,2025-07-25 10:59:22.257979
Tokyo,27.2,2026-03-30 10:59:22.257980
Paris,31.8,2025-12-14 10:59:22.257982
Sydney,23.4,2026-04-16 10:59:22.257984
New York,15.4,2025-07-14 10:59:22.257986
Paris,30.4,2026-06-17 10:59:22.257988
Paris,22.6,2025-12-09 10:59:22.257990
Paris,34.6,2026-03-02 10:59:22.257992
London,30.1,2025-07-19 10:59:22.257993
New York,30.6,2026-03-24 10:59:22.257995
Sydney,24.2,2026-05-13 10:59:22.257997
Paris,12.6,2026-04-25 10:59:22.257999
London,27.6,2026-06-30 10:59:22.258000
Paris,22.3,2026-05-08 10:59:22.258002
London,12.9,2025-10-28 10:59:22.258004
New York,35.0,2025-12-14 10:59:22.258006
Tokyo,16.6,2025-07-25 10:59:22.258008
Sydney,16.0,2025-10-14 10:59:22.258010
New York,33.4,2025-09-06 10:59:22.258011
Paris,28.6,2025-09-13 10:59:22.258014
New York,33.6,2025-09-28 10:59:22.258015
Paris,25.5,2026-04-29 10:59:22.258017
Paris,31.3,2025-08-20 10:59:22.258019
Tokyo,23.5,2026-03-17 10:59:22.258021
Tokyo,11.9,2025-08-15 10:59:22.258023
Sydney,31.5,2025-07-13 10:59:22.258024
New York,34.3,2026-03-23 10:59:22.258026
New York,10.1,2025-07-28 10:59:22.258028
Sydney,19.7,2026-06-03 10:59:22.258030
Tokyo,25.0,2025-10-14 10:59:22.258032
Paris,21.8,2026-01-05 10:59:22.258034
Paris,17.7,2025-12-26 10:59:22.258036
New York,11.6,2025-07-24 10:59:22.258038
Tokyo,15.9,2025-12-18 10:59:22.258039
Paris,22.4,2026-04-26 10:59:22.258041
London,32.3,2026-05-17 10:59:22.258043
Sydney,32.7,2025-10-11 10:59:22.258045
Tokyo,13.1,2025-11-20 10:59:22.258047
New York,13.9,2025-11-14 10:59:22.258048
Tokyo,24.6,2026-03-26 10:59:22.258051
Paris,26.7,2026-06-16 10:59:22.258052
Tokyo,20.2,2025-12-09 10:59:22.258054
Tokyo,30.4,2025-09-27 10:59:22.258056
Paris,27.9,2026-02-02 10:59:22.258058
New York,22.9,2025-12-16 10:59:22.258060
Paris,26.8,2025-09-09 10:59:22.258062
Tokyo,13.9,2026-04-26 10:59:22.258063
Tokyo,32.2,2025-08-07 10:59:22.258065
New York,10.7,2025-09-05 10:59:22.258067
London,33.5,2025-07-07 10:59:22.258069
Sydney,18.4,2025-10-22 10:59:22.258071
Tokyo,27.2,2026-01-04 10:59:22.258073
London,30.9,2025-09-14 10:59:22.258074
London,16.1,2026-02-24 10:59:22.258076
Tokyo,17.1,2026-04-10 10:59:22.258078
London,11.6,2026-06-20 10:59:22.258080
New York,21.2,2026-04-09 10:59:22.258082
Sydney,10.8,2026-06-14 10:59:22.258084
New York,10.9,2025-08-13 10:59:22.258085
Sydney,32.2,2026-05-25 10:59:22.258087
New York,27.4,2026-04-10 10:59:22.258089
Paris,27.8,2025-10-01 10:59:22.258091
New York,20.8,2025-08-20 10:59:22.258093
Sydney,10.6,2026-03-08 10:59:22.258094
Sydney,28.5,2026-05-06 10:59:22.258096
Tokyo,21.9,2025-09-10 10:59:22.258098
New York,22.6,2025-09-22 10:59:22.258100
Tokyo,16.9,2026-06-02 10:59:22.258102
Sydney,34.0,2026-01-26 10:59:22.258104
Paris,33.5,2025-12-13 10:59:22.258106
Sydney,32.4,2026-04-07 10:59:22.258107
Tokyo,34.4,2026-05-14 10:59:22.258109
Sydney,26.8,2025-12-29 10:59:22.258111
Sydney,12.0,2025-12-20 10:59:22.258113
Sydney,17.2,2025-12-04 10:59:22.258115
New York,14.5,2025-08-27 10:59:22.258117
London,20.2,2025-12-17 10:59:22.258119
New York,20.6,2026-01-05 10:59:22.258120
Tokyo,16.6,2025-10-21 10:59:22.258123
Tokyo,22.7,2025-07-11 10:59:22.258124
Tokyo,17.3,2026-01-14 10:59:22.258126
New York,16.7,2025-11-16 10:59:22.258128
London,16.7,2026-04-26 10:59:22.258130
London,12.6,2025-12-11 10:59:22.258132
Paris,29.7,2026-03-19 10:59:22.258134
Sydney,11.0,2026-03-31 10:59:22.258136
Sydney,16.7,2026-05-09 10:59:22.258149
Sydney,17.2,2026-04-10 10:59:22.258151
New York,31.9,2025-07-07 10:59:22.258153
Tokyo,16.3,2025-10-28 10:59:22.258155
Paris,23.7,2026-05-24 10:59:22.258157
Paris,15.8,2026-02-08 10:59:22.258159
Tokyo,16.0,2025-10-16 10:59:22.258160
Tokyo,31.9,2025-07-13 10:59:22.258162
Sydney,17.4,2026-01-23 10:59:22.258164
London,34.0,2026-04-10 10:59:22.258166
London,31.2,2026-06-20 10:59:22.258168
Tokyo,20.7,2025-07-12 10:59:22.258170
Tokyo,20.4,2026-06-26 10:59:22.258171
London,13.4,2026-04-23 10:59:22.258173
New York,17.3,2025-08-31 10:59:22.258175
New York,20.6,2025-09-01 10:59:22.258177
Sydney,31.5,2026-01-16 10:59:22.258179
Tokyo,20.1,2026-02-18 10:59:22.258181
New York,25.8,2026-01-19 10:59:22.258183
Tokyo,33.8,2025-10-13 10:59:22.258184
Sydney,28.9,2025-11-02 10:59:22.258186
London,33.7,2025-12-04 10:59:22.258188
Sydney,26.4,2025-11-15 10:59:22.258190
London,12.1,2026-02-13 10:59:22.258192
Sydney,34.6,2025-07-16 10:59:22.258194
Sydney,14.2,2025-09-01 10:59:22.258195
Sydney,15.5,2026-02-18 10:59:22.258198
Paris,28.7,2025-08-23 10:59:22.258205
Paris,17.5,2025-08-18 10:59:22.258207
Tokyo,28.3,2025-09-18 10:59:22.258209
Sydney,31.0,2025-08-06 10:59:22.258211
London,26.0,2025-11-22 10:59:22.258213
Tokyo,14.6,2026-02-19 10:59:22.258214
London,30.2,2026-01-23 10:59:22.258216
Paris,30.9,2026-06-21 10:59:22.258218
Tokyo,25.4,2026-06-15 10:59:22.258220
Sydney,17.2,2026-01-15 10:59:22.258222
New York,12.0,2026-03-25 10:59:22.258224
Paris,11.3,2025-07-17 10:59:22.258226
New York,25.2,2025-09-28 10:59:22.258228
Tokyo,33.6,2025-10-04 10:59:22.258229
London,21.8,2025-12-03 10:59:22.258231
Sydney,17.4,2026-05-25 10:59:22.258233
New York,26.0,2026-01-04 10:59:22.258235
New York,25.1,2025-09-28 10:59:22.258237
Sydney,18.4,2026-01-20 10:59:22.258239
London,17.6,2025-10-07 10:59:22.258240
London,30.4,2025-09-10 10:59:22.258242
Tokyo,27.2,2026-06-15 10:59:22.258244
London,14.6,2025-09-11 10:59:22.258246
Paris,23.2,2026-05-03 10:59:22.258248
London,31.0,2026-05-09 10:59:22.258250
New York,14.1,2025-07-31 10:59:22.258251
Tokyo,17.9,2025-10-31 10:59:22.258253
New York,34.0,2025-07-29 10:59:22.258255
Tokyo,25.3,2025-07-15 10:59:22.258257
Paris,32.0,2025-07-28 10:59:22.258259
Paris,26.4,2025-09-17 10:59:22.258261
Paris,25.4,2025-08-13 10:59:22.258263
Tokyo,11.6,2026-01-17 10:59:22.258272
Sydney,23.2,2026-06-16 10:59:22.258274
New York,31.0,2026-04-21 10:59:22.258276
Paris,11.3,2026-02-01 10:59:22.258278
London,24.3,2025-12-27 10:59:22.258279
London,26.5,2025-08-23 10:59:22.258281
Tokyo,18.1,2025-12-15 10:59:22.258283
London,28.0,2025-07-16 10:59:22.258285
Sydney,19.7,2025-10-13 10:59:22.258287
Sydney,25.9,2026-02-13 10:59:22.258289
Tokyo,27.7,2025-10-15 10:59:22.258290
Tokyo,32.3,2025-08-24 10:59:22.258292
New York,23.3,2025-08-24 10:59:22.258294
London,17.0,2026-05-04 10:59:22.258296
New York,11.6,2025-07-12 10:59:22.258298
Tokyo,28.9,2026-04-30 10:59:22.258300
London,21.0,2026-05-08 10:59:22.258302
New York,23.6,2025-12-20 10:59:22.258304
Paris,17.8,2025-07-16 10:59:22.258306
Sydney,26.6,2025-11-01 10:59:22.258307
Paris,20.5,2025-12-23 10:59:22.258309
Sydney,26.1,2025-11-01 10:59:22.258311
Sydney,28.8,2026-01-03 10:59:22.258313
Tokyo,21.5,2026-05-11 10:59:22.258315
Paris,14.4,2026-05-23 10:59:22.258317
New York,33.7,2025-07-30 10:59:22.258319
London,25.6,2025-07-26 10:59:22.258321
Paris,24.4,2025-11-27 10:59:22.258323
Tokyo,15.2,2025-09-13 10:59:22.258325
Tokyo,11.3,2026-01-08 10:59:22.258327
New York,15.7,2025-10-27 10:59:22.258329
Tokyo,28.5,2026-05-22 10:59:22.258331
Sydney,17.9,2025-11-05 10:59:22.258332
Tokyo,19.7,2026-04-25 10:59:22.258335
Paris,27.3,2025-10-08 10:59:22.258336
London,20.0,2025-09-17 10:59:22.258338
Paris,18.9,2025-08-04 10:59:22.258340
Paris,22.3,2026-05-20 10:59:22.258342
London,31.3,2026-05-26 10:59:22.258344
London,30.6,2026-03-20 10:59:22.258346
Tokyo,17.4,2025-09-21 10:59:22.258348
New York,29.6,2026-01-24 10:59:22.258349
Paris,28.6,2025-12-19 10:59:22.258352
London,21.2,2026-03-07 10:59:22.258353
Sydney,22.0,2025-08-11 10:59:22.258355
Tokyo,18.7,2025-11-06 10:59:22.258357
Sydney,34.5,2026-03-13 10:59:22.258359
Sydney,20.6,2025-11-21 10:59:22.258361
Sydney,18.9,2025-08-13 10:59:22.258363
New York,24.7,2025-10-15 10:59:22.258365
Paris,27.5,2026-03-15 10:59:22.258366
New York,28.7,2026-01-22 10:59:22.258368
Tokyo,17.0,2026-03-23 10:59:22.258370
Sydney,19.5,2025-11-10 10:59:22.258372
Tokyo,32.4,2026-02-08 10:59:22.258374
New York,19.4,2026-02-06 10:59:22.258376
New York,26.3,2025-11-17 10:59:22.258378
London,21.3,2025-11-19 10:59:22.258380
Paris,16.3,2025-10-17 10:59:22.258382
Tokyo,30.0,2026-04-18 10:59:22.258384
Sydney,33.1,2026-05-19 10:59:22.258386
London,33.1,2025-09-18 10:59:22.258387
Sydney,17.9,2025-08-03 10:59:22.258389
Paris,15.7,2025-11-11 10:59:22.258391
Tokyo,12.3,2026-06-23 10:59:22.258393
Sydney,14.7,2026-06-01 10:59:22.258395
Paris,24.2,2025-08-30 10:59:22.258397
New York,23.5,2026-05-09 10:59:22.258399
Tokyo,25.0,2026-05-30 10:59:22.258401
Paris,16.5,2026-05-10 10:59:22.258403
London,23.1,2026-02-17 10:59:22.258405
New York,28.2,2026-05-08 10:59:22.258407
New York,18.7,2025-08-01 10:59:22.258408
London,23.0,2026-03-13 10:59:22.258410
London,15.0,2025-08-15 10:59:22.258412
New York,32.6,2025-11-13 10:59:22.258414
London,13.0,2026-04-27 10:59:22.258416
New York,30.4,2025-07-18 10:59:22.258417
Tokyo,21.4,2026-06-08 10:59:22.258419
Tokyo,34.7,2025-11-07 10:59:22.258421
New York,18.3,2025-09-27 10:59:22.258423
Sydney,21.9,2026-07-01 10:59:22.258425
Sydney,29.7,2025-09-23 10:59:22.258427
New York,14.5,2026-04-02 10:59:22.258429
New York,15.6,2026-04-07 10:59:22.258430
London,23.1,2026-05-21 10:59:22.258432
London,30.7,2026-01-27 10:59:22.258434
Paris,14.9,2026-06-08 10:59:22.258436
London,15.6,2025-07-30 10:59:22.258438
Tokyo,33.3,2025-12-04 10:59:22.258440
Paris,26.5,2025-07-25 10:59:22.258442
London,15.4,2026-04-03 10:59:22.258443
Paris,25.1,2026-01-02 10:59:22.258445
London,34.5,2026-03-10 10:59:22.258447
London,23.6,2026-03-30 10:59:22.258449
Paris,26.5,2025-10-24 10:59:22.258451
Tokyo,33.8,2025-10-10 10:59:22.258453
New York,26.4,2026-01-05 10:59:22.258455
Tokyo,25.2,2026-04-28 10:59:22.258456
New York,29.1,2026-06-19 10:59:22.258458
Paris,31.4,2025-11-07 10:59:22.258460
London,16.5,2026-02-13 10:59:22.258462
Sydney,22.7,2026-07-02 10:59:22.258464
New York,28.0,2026-05-03 10:59:22.258465
Paris,30.2,2025-11-07 10:59:22.258467
Paris,20.0,2026-05-28 10:59:22.258469
Sydney,19.2,2026-02-16 10:59:22.258471
London,29.9,2026-05-21 10:59:22.258473
Paris,32.9,2025-07-05 10:59:22.258475
London,16.8,2026-04-30 10:59:22.258476
Sydney,11.9,2026-01-25 10:59:22.258478
Paris,13.2,2026-02-10 10:59:22.258480
Sydney,32.8,2025-11-04 10:59:22.258482
London,33.8,2025-09-13 10:59:22.258484
New York,31.8,2026-02-17 10:59:22.258486
New York,31.3,2026-02-06 10:59:22.258488
London,29.9,2026-03-31 10:59:22.258489
Tokyo,21.1,2026-02-27 10:59:22.258491
London,21.9,2026-04-13 10:59:22.258493
Sydney,14.4,2025-07-07 10:59:22.258495
Paris,16.6,2025-10-25 10:59:22.258497
New York,22.5,2026-06-22 10:59:22.258499
Paris,33.2,2026-05-19 10:59:22.258501
Paris,29.5,2025-11-01 10:59:22.258502
New York,31.6,2025-08-29 10:59:22.258504
Tokyo,16.9,2025-11-27 10:59:22.258506
Tokyo,14.1,2025-11-07 10:59:22.258508
Paris,26.8,2025-08-28 10:59:22.258510
New York,28.0,2025-11-21 10:59:22.258512
Sydney,14.7,2026-05-12 10:59:22.258514
New York,28.2,2026-04-14 10:59:22.258515
Tokyo,16.1,2026-04-11 10:59:22.258517
New York,10.2,2026-01-16 10:59:22.258519
Paris,12.7,2025-07-18 10:59:22.258521
Paris,15.3,2026-06-28 10:59:22.258523
London,26.8,2025-08-01 10:59:22.258525
London,13.5,2025-07-30 10:59:22.258527
Sydney,30.5,2025-12-27 10:59:22.258529
London,27.0,2025-09-19 10:59:22.258530
London,13.1,2026-06-03 10:59:22.258532
London,21.9,2025-11-06 10:59:22.258534
Paris,18.8,2025-10-18 10:59:22.258536
Sydney,16.5,2026-01-23 10:59:22.258538
Sydney,25.0,2025-11-29 10:59:22.258539
Tokyo,20.3,2026-06-10 10:59:22.258541
Tokyo,30.0,2025-11-15 10:59:22.258543
Paris,21.5,2025-07-23 10:59:22.258545
Tokyo,29.0,2025-12-11 10:59:22.258547
London,26.4,2026-05-09 10:59:22.258548
Paris,23.7,2025-12-04 10:59:22.258550
Sydney,24.9,2026-05-14 10:59:22.258552
Tokyo,22.9,2025-08-15 10:59:22.258554
London,14.2,2026-02-02 10:59:22.258556
Paris,27.6,2025-11-23 10:59:22.258558
Sydney,21.4,2026-06-21 10:59:22.258560
New York,12.4,2025-09-20 10:59:22.258562
Paris,33.1,2025-09-11 10:59:22.258563
London,20.8,2026-06-17 10:59:22.258565
Sydney,20.7,2025-07-18 10:59:22.258567
Tokyo,24.7,2026-03-27 10:59:22.258569
London,33.5,2026-05-08 10:59:22.258571
Sydney,13.5,2026-01-22 10:59:22.258573
London,18.6,2026-05-24 10:59:22.258574
Tokyo,31.4,2025-10-10 10:59:22.258576
Paris,22.0,2026-05-01 10:59:22.258578
New York,27.3,2025-07-23 10:59:22.258580
London,24.5,2025-10-19 10:59:22.258582
London,25.1,2025-08-08 10:59:22.258584
Tokyo,30.7,2026-06-04 10:59:22.258586
Tokyo,27.4,2026-05-30 10:59:22.258587
Sydney,27.8,2026-06-09 10:59:22.258589
London,15.8,2026-06-17 10:59:22.258591
Tokyo,33.5,2025-11-25 10:59:22.258593
Tokyo,15.7,2026-01-31 10:59:22.258595
Paris,33.3,2026-04-26 10:59:22.258597
New York,29.2,2026-02-07 10:59:22.258598
Tokyo,34.9,2025-08-16 10:59:22.258600
Sydney,14.4,2025-11-08 10:59:22.258602
Tokyo,12.2,2025-10-05 10:59:22.258604
London,32.5,2026-02-27 10:59:22.258606
London,23.3,2025-08-06 10:59:22.258608
Sydney,16.5,2025-10-24 10:59:22.258610
Tokyo,24.2,2025-12-01 10:59:22.258612
Tokyo,13.3,2025-07-21 10:59:22.258613
Paris,11.7,2026-04-10 10:59:22.258615
London,26.1,2026-03-25 10:59:22.258617
Sydney,27.8,2025-10-25 10:59:22.258619
Tokyo,22.6,2025-11-01 10:59:22.258621
Paris,16.4,2026-06-19 10:59:22.258622
Tokyo,20.1,2026-06-23 10:59:22.258624
Tokyo,24.0,2026-05-11 10:59:22.258626
Tokyo,18.5,2025-11-23 10:59:22.258628
New York,13.0,2026-06-22 10:59:22.258630
Paris,13.5,2025-10-03 10:59:22.258631
Sydney,26.3,2025-08-17 10:59:22.258633
New York,12.6,2026-02-13 10:59:22.258635
Paris,28.6,2025-11-14 10:59:22.258637
London,14.8,2025-07-21 10:59:22.258639
Tokyo,34.5,2026-06-12 10:59:22.258641
London,28.9,2026-01-12 10:59:22.258642
Tokyo,15.6,2025-07-27 10:59:22.258644
New York,11.5,2025-12-08 10:59:22.258646
Paris,25.6,2026-04-20 10:59:22.258648
New York,16.9,2025-11-22 10:59:22.258650
Paris,13.1,2025-07-30 10:59:22.258651
Sydney,15.7,2025-07-18 10:59:22.258661
New York,18.9,2026-03-17 10:59:22.258664
London,10.6,2026-04-24 10:59:22.258666
Paris,25.8,2026-06-19 10:59:22.258667
Tokyo,14.5,2026-03-28 10:59:22.258669
New York,16.8,2025-07-30 10:59:22.258671
Paris,27.8,2026-06-19 10:59:22.258673
New York,25.1,2025-09-10 10:59:22.258675
London,34.6,2025-08-20 10:59:22.258677
London,33.8,2025-07-15 10:59:22.258678
Paris,15.4,2025-12-27 10:59:22.258680
London,21.8,2025-12-03 10:59:22.258682
New York,34.5,2026-03-14 10:59:22.258684
Sydney,27.1,2026-03-06 10:59:22.258686
Paris,26.5,2026-05-21 10:59:22.258688
Tokyo,28.5,2025-07-29 10:59:22.258689
Tokyo,25.2,2026-03-10 10:59:22.258691
Paris,33.2,2025-12-22 10:59:22.258693
Tokyo,23.5,2026-05-29 10:59:22.258695
Tokyo,32.8,2025-12-07 10:59:22.258697
Tokyo,18.0,2026-03-25 10:59:22.258699
London,21.0,2025-10-29 10:59:22.258700
London,25.6,2025-12-29 10:59:22.258702
Paris,27.1,2025-12-28 10:59:22.258704
Sydney,30.4,2026-03-12 10:59:22.258706
Paris,27.9,2025-12-25 10:59:22.258708
Paris,27.3,2026-03-06 10:59:22.258709
London,30.8,2026-05-15 10:59:22.258711
New York,22.2,2025-10-10 10:59:22.258713
New York,21.3,2025-07-31 10:59:22.258715
Tokyo,23.8,2026-04-17 10:59:22.258717
London,22.6,2025-08-07 10:59:22.258718
New York,25.1,2025-11-14 10:59:22.258720
Sydney,19.6,2025-10-30 10:59:22.258722
Sydney,19.4,2026-01-25 10:59:22.258724
Tokyo,17.9,2025-12-11 10:59:22.258726
Sydney,12.0,2026-01-27 10:59:22.258728
Paris,33.5,2026-02-28 10:59:22.258730
London,17.8,2026-06-19 10:59:22.258731
Sydney,32.5,2026-05-05 10:59:22.258733
New York,29.5,2025-09-15 10:59:22.258735
London,26.1,2026-06-14 10:59:22.258737
Sydney,15.5,2025-07-18 10:59:22.258739
New York,17.6,2025-10-17 10:59:22.258740
Sydney,29.8,2026-06-01 10:59:22.258742
Tokyo,12.7,2026-05-06 10:59:22.258744
Paris,17.0,2026-01-26 10:59:22.258746
London,25.8,2025-10-24 10:59:22.258748
Tokyo,29.0,2025-09-20 10:59:22.258749
Sydney,33.0,2025-11-04 10:59:22.258751
New York,11.9,2025-09-05 10:59:22.258753
Tokyo,17.0,2025-09-14 10:59:22.258755
Tokyo,20.2,2025-09-05 10:59:22.258757
Tokyo,11.5,2026-05-25 10:59:22.258758
Paris,24.8,2026-01-04 10:59:22.258760
Paris,11.3,2025-12-24 10:59:22.258762
Tokyo,11.0,2026-04-05 10:59:22.258764
London,15.3,2026-01-12 10:59:22.258766
London,28.8,2026-05-24 10:59:22.258767
Tokyo,13.3,2025-08-04 10:59:22.258769
New York,20.6,2026-07-02 10:59:22.258771
Tokyo,10.2,2025-11-30 10:59:22.258773
London,25.4,2026-01-27 10:59:22.258775
New York,27.2,2025-11-20 10:59:22.258777
New York,21.9,2026-04-24 10:59:22.258779
Sydney,19.2,2026-01-14 10:59:22.258780
Tokyo,24.9,2025-11-23 10:59:22.258782
Sydney,33.3,2026-03-09 10:59:22.258784
London,29.1,2025-07-28 10:59:22.258786
Paris,27.2,2026-06-15 10:59:22.258787
Tokyo,13.1,2025-11-03 10:59:22.258789
Sydney,10.0,2026-05-31 10:59:22.258791
New York,29.8,2025-12-24 10:59:22.258793
Paris,25.6,2025-08-15 10:59:22.258795
Sydney,25.0,2025-07-28 10:59:22.258797
London,10.3,2026-06-15 10:59:22.258798
Paris,13.1,2025-09-15 10:59:22.258800
London,15.7,2025-08-06 10:59:22.258802
Sydney,14.7,2026-04-17 10:59:22.258804
New York,18.1,2025-10-07 10:59:22.258806
New York,19.4,2025-07-19 10:59:22.258808
New York,15.4,2025-07-12 10:59:22.258809
Sydney,30.8,2026-05-01 10:59:22.258811
Paris,20.5,2026-04-20 10:59:22.258813
London,17.8,2026-03-25 10:59:22.258815
Tokyo,31.6,2025-08-28 10:59:22.258817
Sydney,23.6,2026-03-06 10:59:22.258819
Sydney,10.2,2026-03-19 10:59:22.258820
Sydney,20.9,2025-10-09 10:59:22.258822
New York,24.2,2025-08-24 10:59:22.258824
New York,18.0,2025-11-24 10:59:22.258826
London,23.8,2026-03-26 10:59:22.258828
London,22.3,2025-07-16 10:59:22.258830
Paris,13.5,2026-02-03 10:59:22.258832
New York,20.3,2025-09-04 10:59:22.258833
London,10.2,2026-05-11 10:59:22.258835
New York,16.6,2025-08-28 10:59:22.258837
Tokyo,12.9,2025-08-22 10:59:22.258839
Tokyo,10.3,2025-12-03 10:59:22.258841
Tokyo,27.3,2026-01-21 10:59:22.258843
Tokyo,18.0,2025-07-10 10:59:22.258845
Paris,15.9,2025-10-02 10:59:22.258847
Tokyo,14.3,2026-02-04 10:59:22.258848
Tokyo,22.2,2026-02-27 10:59:22.258850
Sydney,28.8,2025-12-06 10:59:22.258852
New York,19.3,2026-04-06 10:59:22.258854
London,20.9,2025-08-11 10:59:22.258856
London,32.0,2026-04-06 10:59:22.258857
London,12.1,2026-04-30 10:59:22.258859
Tokyo,23.6,2025-09-23 10:59:22.258861
London,15.7,2025-10-01 10:59:22.258863
Tokyo,19.4,2026-05-22 10:59:22.258865
Paris,15.3,2026-04-08 10:59:22.258867
London,32.1,2026-01-16 10:59:22.258869
Sydney,13.8,2026-03-17 10:59:22.258870
Tokyo,14.3,2025-11-24 10:59:22.258872
Paris,22.7,2026-05-30 10:59:22.258874
Paris,28.0,2025-11-09 10:59:22.258876
London,18.0,2026-02-11 10:59:22.258878
New York,26.4,2026-02-23 10:59:22.258880
Paris,30.1,2025-12-26 10:59:22.258881
London,20.6,2025-11-01 10:59:22.258883
New York,22.5,2025-07-25 10:59:22.258885
London,33.8,2025-07-30 10:59:22.258887
Sydney,22.7,2025-11-23 10:59:22.258889
London,26.5,2026-02-22 10:59:22.258891
Paris,26.6,2026-06-02 10:59:22.258893
New York,30.5,2025-11-23 10:59:22.258894
Paris,20.7,2026-03-03 10:59:22.258896
Paris,21.5,2026-03-31 10:59:22.258898
Sydney,32.5,2025-07-26 10:59:22.258900
Tokyo,33.8,2025-12-04 10:59:22.258902
Paris,28.2,2025-12-10 10:59:22.258903
London,10.7,2026-02-06 10:59:22.258905
Paris,21.8,2025-12-22 10:59:22.258907
Paris,22.6,2025-08-22 10:59:22.258909
Tokyo,11.6,2026-02-14 10:59:22.258911
Tokyo,21.0,2025-08-15 10:59:22.258912
Tokyo,28.7,2026-04-20 10:59:22.258914
Tokyo,14.7,2025-08-15 10:59:22.258916
Sydney,23.8,2026-03-28 10:59:22.258918
Sydney,21.8,2025-10-23 10:59:22.258920
Tokyo,31.5,2025-10-31 10:59:22.258922
Paris,17.7,2026-04-20 10:59:22.258923
Tokyo,27.7,2026-03-29 10:59:22.258925
Sydney,13.9,2025-08-11 10:59:22.258927
New York,19.0,2026-06-07 10:59:22.258929
New York,21.4,2025-10-25 10:59:22.258931
London,17.0,2026-04-13 10:59:22.258932
Tokyo,14.4,2026-01-23 10:59:22.258934
Paris,16.1,2025-08-19 10:59:22.258936
Paris,34.2,2025-07-14 10:59:22.258938
Tokyo,28.6,2026-05-19 10:59:22.258940
Paris,28.0,2025-08-02 10:59:22.258941
New York,26.3,2025-12-19 10:59:22.258943
Tokyo,13.2,2025-11-12 10:59:22.258945
Tokyo,25.6,2026-06-13 10:59:22.258947
New York,18.4,2026-03-17 10:59:22.258948
London,28.6,2025-12-19 10:59:22.258950
Sydney,17.3,2026-06-27 10:59:22.258952
London,30.7,2025-10-26 10:59:22.258954
Paris,28.6,2026-06-20 10:59:22.258956
New York,21.4,2026-06-05 10:59:22.258958
New York,23.1,2025-11-21 10:59:22.258959
London,33.3,2025-12-21 10:59:22.258961
Paris,25.7,2026-05-14 10:59:22.258963
New York,19.6,2026-03-21 10:59:22.258965
Sydney,22.9,2025-10-03 10:59:22.258967
New York,13.1,2026-01-23 10:59:22.258969
Paris,24.4,2025-11-29 10:59:22.258971
Paris,28.9,2026-04-06 10:59:22.258972
London,34.5,2025-12-02 10:59:22.258974
Tokyo,10.6,2025-08-12 10:59:22.258976
London,10.7,2026-03-16 10:59:22.258978
New York,19.3,2025-09-15 10:59:22.258980
Paris,26.7,2025-08-03 10:59:22.258981
London,29.2,2025-12-25 10:59:22.258983
London,25.2,2025-09-21 10:59:22.258985
New York,17.7,2026-04-19 10:59:22.258987
Sydney,33.4,2026-05-05 10:59:22.258989
Sydney,30.5,2026-02-27 10:59:22.258991
London,14.1,2025-07-19 10:59:22.258992
Tokyo,16.7,2026-01-20 10:59:22.258994
New York,12.4,2025-09-21 10:59:22.258996
London,12.2,2025-08-20 10:59:22.258998
Paris,11.9,2025-12-23 10:59:22.259000
Sydney,17.1,2025-09-29 10:59:22.259002
Tokyo,21.4,2025-09-07 10:59:22.259003
Tokyo,13.7,2025-10-01 10:59:22.259005
Sydney,21.6,2025-12-28 10:59:22.259007
New York,16.4,2025-09-05 10:59:22.259009
London,12.8,2025-07-19 10:59:22.259011
Tokyo,11.5,2025-11-18 10:59:22.259013
London,17.2,2026-05-07 10:59:22.259014
London,22.1,2026-02-08 10:59:22.259016
London,14.1,2026-03-03 10:59:22.259018
Sydney,27.7,2026-06-10 10:59:22.259020
Tokyo,25.2,2025-07-15 10:59:22.259022
London,23.2,2026-03-29 10:59:22.259023
London,16.5,2026-06-25 10:59:22.259025
Paris,14.6,2026-04-09 10:59:22.259027
Paris,17.1,2025-09-06 10:59:22.259029
Paris,11.0,2026-02-14 10:59:22.259031
New York,28.7,2026-01-30 10:59:22.259033
New York,18.3,2026-03-01 10:59:22.259035
Sydney,20.6,2025-09-12 10:59:22.259043
Tokyo,32.3,2026-03-23 10:59:22.259045
New York,13.4,2026-04-08 10:59:22.259047
Sydney,11.9,2026-04-29 10:59:22.259049
Paris,28.4,2026-05-13 10:59:22.259051
New York,23.9,2025-09-26 10:59:22.259052
London,29.5,2026-05-26 10:59:22.259054
Paris,24.5,2025-09-24 10:59:22.259056
Sydney,30.3,2025-09-15 10:59:22.259058
Paris,28.9,2025-07-05 10:59:22.259060
Paris,25.0,2025-11-02 10:59:22.259062
London,31.6,2025-09-27 10:59:22.259064
Tokyo,30.9,2026-04-18 10:59:22.259065
London,12.5,2025-12-30 10:59:22.259067
Sydney,17.5,2026-06-30 10:59:22.259069
Sydney,34.4,2026-05-21 10:59:22.259071
New York,10.9,2025-07-21 10:59:22.259073
New York,26.4,2025-12-11 10:59:22.259074
Tokyo,22.7,2026-03-10 10:59:22.259076
Paris,14.8,2026-04-20 10:59:22.259078
Tokyo,33.2,2025-07-06 10:59:22.259080
Tokyo,29.5,2025-10-29 10:59:22.259082
New York,13.5,2026-05-01 10:59:22.259083
New York,24.7,2026-04-11 10:59:22.259085
London,20.0,2025-10-30 10:59:22.259087
Tokyo,33.1,2026-04-28 10:59:22.259089
New York,23.3,2026-05-13 10:59:22.259091
Tokyo,18.7,2025-12-19 10:59:22.259093
London,20.9,2025-12-31 10:59:22.259094
Sydney,16.8,2025-11-06 10:59:22.259096
Sydney,33.9,2026-01-28 10:59:22.259098
Sydney,11.5,2025-10-10 10:59:22.259100
Sydney,13.0,2026-03-30 10:59:22.259102
New York,14.7,2026-06-28 10:59:22.259103
Paris,11.1,2026-05-26 10:59:22.259105
Sydney,23.1,2025-12-25 10:59:22.259107
Paris,22.3,2025-11-25 10:59:22.259109
Tokyo,18.9,2026-05-04 10:59:22.259111
Tokyo,22.8,2025-09-15 10:59:22.259112
Tokyo,33.7,2026-02-07 10:59:22.259114
Tokyo,34.7,2025-12-21 10:59:22.259116
London,19.4,2026-04-18 10:59:22.259118
London,26.6,2026-01-03 10:59:22.259120
Sydney,23.7,2026-03-27 10:59:22.259121
Tokyo,19.2,2025-09-06 10:59:22.259123
Sydney,31.8,2026-03-10 10:59:22.259125
London,12.0,2026-06-15 10:59:22.259127
Paris,35.0,2025-08-03 10:59:22.259129
Sydney,21.2,2025-12-18 10:59:22.259130
London,12.9,2026-02-24 10:59:22.259132
Sydney,28.7,2026-02-04 10:59:22.259134
New York,27.3,2025-10-24 10:59:22.259136
Tokyo,17.4,2026-05-01 10:59:22.259138
Paris,14.1,2025-08-14 10:59:22.259139
New York,20.2,2026-02-09 10:59:22.259141
Tokyo,21.2,2025-11-10 10:59:22.259143
New York,15.1,2026-01-21 10:59:22.259145
London,30.2,2025-07-05 10:59:22.259147
New York,32.4,2026-03-16 10:59:22.259149
Tokyo,28.8,2025-10-23 10:59:22.259150
Tokyo,33.7,2026-04-12 10:59:22.259152
Sydney,14.4,2026-02-14 10:59:22.259154
Paris,16.4,2026-01-06 10:59:22.259156
Sydney,18.8,2025-09-02 10:59:22.259157
Sydney,12.4,2025-07-07 10:59:22.259159
Paris,11.4,2025-08-02 10:59:22.259161
New York,28.6,2026-04-13 10:59:22.259163
Sydney,13.1,2025-08-20 10:59:22.259165
Sydney,33.5,2026-05-21 10:59:22.259167
Sydney,32.2,2026-06-18 10:59:22.259169
Tokyo,22.6,2026-01-09 10:59:22.259171
Sydney,26.5,2025-11-07 10:59:22.259172
Tokyo,20.2,2025-11-13 10:59:22.259174
Sydney,13.3,2025-12-14 10:59:22.259176
Paris,25.1,2026-03-04 10:59:22.259178
Sydney,14.7,2026-04-14 10:59:22.259180
New York,25.7,2025-07-07 10:59:22.259182
New York,10.6,2025-09-03 10:59:22.259184
New York,14.2,2025-08-01 10:59:22.259186
Tokyo,34.4,2025-09-12 10:59:22.259187
New York,26.4,2026-06-10 10:59:22.259189
Sydney,10.1,2026-04-15 10:59:22.259191
Tokyo,32.3,2026-03-28 10:59:22.259193
London,22.1,2025-07-15 10:59:22.259194
New York,12.7,2025-10-01 10:59:22.259196
New York,13.8,2026-04-30 10:59:22.259198
New York,28.2,2026-04-20 10:59:22.259200
New York,16.8,2025-07-31 10:59:22.259201
Sydney,30.8,2026-05-02 10:59:22.259203
London,24.9,2025-11-08 10:59:22.259205
New York,30.5,2025-09-08 10:59:22.259207
Tokyo,19.6,2025-12-03 10:59:22.259209
Tokyo,10.6,2025-08-28 10:59:22.259211
Tokyo,17.1,2026-03-12 10:59:22.259212
Paris,25.9,2025-08-26 10:59:22.259214
New York,12.7,2026-03-29 10:59:22.259216
New York,32.5,2025-09-29 10:59:22.259217
Paris,30.0,2026-03-02 10:59:22.259219
London,14.7,2026-05-01 10:59:22.259221
Paris,10.1,2025-09-01 10:59:22.259223
Tokyo,32.1,2026-04-19 10:59:22.259224
Sydney,16.6,2026-05-05 10:59:22.259226
Sydney,26.2,2026-05-14 10:59:22.259228
Paris,19.4,2026-01-31 10:59:22.259229
Paris,23.4,2026-05-27 10:59:22.259231
Paris,33.5,2026-02-19 10:59:22.259233
Paris,32.5,2025-09-03 10:59:22.259235
Sydney,14.4,2026-02-20 10:59:22.259236
Tokyo,16.1,2026-06-18 10:59:22.259238
New York,12.8,2026-03-29 10:59:22.259240
New York,11.3,2026-06-08 10:59:22.259242
New York,19.3,2025-09-26 10:59:22.259243
London,17.8,2025-07-04 10:59:22.259245
Paris,12.8,2025-08-30 10:59:22.259247
New York,16.6,2026-01-22 10:59:22.259249
Paris,21.0,2026-05-30 10:59:22.259250
New York,20.7,2026-04-19 10:59:22.259252
London,17.6,2026-01-07 10:59:22.259254
New York,27.2,2026-03-30 10:59:22.259255
Paris,14.3,2025-09-16 10:59:22.259257
New York,21.3,2025-10-20 10:59:22.259259
Paris,25.1,2026-02-14 10:59:22.259261
Tokyo,14.4,2026-04-11 10:59:22.259262
Paris,21.5,2025-08-22 10:59:22.259264
Paris,19.3,2026-01-28 10:59:22.259266
Sydney,27.9,2026-06-21 10:59:22.259268
Paris,15.4,2025-10-13 10:59:22.259269
Tokyo,28.2,2026-07-01 10:59:22.259271
New York,15.3,2025-10-13 10:59:22.259273
New York,13.3,2026-07-03 10:59:22.259275
London,22.0,2026-03-27 10:59:22.259276
Paris,34.6,2026-03-21 10:59:22.259278
Tokyo,12.0,2025-07-12 10:59:22.259280
London,21.5,2025-11-02 10:59:22.259281
Tokyo,32.8,2026-02-14 10:59:22.259283
Paris,14.1,2026-04-05 10:59:22.259285
London,24.5,2025-10-16 10:59:22.259286
New York,14.0,2025-07-30 10:59:22.259288
Tokyo,17.1,2025-12-20 10:59:22.259290
Sydney,18.2,2025-11-28 10:59:22.259292
Tokyo,25.9,2026-03-11 10:59:22.259294
Sydney,29.8,2025-09-09 10:59:22.259295
Paris,32.2,2026-05-18 10:59:22.259297
Paris,14.8,2026-05-26 10:59:22.259299
London,15.1,2025-12-30 10:59:22.259300
Tokyo,10.4,2025-10-04 10:59:22.259302
New York,14.6,2025-12-15 10:59:22.259304
Paris,26.0,2026-01-25 10:59:22.259305
Tokyo,33.0,2025-08-18 10:59:22.259307
Tokyo,32.8,2025-07-13 10:59:22.259309
London,28.1,2026-04-25 10:59:22.259311
Paris,30.6,2026-06-16 10:59:22.259312
London,28.6,2026-06-27 10:59:22.259314
Paris,24.9,2026-06-30 10:59:22.259316
Sydney,18.8,2026-04-13 10:59:22.259317
London,14.9,2025-11-10 10:59:22.259319
New York,26.5,2026-06-06 10:59:22.259321
Sydney,25.4,2025-12-25 10:59:22.259322
Tokyo,26.1,2025-10-27 10:59:22.259324
London,30.5,2026-07-03 10:59:22.259326
Paris,33.6,2026-01-12 10:59:22.259327
Sydney,33.9,2026-01-30 10:59:22.259329
Paris,20.4,2026-06-14 10:59:22.259331
Paris,34.6,2025-08-27 10:59:22.259332
London,15.8,2025-11-11 10:59:22.259334
London,33.7,2026-04-20 10:59:22.259336
New York,26.7,2025-11-20 10:59:22.259338
Tokyo,34.4,2025-08-14 10:59:22.259339
Tokyo,20.7,2026-01-27 10:59:22.259341
London,28.3,2026-06-07 10:59:22.259343
Tokyo,28.1,2026-01-04 10:59:22.259345
Sydney,27.7,2026-02-26 10:59:22.259346
Tokyo,26.0,2026-02-13 10:59:22.259348
Paris,12.2,2026-01-28 10:59:22.259350
Tokyo,17.3,2026-04-21 10:59:22.259351
Tokyo,20.5,2025-12-11 10:59:22.259353
Tokyo,20.2,2026-03-21 10:59:22.259355
New York,35.0,2025-09-24 10:59:22.259356
London,19.4,2025-10-28 10:59:22.259358
Sydney,16.3,2026-06-09 10:59:22.259360
Sydney,22.8,2025-08-26 10:59:22.259361
Tokyo,27.8,2026-04-09 10:59:22.259363
Paris,28.8,2025-11-06 10:59:22.259365
Paris,12.7,2025-07-11 10:59:22.259366
Sydney,12.4,2026-04-02 10:59:22.259368
London,32.7,2025-08-13 10:59:22.259370
London,25.6,2026-05-17 10:59:22.259372
Sydney,25.7,2026-04-10 10:59:22.259373
New York,15.0,2025-12-30 10:59:22.259375
Sydney,33.4,2025-09-23 10:59:22.259377
Paris,22.8,2026-04-28 10:59:22.259378
New York,27.2,2026-04-29 10:59:22.259380
Tokyo,20.2,2026-02-06 10:59:22.259382
London,29.0,2026-03-08 10:59:22.259383
London,16.7,2026-06-22 10:59:22.259385
London,10.5,2026-01-03 10:59:22.259387
London,27.3,2026-06-08 10:59:22.259389
Sydney,11.7,2025-09-17 10:59:22.259390
Sydney,12.1,2026-04-22 10:59:22.259392
Tokyo,22.5,2026-02-06 10:59:22.259394
London,10.2,2025-09-03 10:59:22.259395
London,33.9,2025-11-22 10:59:22.259397
Sydney,18.0,2026-03-10 10:59:22.259399
London,25.8,2026-03-23 10:59:22.259400
Sydney,24.7,2026-05-13 10:59:22.259412
London,29.9,2026-02-23 10:59:22.259414
Sydney,31.8,2025-08-22 10:59:22.259416
Paris,25.5,2025-09-28 10:59:22.259418
New York,33.4,2026-01-27 10:59:22.259419
Paris,11.1,2025-10-16 10:59:22.259421
New York,26.9,2025-10-13 10:59:22.259423
New York,11.3,2025-11-17 10:59:22.259425
London,23.2,2026-04-11 10:59:22.259426
Sydney,27.0,2025-11-10 10:59:22.259428
Sydney,30.8,2026-02-06 10:59:22.259430
Paris,25.2,2025-08-22 10:59:22.259432
Tokyo,33.8,2026-02-13 10:59:22.259433
New York,10.0,2025-09-17 10:59:22.259436
New York,11.2,2026-02-16 10:59:22.259437
Tokyo,31.4,2025-08-31 10:59:22.259439
London,31.0,2026-03-22 10:59:22.259441
Paris,20.5,2025-12-27 10:59:22.259443
Paris,10.5,2025-12-26 10:59:22.259444
Sydney,22.9,2026-05-03 10:59:22.259446
Paris,17.1,2025-08-21 10:59:22.259448
Paris,10.3,2026-03-13 10:59:22.259449
New York,26.5,2026-03-11 10:59:22.259451
Tokyo,26.4,2025-09-04 10:59:22.259453
Tokyo,31.1,2025-09-25 10:59:22.259454
Tokyo,24.3,2025-12-12 10:59:22.259456
London,19.7,2026-04-25 10:59:22.259458
Tokyo,21.6,2026-06-09 10:59:22.259460
Sydney,12.2,2025-07-18 10:59:22.259461
Sydney,32.8,2025-08-05 10:59:22.259463
London,25.8,2025-12-24 10:59:22.259465
London,25.7,2026-01-12 10:59:22.259466
Tokyo,32.8,2026-05-04 10:59:22.259468
Sydney,24.6,2026-02-26 10:59:22.259470
Sydney,17.3,2026-04-29 10:59:22.259471
Sydney,19.3,2025-09-04 10:59:22.259473
Paris,23.4,2026-04-06 10:59:22.259475
Sydney,15.8,2025-10-22 10:59:22.259476
Tokyo,31.1,2025-12-09 10:59:22.259478
Sydney,28.7,2026-06-03 10:59:22.259480
Paris,32.1,2025-12-05 10:59:22.259482
London,15.6,2025-11-22 10:59:22.259483
New York,24.7,2025-09-21 10:59:22.259485
Tokyo,28.7,2026-05-11 10:59:22.259487
New York,32.8,2026-02-24 10:59:22.259489
Sydney,33.3,2026-06-09 10:59:22.259491
New York,27.5,2026-02-12 10:59:22.259492
Paris,29.0,2025-12-19 10:59:22.259494
London,25.2,2025-11-02 10:59:22.259496
Paris,32.7,2025-07-08 10:59:22.259497
New York,13.7,2025-12-04 10:59:22.259499
Tokyo,10.4,2025-07-26 10:59:22.259501
London,20.0,2026-05-27 10:59:22.259503
Sydney,14.7,2026-03-27 10:59:22.259504
New York,12.6,2025-07-22 10:59:22.259506
Sydney,32.5,2025-11-20 10:59:22.259508
London,19.2,2025-11-07 10:59:22.259509
Tokyo,18.4,2026-04-11 10:59:22.259511
Tokyo,10.4,2025-09-19 10:59:22.259513
Paris,13.9,2025-10-21 10:59:22.259515
Sydney,30.3,2025-08-12 10:59:22.259516
Sydney,16.0,2026-04-19 10:59:22.259518
London,23.6,2026-06-22 10:59:22.259520
Tokyo,15.8,2026-04-12 10:59:22.259521
Tokyo,27.9,2026-01-07 10:59:22.259523
Sydney,22.2,2026-03-04 10:59:22.259525
Paris,26.1,2026-06-15 10:59:22.259527
Tokyo,17.9,2026-01-27 10:59:22.259528
New York,13.2,2026-01-29 10:59:22.259530
Paris,27.0,2026-01-19 10:59:22.259532
New York,19.3,2025-08-21 10:59:22.259533
London,18.3,2025-08-30 10:59:22.259535
Paris,33.5,2025-08-23 10:59:22.259537
New York,22.5,2025-10-08 10:59:22.259539
Paris,31.9,2025-12-29 10:59:22.259540
New York,14.0,2026-02-22 10:59:22.259542
Paris,12.8,2026-01-02 10:59:22.259544
New York,17.2,2026-04-23 10:59:22.259546
Sydney,31.3,2026-05-05 10:59:22.259547
Sydney,13.0,2025-09-20 10:59:22.259549
Paris,31.0,2025-09-11 10:59:22.259551
Sydney,22.6,2026-02-19 10:59:22.259553
Tokyo,28.1,2025-11-05 10:59:22.259554
Tokyo,32.4,2026-05-30 10:59:22.259556
Sydney,29.3,2026-01-06 10:59:22.259558
New York,21.9,2025-10-17 10:59:22.259559
Paris,24.7,2025-08-06 10:59:22.259561
Sydney,31.7,2025-07-30 10:59:22.259563
New York,27.7,2026-04-24 10:59:22.259565
Sydney,31.8,2025-11-26 10:59:22.259566
Sydney,12.2,2026-04-01 10:59:22.259568
London,10.6,2026-01-28 10:59:22.259570
New York,14.5,2025-09-25 10:59:22.259572
New York,14.3,2026-06-24 10:59:22.259573
Sydney,10.8,2025-11-23 10:59:22.259575
Paris,11.7,2025-10-21 10:59:22.259577
New York,24.6,2026-04-10 10:59:22.259579
New York,28.2,2025-11-23 10:59:22.259580
Sydney,13.7,2026-02-22 10:59:22.259582
New York,17.7,2026-03-27 10:59:22.259584
Sydney,18.2,2026-05-30 10:59:22.259585
Tokyo,22.3,2026-04-12 10:59:22.259587
London,26.1,2026-03-21 10:59:22.259589
Tokyo,11.3,2025-08-30 10:59:22.259590
Sydney,18.8,2025-07-12 10:59:22.259592
Tokyo,18.6,2026-02-24 10:59:22.259594
Sydney,12.0,2025-10-16 10:59:22.259596
Sydney,21.5,2025-10-09 10:59:22.259597
London,15.9,2025-09-30 10:59:22.259599
New York,27.3,2025-11-26 10:59:22.259601
Paris,30.3,2026-02-20 10:59:22.259603
Sydney,29.1,2026-02-01 10:59:22.259604
Tokyo,31.3,2026-05-21 10:59:22.259606
Paris,29.1,2026-04-17 10:59:22.259608
London,30.8,2025-09-10 10:59:22.259609
Tokyo,24.7,2025-11-10 10:59:22.259611
Paris,23.1,2025-07-19 10:59:22.259613
Sydney,19.1,2026-03-01 10:59:22.259614
Paris,14.2,2026-04-30 10:59:22.259616
Tokyo,24.2,2026-02-12 10:59:22.259618
London,10.6,2026-03-16 10:59:22.259620
London,19.9,2026-07-02 10:59:22.259621
Sydney,31.7,2026-03-22 10:59:22.259623
Sydney,14.4,2026-01-28 10:59:22.259625
Tokyo,23.6,2026-01-15 10:59:22.259626
Sydney,28.6,2025-12-26 10:59:22.259628
New York,33.1,2025-11-28 10:59:22.259630
Sydney,25.9,2026-05-18 10:59:22.259632
London,21.3,2026-03-24 10:59:22.259634
Tokyo,27.7,2026-05-27 10:59:22.259635
London,16.2,2025-09-18 10:59:22.259637
New York,20.3,2026-05-03 10:59:22.259639
New York,20.3,2026-06-21 10:59:22.259641
Sydney,16.5,2025-12-19 10:59:22.259643
Tokyo,19.4,2025-09-20 10:59:22.259644
Sydney,10.8,2026-05-18 10:59:22.259646
Tokyo,26.3,2026-05-04 10:59:22.259648
Paris,34.2,2025-11-27 10:59:22.259649
Sydney,18.9,2026-04-16 10:59:22.259651
New York,21.8,2026-07-03 10:59:22.259653
London,22.9,2025-11-10 10:59:22.259655
New York,31.3,2025-10-24 10:59:22.259657
London,25.5,2026-04-13 10:59:22.259658
Paris,12.7,2025-07-21 10:59:22.259660
New York,17.9,2025-11-02 10:59:22.259662
London,11.2,2025-11-03 10:59:22.259664
London,22.4,2026-06-21 10:59:22.259665
Sydney,32.2,2025-09-18 10:59:22.259667
Paris,12.3,2026-01-19 10:59:22.259669
Sydney,25.1,2025-08-12 10:59:22.259670
London,21.9,2025-08-06 10:59:22.259672
Paris,23.0,2025-11-16 10:59:22.259674
London,21.7,2026-02-28 10:59:22.259676
Tokyo,28.5,2026-01-30 10:59:22.259677
Tokyo,32.0,2026-01-17 10:59:22.259679
New York,19.4,2025-07-30 10:59:22.259681
New York,24.1,2025-12-02 10:59:22.259682
Paris,24.3,2025-10-08 10:59:22.259684
New York,17.4,2026-05-28 10:59:22.259686
Paris,30.6,2025-11-20 10:59:22.259688
London,16.1,2026-06-13 10:59:22.259689
Paris,16.5,2025-10-16 10:59:22.259691
Paris,32.8,2025-12-19 10:59:22.259693
Tokyo,33.0,2025-08-28 10:59:22.259694
Paris,20.6,2025-11-27 10:59:22.259696
Sydney,27.4,2026-01-19 10:59:22.259698
Paris,13.6,2025-11-03 10:59:22.259700
New York,16.5,2025-08-07 10:59:22.259701
New York,13.9,2026-03-01 10:59:22.259703
Tokyo,18.4,2025-07-31 10:59:22.259705
Paris,26.8,2025-11-07 10:59:22.259707
Tokyo,15.5,2026-06-24 10:59:22.259708
New York,33.3,2026-02-27 10:59:22.259710
New York,12.0,2026-05-06 10:59:22.259712
Tokyo,22.1,2025-08-11 10:59:22.259714
Sydney,21.3,2025-08-26 10:59:22.259715
Paris,21.2,2026-01-04 10:59:22.259717
New York,28.8,2025-10-09 10:59:22.259719
London,16.1,2026-02-06 10:59:22.259721
New York,12.6,2025-08-23 10:59:22.259722
Sydney,19.2,2025-11-29 10:59:22.259724
Sydney,29.1,2026-02-27 10:59:22.259726
Tokyo,13.6,2025-10-10 10:59:22.259727
New York,17.6,2025-07-18 10:59:22.259729
London,29.1,2026-04-26 10:59:22.259731
New York,12.1,2025-11-02 10:59:22.259733
Paris,34.2,2026-01-29 10:59:22.259734
Sydney,23.5,2026-02-09 10:59:22.259736
Tokyo,18.6,2026-04-01 10:59:22.259738
Tokyo,16.5,2025-11-02 10:59:22.259739
Tokyo,31.1,2026-01-22 10:59:22.259741
London,23.7,2026-01-22 10:59:22.259743
New York,22.3,2026-03-21 10:59:22.259745
New York,16.3,2025-09-22 10:59:22.259746
Paris,30.8,2025-12-12 10:59:22.259748
London,11.1,2025-07-21 10:59:22.259750
London,26.6,2026-01-04 10:59:22.259752
Tokyo,21.1,2026-04-06 10:59:22.259753
London,24.7,2026-06-01 10:59:22.259755
London,28.3,2026-03-24 10:59:22.259757
Sydney,26.8,2025-10-24 10:59:22.259758
New York,30.4,2025-11-19 10:59:22.259760
Tokyo,14.5,2025-09-24 10:59:22.259762
Paris,14.0,2026-05-08 10:59:22.259763
Sydney,26.2,2026-01-12 10:59:22.259771
London,10.0,2025-08-23 10:59:22.259773
Paris,28.0,2026-06-09 10:59:22.259775
Paris,13.5,2026-03-26 10:59:22.259777
Paris,33.4,2025-07-08 10:59:22.259778
Sydney,31.0,2026-07-01 10:59:22.259780
London,30.6,2025-11-22 10:59:22.259782
New York,27.2,2026-01-05 10:59:22.259784
Paris,16.5,2025-07-12 10:59:22.259786
Tokyo,17.7,2025-08-06 10:59:22.259787
Tokyo,10.6,2026-05-23 10:59:22.259789
Tokyo,15.1,2026-03-05 10:59:22.259791
New York,14.8,2026-03-02 10:59:22.259792
New York,24.0,2026-04-05 10:59:22.259794
Tokyo,32.6,2025-10-15 10:59:22.259796
London,31.4,2025-08-25 10:59:22.259798
Paris,31.2,2026-05-20 10:59:22.259800
London,29.0,2026-03-02 10:59:22.259801
Sydney,32.3,2025-12-13 10:59:22.259803
Tokyo,23.0,2025-10-31 10:59:22.259805
Paris,12.6,2026-05-18 10:59:22.259806
Tokyo,32.2,2026-01-20 10:59:22.259808
New York,15.9,2026-03-10 10:59:22.259810
New York,34.6,2025-12-05 10:59:22.259812
Tokyo,15.5,2025-09-13 10:59:22.259813
Sydney,26.4,2025-12-02 10:59:22.259815
Paris,31.5,2025-09-26 10:59:22.259817
New York,10.4,2026-01-27 10:59:22.259819
Tokyo,22.6,2025-08-03 10:59:22.259820
London,31.5,2026-05-11 10:59:22.259822
London,23.6,2026-06-20 10:59:22.259824
New York,31.7,2026-03-15 10:59:22.259826
New York,19.4,2025-12-08 10:59:22.259827
New York,20.8,2026-01-19 10:59:22.259829
London,22.0,2025-09-02 10:59:22.259831
Paris,24.8,2026-04-30 10:59:22.259832
Sydney,29.3,2025-12-21 10:59:22.259834
Tokyo,22.2,2026-04-12 10:59:22.259836
London,14.1,2026-03-30 10:59:22.259838
New York,17.5,2025-09-12 10:59:22.259839
Tokyo,16.2,2026-05-01 10:59:22.259841
New York,20.6,2026-04-16 10:59:22.259843
London,28.4,2025-11-12 10:59:22.259845
New York,10.9,2025-07-27 10:59:22.259846
Sydney,10.0,2025-11-09 10:59:22.259848
Paris,28.1,2025-12-08 10:59:22.259850
Sydney,30.6,2026-06-17 10:59:22.259852
New York,31.0,2025-08-24 10:59:22.259853
Tokyo,35.0,2025-12-01 10:59:22.259855
Sydney,14.9,2025-08-04 10:59:22.259857
Paris,23.2,2026-01-04 10:59:22.259858
Sydney,29.1,2026-04-28 10:59:22.259860
Tokyo,26.6,2025-07-12 10:59:22.259862
London,32.9,2026-03-12 10:59:22.259864
London,32.0,2026-05-15 10:59:22.259865
London,31.2,2026-01-10 10:59:22.259867
London,17.9,2026-02-07 10:59:22.259869
Paris,18.0,2026-05-27 10:59:22.259870
New York,28.0,2025-08-18 10:59:22.259872
Paris,33.4,2025-12-15 10:59:22.259874
New York,20.6,2025-09-05 10:59:22.259876
London,17.6,2026-05-31 10:59:22.259878
New York,29.0,2026-03-20 10:59:22.259879
Tokyo,18.2,2025-11-08 10:59:22.259881
New York,12.1,2026-06-08 10:59:22.259883
New York,11.5,2026-01-04 10:59:22.259885
Tokyo,30.3,2025-09-11 10:59:22.259886
Paris,20.8,2025-10-05 10:59:22.259888
Paris,10.2,2026-04-08 10:59:22.259890
London,14.0,2026-03-23 10:59:22.259892
New York,30.4,2026-02-27 10:59:22.259893
London,34.8,2026-05-03 10:59:22.259895
New York,28.2,2026-04-21 10:59:22.259897
Sydney,28.8,2025-11-03 10:59:22.259898
Paris,19.8,2025-07-20 10:59:22.259900
Sydney,33.8,2026-05-19 10:59:22.259902
Paris,16.1,2026-03-02 10:59:22.259904
Sydney,28.1,2026-05-03 10:59:22.259906
London,25.0,2026-04-29 10:59:22.259907
Tokyo,19.4,2026-03-24 10:59:22.259909
Paris,23.8,2026-04-06 10:59:22.259910
Paris,19.5,2025-08-17 10:59:22.259912
Sydney,20.5,2026-01-09 10:59:22.259914
London,19.6,2025-08-17 10:59:22.259916
Paris,18.8,2026-06-09 10:59:22.259917
London,12.0,2026-03-16 10:59:22.259919
New York,19.9,2026-01-20 10:59:22.259921
Tokyo,10.9,2026-05-23 10:59:22.259922
London,19.0,2025-12-13 10:59:22.259924
Paris,16.6,2025-12-30 10:59:22.259926
New York,15.4,2026-03-18 10:59:22.259927
Paris,22.4,2026-03-17 10:59:22.259929
Sydney,33.6,2025-09-14 10:59:22.259931
Sydney,24.7,2025-08-28 10:59:22.259932
Tokyo,19.0,2026-06-01 10:59:22.259934
Sydney,23.0,2026-06-25 10:59:22.259936
New York,18.0,2026-02-25 10:59:22.259938
Tokyo,15.1,2025-10-31 10:59:22.259939
Paris,25.2,2025-08-20 10:59:22.259941
New York,16.6,2026-02-08 10:59:22.259943
London,18.7,2026-01-28 10:59:22.259945
Paris,21.3,2026-06-11 10:59:22.259946
Sydney,28.0,2026-06-09 10:59:22.259948
Paris,13.0,2025-07-12 10:59:22.259950
London,16.0,2026-05-28 10:59:22.259952
Paris,17.9,2026-03-18 10:59:22.259953
London,16.4,2026-04-05 10:59:22.259955
London,34.0,2025-08-24 10:59:22.259957
London,11.1,2025-10-19 10:59:22.259958
Tokyo,29.1,2025-09-05 10:59:22.259960
London,13.3,2026-04-26 10:59:22.259962
Tokyo,23.9,2026-03-10 10:59:22.259964
Paris,13.1,2026-01-09 10:59:22.259965
Paris,30.7,2026-06-19 10:59:22.259967
Tokyo,27.5,2026-07-02 10:59:22.259969
Paris,28.4,2025-08-12 10:59:22.259971
New York,15.9,2026-02-01 10:59:22.259972
Tokyo,21.5,2025-11-28 10:59:22.259974
Tokyo,23.8,2025-07-27 10:59:22.259976
Tokyo,19.3,2025-10-04 10:59:22.259978
Sydney,14.9,2025-12-31 10:59:22.259979
Paris,15.4,2026-01-29 10:59:22.259981
New York,29.4,2025-10-01 10:59:22.259983
Tokyo,25.2,2025-08-07 10:59:22.259984
New York,14.0,2026-03-19 10:59:22.259986
New York,10.1,2025-10-20 10:59:22.259988
Sydney,34.7,2025-11-09 10:59:22.259990
Paris,23.2,2026-01-03 10:59:22.259991
London,23.7,2025-10-06 10:59:22.259993
Sydney,26.0,2026-04-08 10:59:22.259995
Tokyo,10.1,2026-05-26 10:59:22.259997
Sydney,12.4,2026-01-28 10:59:22.259998
Tokyo,24.8,2025-10-04 10:59:22.260000
London,30.9,2026-03-11 10:59:22.260002
Sydney,14.8,2025-12-22 10:59:22.260003
Sydney,18.7,2026-02-15 10:59:22.260005
Sydney,34.1,2025-09-12 10:59:22.260007
Tokyo,23.1,2025-10-16 10:59:22.260008
Tokyo,15.7,2025-10-02 10:59:22.260010
London,11.0,2025-07-19 10:59:22.260012
Tokyo,17.8,2025-11-11 10:59:22.260013
Sydney,28.8,2025-12-15 10:59:22.260015
New York,17.4,2026-06-09 10:59:22.260017
Tokyo,29.8,2026-02-08 10:59:22.260019
London,22.1,2026-01-30 10:59:22.260020
New York,34.7,2025-10-31 10:59:22.260022
New York,32.8,2025-07-16 10:59:22.260024
London,17.9,2025-09-23 10:59:22.260025
New York,10.1,2026-02-27 10:59:22.260027
Sydney,20.0,2025-10-09 10:59:22.260029
New York,24.9,2025-11-06 10:59:22.260031
Sydney,17.3,2026-06-27 10:59:22.260032
Paris,11.4,2026-04-10 10:59:22.260034
Sydney,22.5,2026-06-26 10:59:22.260036
Tokyo,33.8,2026-05-29 10:59:22.260038
New York,21.9,2025-10-11 10:59:22.260039
Tokyo,18.5,2026-02-16 10:59:22.260041
Paris,26.2,2025-12-06 10:59:22.260043
London,25.3,2025-07-21 10:59:22.260045
New York,17.6,2026-03-28 10:59:22.260047
New York,24.2,2026-01-16 10:59:22.260048
New York,14.1,2026-01-17 10:59:22.260050
Paris,19.9,2026-01-27 10:59:22.260052
Paris,26.7,2026-01-14 10:59:22.260053
London,22.2,2026-02-25 10:59:22.260055
Tokyo,34.5,2025-11-27 10:59:22.260057
London,10.7,2025-09-02 10:59:22.260059
Paris,23.5,2025-10-07 10:59:22.260060
New York,14.9,2025-09-27 10:59:22.260062
Tokyo,14.5,2026-03-13 10:59:22.260064
New York,22.8,2026-02-24 10:59:22.260066
Paris,32.8,2025-09-21 10:59:22.260067
Paris,29.8,2025-07-08 10:59:22.260069
London,31.5,2025-10-17 10:59:22.260071
New York,17.1,2026-05-15 10:59:22.260073
London,34.6,2025-11-09 10:59:22.260074
Paris,30.2,2025-12-09 10:59:22.260076
New York,15.0,2026-01-13 10:59:22.260078
New York,21.2,2026-06-21 10:59:22.260079
Paris,26.6,2025-08-18 10:59:22.260081
London,28.4,2025-10-08 10:59:22.260083
Paris,24.9,2026-01-27 10:59:22.260084
London,29.4,2025-07-17 10:59:22.260087
Sydney,10.5,2025-12-27 10:59:22.260088
Tokyo,17.1,2026-01-27 10:59:22.260090
Sydney,17.4,2026-05-24 10:59:22.260092
Tokyo,16.7,2026-03-06 10:59:22.260093
Sydney,13.8,2026-03-03 10:59:22.260095
Tokyo,32.8,2025-07-15 10:59:22.260097
